scope,column,dtype,missing,values,unit,description,group,source
topographic,gauge_id,int64,—,"1,001 … 1.07e+05  (whole numbers)",-,catchment identifier (corresponds to the gauging station ID provided by the NRFA),Location and Topography,UK National River Flow Archive using the NRFA API*
topographic,gauge_name,str,—,Ugie at Inverugie  ·  Ythan at Ellon  ·  Wick at Tarroul  ·  Medina at Shide  ·  Eastern Yar at Budbridge   (+666 more),-,gauge name (river name followed by gauging station name),Location and Topography,UK National River Flow Archive using the NRFA API*
topographic,gauge_lat,float64,—,50.16 … 59.11,°,gauge latitude,Location and Topography,UK National River Flow Archive using the NRFA API*
topographic,gauge_lon,float64,—,-6.42 … 1.46,°,gauge longitude,Location and Topography,UK National River Flow Archive using the NRFA API*
topographic,gauge_easting,int64,—,1.402e+05 … 6.36e+05  (whole numbers),m,gauge easting,Location and Topography,UK National River Flow Archive using the NRFA API*
topographic,gauge_northing,int64,—,3.417e+04 … 1.025e+06  (whole numbers),m,gauge northing,Location and Topography,UK National River Flow Archive using the NRFA API*
topographic,gauge_elev,float64,—,1.5 … 533,m.a.s.l,gauge elevation,Location and Topography,UK National River Flow Archive using the NRFA API*
topographic,area,float64,—,"1.63 … 9,931",km2,catchment area,Location and Topography,"CEH's Integrated Hydrological Digital Terrain Model (Morris and Flavin, 1990)"
topographic,dpsbar,float64,—,12.3 … 487.9,m km-1,catchment mean drainage path slope,Location and Topography,"CEH's Integrated Hydrological Digital Terrain Model (Morris and Flavin, 1990)"
topographic,elev_mean,int64,—,25 … 682  (whole numbers),m.a.s.l,catchment mean elevation,Location and Topography,"CEH's Integrated Hydrological Digital Terrain Model (Morris and Flavin, 1990)"
topographic,elev_min,float64,—,-1.3 … 535.1,m.a.s.l,catchment minimum elevation,Location and Topography,"CEH's Integrated Hydrological Digital Terrain Model (Morris and Flavin, 1990)"
topographic,elev_10,float64,—,6.1 … 573.9,m.a.s.l,catchment 10th percentile elevation,Location and Topography,"CEH's Integrated Hydrological Digital Terrain Model (Morris and Flavin, 1990)"
topographic,elev_50,float64,—,20 … 680.4,m.a.s.l,catchment median elevation,Location and Topography,"CEH's Integrated Hydrological Digital Terrain Model (Morris and Flavin, 1990)"
topographic,elev_90,float64,—,46.5 … 942.7,m.a.s.l,catchment 90th percentile elevation,Location and Topography,"CEH's Integrated Hydrological Digital Terrain Model (Morris and Flavin, 1990)"
topographic,elev_max,float64,—,"61 … 1,343",m.a.s.l,catchment maximum elevation,Location and Topography,"CEH's Integrated Hydrological Digital Terrain Model (Morris and Flavin, 1990)"
climatic,gauge_id,int64,—,"1,001 … 1.07e+05  (whole numbers)",-,catchment identifier (corresponds to the gauging station ID provided by the NRFA),Key,UK National River Flow Archive using the NRFA API*
climatic,p_mean,float64,—,1.51 … 9.76,mm day-1,mean daily precipitation,Climatic Indices (computed for 1st Oct 1970 to 30th Sept 2022),"Catchment timeseries of precipitation, potential evapotranspiration and temperature described in Table 2"
climatic,pet_mean,float64,—,0.95 … 1.84,mm day-1,mean daily PET (Penman-Monteith equation without interception correction),Climatic Indices (computed for 1st Oct 1970 to 30th Sept 2022),"Catchment timeseries of precipitation, potential evapotranspiration and temperature described in Table 2"
climatic,aridity,float64,—,0.12 … 1.22,-,"aridity, calculated as the ratio of mean daily potential evapotranspiration to mean daily precipitation",Climatic Indices (computed for 1st Oct 1970 to 30th Sept 2022),"Catchment timeseries of precipitation, potential evapotranspiration and temperature described in Table 2"
climatic,p_seasonality,float64,—,-0.4 … 0.13,-,seasonality and timing of precipitation (estimated using sine curves to represent the annual temperature and precipitation cycles; positive (negative) values indicate that precipitation peaks in summer (winter) and values close to zero indicate uniform precipitation throughout the year),Climatic Indices (computed for 1st Oct 1970 to 30th Sept 2022),"Catchment timeseries of precipitation, potential evapotranspiration and temperature described in Table 2"
climatic,frac_snow,float64,—,0 … 0.21,-,fraction of precipitation falling as snow (for days colder than 0°C),Climatic Indices (computed for 1st Oct 1970 to 30th Sept 2022),"Catchment timeseries of precipitation, potential evapotranspiration and temperature described in Table 2"
climatic,high_prec_freq,float64,—,7.94 … 20.67,days yr-1,frequency of high precipitation days (≥ 5 times mean daily precipitation),Climatic Indices (computed for 1st Oct 1970 to 30th Sept 2022),"Catchment timeseries of precipitation, potential evapotranspiration and temperature described in Table 2"
climatic,high_prec_dur,float64,—,1.05 … 1.24,days,average duration of high precipitation events (number of consecutive days ≥ 5 times mean daily precipitation),Climatic Indices (computed for 1st Oct 1970 to 30th Sept 2022),"Catchment timeseries of precipitation, potential evapotranspiration and temperature described in Table 2"
climatic,high_prec_timing,str,10  (1.5%),son  ·  djf  ·  jja,season,"season during which most high precipitation days (≥ 5 times mean daily precipitation) occur. If two seasons register the same number of events, a value of NaN is given.",Climatic Indices (computed for 1st Oct 1970 to 30th Sept 2022),"Catchment timeseries of precipitation, potential evapotranspiration and temperature described in Table 2"
climatic,low_prec_freq,float64,—,127.6 … 259.6,days yr-1,frequency of dry days (< 1mm day-1),Climatic Indices (computed for 1st Oct 1970 to 30th Sept 2022),"Catchment timeseries of precipitation, potential evapotranspiration and temperature described in Table 2"
climatic,low_prec_dur,float64,—,2.65 … 4.64,days,average duration of dry periods (number of consecutive days < 1mm day-1),Climatic Indices (computed for 1st Oct 1970 to 30th Sept 2022),"Catchment timeseries of precipitation, potential evapotranspiration and temperature described in Table 2"
climatic,low_prec_timing,str,—,jja  ·  mam,season,"season during which most dry days (< 1mm day-1) occur. If two seasons register the same number of events, a value of NaN is given.",Climatic Indices (computed for 1st Oct 1970 to 30th Sept 2022),"Catchment timeseries of precipitation, potential evapotranspiration and temperature described in Table 2"
hydrologic,gauge_id,int64,—,"1,001 … 1.07e+05  (whole numbers)",-,catchment identifier (corresponds to the gauging station ID provided by the NRFA),Key,UK National River Flow Archive using the NRFA API*
hydrologic,q_mean,float64,—,0.09 … 10.32,mm day-1,mean daily discharge,Hydrologic Signatures (computed for 1st Oct 1970 to 30th Sept 2022),Catchment timeseries of streamflow and precipitation described in Table 2
hydrologic,runoff_ratio,float64,—,0.03 … 3.01,-,"runoff ratio, calculated as the ratio of mean daily discharge to mean daily precipitation",Hydrologic Signatures (computed for 1st Oct 1970 to 30th Sept 2022),Catchment timeseries of streamflow and precipitation described in Table 2
hydrologic,stream_elas,float64,—,-0.27 … 3.43,-,"streamflow precipitation elasticity (sensitivity of streamflow to changes in precipitation at the annual timescale, using the mean daily discharge as reference)",Hydrologic Signatures (computed for 1st Oct 1970 to 30th Sept 2022),Catchment timeseries of streamflow and precipitation described in Table 2
hydrologic,slope_fdc,float64,3  (0.4%),0.61 … 6.3,-,slope of the flow duration curve (between the log-transformed 33rd and 66th streamflow percentiles),Hydrologic Signatures (computed for 1st Oct 1970 to 30th Sept 2022),Catchment timeseries of streamflow and precipitation described in Table 2
hydrologic,baseflow_index,float64,—,0.23 … 0.92,-,"baseflow index (ratio of mean daily baseflow to daily discharge, hydrograph separation performed using the Ladson et al., 2013 digital filter)",Hydrologic Signatures (computed for 1st Oct 1970 to 30th Sept 2022),Catchment timeseries of streamflow and precipitation described in Table 2
hydrologic,baseflow_index_ceh,float64,—,0.12 … 0.98,-,"baseflow index (ratio of mean daily baseflow to daily discharge, hydrograph separation performed using the Gustard et al., 1992 method)",Hydrologic Signatures (computed for 1st Oct 1970 to 30th Sept 2022),Catchment timeseries of streamflow and precipitation described in Table 2
hydrologic,hfd_mean,float64,—,103.9 … 195.3,days since 1st October,mean half-flow date (date on which the cumulative discharge since 1 October reaches half of the annual discharge),Hydrologic Signatures (computed for 1st Oct 1970 to 30th Sept 2022),Catchment timeseries of streamflow and precipitation described in Table 2
hydrologic,Q5,float64,—,0 … 3.75,mm day-1,5% flow quantile (low flow),Hydrologic Signatures (computed for 1st Oct 1970 to 30th Sept 2022),Catchment timeseries of streamflow and precipitation described in Table 2
hydrologic,Q95,float64,—,0.35 … 40.03,mm day-1,95% flow quantile (high flow),Hydrologic Signatures (computed for 1st Oct 1970 to 30th Sept 2022),Catchment timeseries of streamflow and precipitation described in Table 2
hydrologic,high_q_freq,float64,—,0 … 170.1,days yr-1,frequency of high-flow days (> 9 times the median daily flow),Hydrologic Signatures (computed for 1st Oct 1970 to 30th Sept 2022),Catchment timeseries of streamflow and precipitation described in Table 2
hydrologic,high_q_dur,float64,—,0 … 142.2,days,average duration of high flow events (number of consecutive days >9 times the median daily flow),Hydrologic Signatures (computed for 1st Oct 1970 to 30th Sept 2022),Catchment timeseries of streamflow and precipitation described in Table 2
hydrologic,low_q_freq,float64,—,0 … 220.8,days yr-1,frequency of low flow days (< 0.2 times the mean daily flow),Hydrologic Signatures (computed for 1st Oct 1970 to 30th Sept 2022),Catchment timeseries of streamflow and precipitation described in Table 2
hydrologic,low_q_dur,float64,—,0 … 206.7,days,average duration of low flow events (number of consecutive days < 0.2 times the mean daily flow),Hydrologic Signatures (computed for 1st Oct 1970 to 30th Sept 2022),Catchment timeseries of streamflow and precipitation described in Table 2
hydrologic,zero_q_freq,float64,—,0 … 0.53,%,frequency of days with Q = 0,Hydrologic Signatures (computed for 1st Oct 1970 to 30th Sept 2022),Catchment timeseries of streamflow and precipitation described in Table 2
hydrogeology,gauge_id,int64,—,"1,001 … 1.07e+05  (whole numbers)",-,catchment identifier (corresponds to the gauging station ID provided by the NRFA),Key,UK National River Flow Archive using the NRFA API*
hydrogeology,inter_high_perc,float64,—,0 … 94.3,%,significant intergranular flow - high productivity,Hydrogeology Attributes,"British Geological Survey hydrogeology map (BGS hydrogeology 625k, 2019) and superficial deposits map"
hydrogeology,inter_mod_perc,float64,—,0 … 92.64,%,significant intergranular flow - moderate productivity,Hydrogeology Attributes,"British Geological Survey hydrogeology map (BGS hydrogeology 625k, 2019) and superficial deposits map"
hydrogeology,inter_low_perc,float64,—,0 … 35.11,%,significant intergranular flow - low productivity,Hydrogeology Attributes,"British Geological Survey hydrogeology map (BGS hydrogeology 625k, 2019) and superficial deposits map"
hydrogeology,frac_high_perc,float64,—,0 … 97.82,%,flow through fractures - high productivity,Hydrogeology Attributes,"British Geological Survey hydrogeology map (BGS hydrogeology 625k, 2019) and superficial deposits map"
hydrogeology,frac_mod_perc,float64,—,0 … 92.89,%,flow through fractures - moderate productivity,Hydrogeology Attributes,"British Geological Survey hydrogeology map (BGS hydrogeology 625k, 2019) and superficial deposits map"
hydrogeology,frac_low_perc,float64,—,0 … 97.73,%,flow through fractures - low productivity,Hydrogeology Attributes,"British Geological Survey hydrogeology map (BGS hydrogeology 625k, 2019) and superficial deposits map"
hydrogeology,no_gw_perc,float64,—,0 … 100,%,rocks with essentially no groundwater,Hydrogeology Attributes,"British Geological Survey hydrogeology map (BGS hydrogeology 625k, 2019) and superficial deposits map"
hydrogeology,low_nsig_perc,float64,—,0 … 18.81,%,generally low productivity (intergranular flow) but some not significant aquifer,Hydrogeology Attributes,"British Geological Survey hydrogeology map (BGS hydrogeology 625k, 2019) and superficial deposits map"
hydrogeology,nsig_low_perc,float64,—,0 … 11.65,%,generally not significant aquifer but some low productivity (intergranular flow),Hydrogeology Attributes,"British Geological Survey hydrogeology map (BGS hydrogeology 625k, 2019) and superficial deposits map"
landcover,gauge_id,int64,—,"1,001 … 1.07e+05  (whole numbers)",-,catchment identifier (corresponds to the gauging station ID provided by the NRFA),Key,UK National River Flow Archive using the NRFA API*
landcover,dwood_perc_1990,float64,—,0 … 37.65,%,percentage cover of deciduous woodland for 1990,Land Cover Attributes,"25 m raster data, Land Cover Map 1990, 2015, 2017, 2018, 2019, 2020, 2021, 2022 (Marston et al., 2022, 2024; Morton et al., 2020a, b, c, 2021; Rowland et al., 2017, 2020)"
landcover,ewood_perc_1990,float64,—,0 … 93.56,%,percentage cover of evergreen woodland for 1990,Land Cover Attributes,"25 m raster data, Land Cover Map 1990, 2015, 2017, 2018, 2019, 2020, 2021, 2022 (Marston et al., 2022, 2024; Morton et al., 2020a, b, c, 2021; Rowland et al., 2017, 2020)"
landcover,grass_perc_1990,float64,—,0.1 … 99.27,%,percentage cover of grass and pasture for 1990,Land Cover Attributes,"25 m raster data, Land Cover Map 1990, 2015, 2017, 2018, 2019, 2020, 2021, 2022 (Marston et al., 2022, 2024; Morton et al., 2020a, b, c, 2021; Rowland et al., 2017, 2020)"
landcover,shrub_perc_1990,float64,—,0 … 99.9,%,percentage cover of medium scale vegetation (shrubs) for 1990,Land Cover Attributes,"25 m raster data, Land Cover Map 1990, 2015, 2017, 2018, 2019, 2020, 2021, 2022 (Marston et al., 2022, 2024; Morton et al., 2020a, b, c, 2021; Rowland et al., 2017, 2020)"
landcover,crop_perc_1990,float64,—,0 … 89.55,%,percentage cover of crops for 1990,Land Cover Attributes,"25 m raster data, Land Cover Map 1990, 2015, 2017, 2018, 2019, 2020, 2021, 2022 (Marston et al., 2022, 2024; Morton et al., 2020a, b, c, 2021; Rowland et al., 2017, 2020)"
landcover,urban_perc_1990,float64,—,0 … 74.73,%,percentage cover of suburban and urban for 1990,Land Cover Attributes,"25 m raster data, Land Cover Map 1990, 2015, 2017, 2018, 2019, 2020, 2021, 2022 (Marston et al., 2022, 2024; Morton et al., 2020a, b, c, 2021; Rowland et al., 2017, 2020)"
landcover,inwater_perc_1990,float64,—,0 … 9.91,%,percentage cover of inland water for 1990,Land Cover Attributes,"25 m raster data, Land Cover Map 1990, 2015, 2017, 2018, 2019, 2020, 2021, 2022 (Marston et al., 2022, 2024; Morton et al., 2020a, b, c, 2021; Rowland et al., 2017, 2020)"
landcover,bares_perc_1990,float64,—,0 … 18.66,%,percentage cover of bare soil and rocks for 1990,Land Cover Attributes,"25 m raster data, Land Cover Map 1990, 2015, 2017, 2018, 2019, 2020, 2021, 2022 (Marston et al., 2022, 2024; Morton et al., 2020a, b, c, 2021; Rowland et al., 2017, 2020)"
landcover,dwood_perc_2015,float64,—,0 … 37.75,%,percentage cover of deciduous woodland for 2015,Land Cover Attributes,"25 m raster data, Land Cover Map 1990, 2015, 2017, 2018, 2019, 2020, 2021, 2022 (Marston et al., 2022, 2024; Morton et al., 2020a, b, c, 2021; Rowland et al., 2017, 2020)"
landcover,ewood_perc_2015,float64,—,0 … 96.17,%,percentage cover of evergreen woodland for 2015,Land Cover Attributes,"25 m raster data, Land Cover Map 1990, 2015, 2017, 2018, 2019, 2020, 2021, 2022 (Marston et al., 2022, 2024; Morton et al., 2020a, b, c, 2021; Rowland et al., 2017, 2020)"
landcover,grass_perc_2015,float64,—,0.13 … 99.88,%,percentage cover of grass and pasture for 2015,Land Cover Attributes,"25 m raster data, Land Cover Map 1990, 2015, 2017, 2018, 2019, 2020, 2021, 2022 (Marston et al., 2022, 2024; Morton et al., 2020a, b, c, 2021; Rowland et al., 2017, 2020)"
landcover,shrub_perc_2015,float64,—,0 … 99.23,%,percentage cover of medium scale vegetation (shrubs) for 2015,Land Cover Attributes,"25 m raster data, Land Cover Map 1990, 2015, 2017, 2018, 2019, 2020, 2021, 2022 (Marston et al., 2022, 2024; Morton et al., 2020a, b, c, 2021; Rowland et al., 2017, 2020)"
landcover,crop_perc_2015,float64,—,0 … 89.94,%,percentage cover of crops for 2015,Land Cover Attributes,"25 m raster data, Land Cover Map 1990, 2015, 2017, 2018, 2019, 2020, 2021, 2022 (Marston et al., 2022, 2024; Morton et al., 2020a, b, c, 2021; Rowland et al., 2017, 2020)"
landcover,urban_perc_2015,float64,—,0 … 81.52,%,percentage cover of suburban and urban for 2015,Land Cover Attributes,"25 m raster data, Land Cover Map 1990, 2015, 2017, 2018, 2019, 2020, 2021, 2022 (Marston et al., 2022, 2024; Morton et al., 2020a, b, c, 2021; Rowland et al., 2017, 2020)"
landcover,inwater_perc_2015,float64,—,0 … 9.96,%,percentage cover of inland water for 2015,Land Cover Attributes,"25 m raster data, Land Cover Map 1990, 2015, 2017, 2018, 2019, 2020, 2021, 2022 (Marston et al., 2022, 2024; Morton et al., 2020a, b, c, 2021; Rowland et al., 2017, 2020)"
landcover,bares_perc_2015,float64,—,0 … 22.27,%,percentage cover of bare soil and rocks for 2015,Land Cover Attributes,"25 m raster data, Land Cover Map 1990, 2015, 2017, 2018, 2019, 2020, 2021, 2022 (Marston et al., 2022, 2024; Morton et al., 2020a, b, c, 2021; Rowland et al., 2017, 2020)"
landcover,dwood_perc_2017,float64,—,0 … 37.51,%,percentage cover of deciduous woodland for 2017,Land Cover Attributes,"25 m raster data, Land Cover Map 1990, 2015, 2017, 2018, 2019, 2020, 2021, 2022 (Marston et al., 2022, 2024; Morton et al., 2020a, b, c, 2021; Rowland et al., 2017, 2020)"
landcover,ewood_perc_2017,float64,—,0 … 95.86,%,percentage cover of evergreen woodland for 2017,Land Cover Attributes,"25 m raster data, Land Cover Map 1990, 2015, 2017, 2018, 2019, 2020, 2021, 2022 (Marston et al., 2022, 2024; Morton et al., 2020a, b, c, 2021; Rowland et al., 2017, 2020)"
landcover,grass_perc_2017,float64,—,0.41 … 100,%,percentage cover of grass and pasture for 2017,Land Cover Attributes,"25 m raster data, Land Cover Map 1990, 2015, 2017, 2018, 2019, 2020, 2021, 2022 (Marston et al., 2022, 2024; Morton et al., 2020a, b, c, 2021; Rowland et al., 2017, 2020)"
landcover,shrub_perc_2017,float64,—,0 … 99.28,%,percentage cover of medium scale vegetation (shrubs) for 2017,Land Cover Attributes,"25 m raster data, Land Cover Map 1990, 2015, 2017, 2018, 2019, 2020, 2021, 2022 (Marston et al., 2022, 2024; Morton et al., 2020a, b, c, 2021; Rowland et al., 2017, 2020)"
landcover,crop_perc_2017,float64,—,0 … 90.38,%,percentage cover of crops for 2017,Land Cover Attributes,"25 m raster data, Land Cover Map 1990, 2015, 2017, 2018, 2019, 2020, 2021, 2022 (Marston et al., 2022, 2024; Morton et al., 2020a, b, c, 2021; Rowland et al., 2017, 2020)"
landcover,urban_perc_2017,float64,—,0 … 79.89,%,percentage cover of suburban and urban for 2017,Land Cover Attributes,"25 m raster data, Land Cover Map 1990, 2015, 2017, 2018, 2019, 2020, 2021, 2022 (Marston et al., 2022, 2024; Morton et al., 2020a, b, c, 2021; Rowland et al., 2017, 2020)"
landcover,inwater_perc_2017,float64,—,0 … 9.9,%,percentage cover of inland water for 2017,Land Cover Attributes,"25 m raster data, Land Cover Map 1990, 2015, 2017, 2018, 2019, 2020, 2021, 2022 (Marston et al., 2022, 2024; Morton et al., 2020a, b, c, 2021; Rowland et al., 2017, 2020)"
landcover,bares_perc_2017,float64,—,0 … 30.43,%,percentage cover of bare soil and rocks for 2017,Land Cover Attributes,"25 m raster data, Land Cover Map 1990, 2015, 2017, 2018, 2019, 2020, 2021, 2022 (Marston et al., 2022, 2024; Morton et al., 2020a, b, c, 2021; Rowland et al., 2017, 2020)"
landcover,dwood_perc_2018,float64,—,0 … 36.29,%,percentage cover of deciduous woodland for 2018,Land Cover Attributes,"25 m raster data, Land Cover Map 1990, 2015, 2017, 2018, 2019, 2020, 2021, 2022 (Marston et al., 2022, 2024; Morton et al., 2020a, b, c, 2021; Rowland et al., 2017, 2020)"
landcover,ewood_perc_2018,float64,—,0 … 96.78,%,percentage cover of evergreen woodland for 2018,Land Cover Attributes,"25 m raster data, Land Cover Map 1990, 2015, 2017, 2018, 2019, 2020, 2021, 2022 (Marston et al., 2022, 2024; Morton et al., 2020a, b, c, 2021; Rowland et al., 2017, 2020)"
landcover,grass_perc_2018,float64,—,0.24 … 100,%,percentage cover of grass and pasture for 2018,Land Cover Attributes,"25 m raster data, Land Cover Map 1990, 2015, 2017, 2018, 2019, 2020, 2021, 2022 (Marston et al., 2022, 2024; Morton et al., 2020a, b, c, 2021; Rowland et al., 2017, 2020)"
landcover,shrub_perc_2018,float64,—,0 … 99.39,%,percentage cover of medium scale vegetation (shrubs) for 2018,Land Cover Attributes,"25 m raster data, Land Cover Map 1990, 2015, 2017, 2018, 2019, 2020, 2021, 2022 (Marston et al., 2022, 2024; Morton et al., 2020a, b, c, 2021; Rowland et al., 2017, 2020)"
landcover,crop_perc_2018,float64,—,0 … 90.06,%,percentage cover of crops for 2018,Land Cover Attributes,"25 m raster data, Land Cover Map 1990, 2015, 2017, 2018, 2019, 2020, 2021, 2022 (Marston et al., 2022, 2024; Morton et al., 2020a, b, c, 2021; Rowland et al., 2017, 2020)"
landcover,urban_perc_2018,float64,—,0 … 78.4,%,percentage cover of suburban and urban for 2018,Land Cover Attributes,"25 m raster data, Land Cover Map 1990, 2015, 2017, 2018, 2019, 2020, 2021, 2022 (Marston et al., 2022, 2024; Morton et al., 2020a, b, c, 2021; Rowland et al., 2017, 2020)"
landcover,inwater_perc_2018,float64,—,0 … 9.8,%,percentage cover of inland water for 2018,Land Cover Attributes,"25 m raster data, Land Cover Map 1990, 2015, 2017, 2018, 2019, 2020, 2021, 2022 (Marston et al., 2022, 2024; Morton et al., 2020a, b, c, 2021; Rowland et al., 2017, 2020)"
landcover,bares_perc_2018,float64,—,0 … 26.09,%,percentage cover of bare soil and rocks for 2018,Land Cover Attributes,"25 m raster data, Land Cover Map 1990, 2015, 2017, 2018, 2019, 2020, 2021, 2022 (Marston et al., 2022, 2024; Morton et al., 2020a, b, c, 2021; Rowland et al., 2017, 2020)"
landcover,dwood_perc_2019,float64,—,0 … 38.69,%,percentage cover of deciduous woodland for 2019,Land Cover Attributes,"25 m raster data, Land Cover Map 1990, 2015, 2017, 2018, 2019, 2020, 2021, 2022 (Marston et al., 2022, 2024; Morton et al., 2020a, b, c, 2021; Rowland et al., 2017, 2020)"
landcover,ewood_perc_2019,float64,—,0 … 98.16,%,percentage cover of evergreen woodland for 2019,Land Cover Attributes,"25 m raster data, Land Cover Map 1990, 2015, 2017, 2018, 2019, 2020, 2021, 2022 (Marston et al., 2022, 2024; Morton et al., 2020a, b, c, 2021; Rowland et al., 2017, 2020)"
landcover,grass_perc_2019,float64,—,0.01 … 100,%,percentage cover of grass and pasture for 2019,Land Cover Attributes,"25 m raster data, Land Cover Map 1990, 2015, 2017, 2018, 2019, 2020, 2021, 2022 (Marston et al., 2022, 2024; Morton et al., 2020a, b, c, 2021; Rowland et al., 2017, 2020)"
landcover,shrub_perc_2019,float64,—,0 … 99.78,%,percentage cover of medium scale vegetation (shrubs) for 2019,Land Cover Attributes,"25 m raster data, Land Cover Map 1990, 2015, 2017, 2018, 2019, 2020, 2021, 2022 (Marston et al., 2022, 2024; Morton et al., 2020a, b, c, 2021; Rowland et al., 2017, 2020)"
landcover,crop_perc_2019,float64,—,0 … 91.28,%,percentage cover of crops for 2019,Land Cover Attributes,"25 m raster data, Land Cover Map 1990, 2015, 2017, 2018, 2019, 2020, 2021, 2022 (Marston et al., 2022, 2024; Morton et al., 2020a, b, c, 2021; Rowland et al., 2017, 2020)"
landcover,urban_perc_2019,float64,—,0 … 80.23,%,percentage cover of suburban and urban for 2019,Land Cover Attributes,"25 m raster data, Land Cover Map 1990, 2015, 2017, 2018, 2019, 2020, 2021, 2022 (Marston et al., 2022, 2024; Morton et al., 2020a, b, c, 2021; Rowland et al., 2017, 2020)"
landcover,inwater_perc_2019,float64,—,0 … 9.89,%,percentage cover of inland water for 2019,Land Cover Attributes,"25 m raster data, Land Cover Map 1990, 2015, 2017, 2018, 2019, 2020, 2021, 2022 (Marston et al., 2022, 2024; Morton et al., 2020a, b, c, 2021; Rowland et al., 2017, 2020)"
landcover,bares_perc_2019,float64,—,0 … 30.85,%,percentage cover of bare soil and rocks for 2019,Land Cover Attributes,"25 m raster data, Land Cover Map 1990, 2015, 2017, 2018, 2019, 2020, 2021, 2022 (Marston et al., 2022, 2024; Morton et al., 2020a, b, c, 2021; Rowland et al., 2017, 2020)"
landcover,dwood_perc_2020,float64,—,0 … 36.78,%,percentage cover of deciduous woodland for 2020,Land Cover Attributes,"25 m raster data, Land Cover Map 1990, 2015, 2017, 2018, 2019, 2020, 2021, 2022 (Marston et al., 2022, 2024; Morton et al., 2020a, b, c, 2021; Rowland et al., 2017, 2020)"
landcover,ewood_perc_2020,float64,—,0 … 97.39,%,percentage cover of evergreen woodland for 2020,Land Cover Attributes,"25 m raster data, Land Cover Map 1990, 2015, 2017, 2018, 2019, 2020, 2021, 2022 (Marston et al., 2022, 2024; Morton et al., 2020a, b, c, 2021; Rowland et al., 2017, 2020)"
landcover,grass_perc_2020,float64,—,0 … 100,%,percentage cover of grass and pasture for 2020,Land Cover Attributes,"25 m raster data, Land Cover Map 1990, 2015, 2017, 2018, 2019, 2020, 2021, 2022 (Marston et al., 2022, 2024; Morton et al., 2020a, b, c, 2021; Rowland et al., 2017, 2020)"
landcover,shrub_perc_2020,float64,—,0 … 99.96,%,percentage cover of medium scale vegetation (shrubs) for 2020,Land Cover Attributes,"25 m raster data, Land Cover Map 1990, 2015, 2017, 2018, 2019, 2020, 2021, 2022 (Marston et al., 2022, 2024; Morton et al., 2020a, b, c, 2021; Rowland et al., 2017, 2020)"
landcover,crop_perc_2020,float64,—,0 … 88.02,%,percentage cover of crops for 2020,Land Cover Attributes,"25 m raster data, Land Cover Map 1990, 2015, 2017, 2018, 2019, 2020, 2021, 2022 (Marston et al., 2022, 2024; Morton et al., 2020a, b, c, 2021; Rowland et al., 2017, 2020)"
landcover,urban_perc_2020,float64,—,0 … 79.33,%,percentage cover of suburban and urban for 2020,Land Cover Attributes,"25 m raster data, Land Cover Map 1990, 2015, 2017, 2018, 2019, 2020, 2021, 2022 (Marston et al., 2022, 2024; Morton et al., 2020a, b, c, 2021; Rowland et al., 2017, 2020)"
landcover,inwater_perc_2020,float64,—,0 … 9.92,%,percentage cover of inland water for 2020,Land Cover Attributes,"25 m raster data, Land Cover Map 1990, 2015, 2017, 2018, 2019, 2020, 2021, 2022 (Marston et al., 2022, 2024; Morton et al., 2020a, b, c, 2021; Rowland et al., 2017, 2020)"
landcover,bares_perc_2020,float64,—,0 … 30.34,%,percentage cover of bare soil and rocks for 2020,Land Cover Attributes,"25 m raster data, Land Cover Map 1990, 2015, 2017, 2018, 2019, 2020, 2021, 2022 (Marston et al., 2022, 2024; Morton et al., 2020a, b, c, 2021; Rowland et al., 2017, 2020)"
landcover,dwood_perc_2021,float64,—,0 … 37.01,%,percentage cover of deciduous woodland for 2021,Land Cover Attributes,"25 m raster data, Land Cover Map 1990, 2015, 2017, 2018, 2019, 2020, 2021, 2022 (Marston et al., 2022, 2024; Morton et al., 2020a, b, c, 2021; Rowland et al., 2017, 2020)"
landcover,ewood_perc_2021,float64,—,0 … 96.47,%,percentage cover of evergreen woodland for 2021,Land Cover Attributes,"25 m raster data, Land Cover Map 1990, 2015, 2017, 2018, 2019, 2020, 2021, 2022 (Marston et al., 2022, 2024; Morton et al., 2020a, b, c, 2021; Rowland et al., 2017, 2020)"
landcover,grass_perc_2021,float64,—,0 … 100,%,percentage cover of grass and pasture for 2021,Land Cover Attributes,"25 m raster data, Land Cover Map 1990, 2015, 2017, 2018, 2019, 2020, 2021, 2022 (Marston et al., 2022, 2024; Morton et al., 2020a, b, c, 2021; Rowland et al., 2017, 2020)"
landcover,shrub_perc_2021,float64,—,0 … 99.87,%,percentage cover of medium scale vegetation (shrubs) for 2021,Land Cover Attributes,"25 m raster data, Land Cover Map 1990, 2015, 2017, 2018, 2019, 2020, 2021, 2022 (Marston et al., 2022, 2024; Morton et al., 2020a, b, c, 2021; Rowland et al., 2017, 2020)"
landcover,crop_perc_2021,float64,—,0 … 87.61,%,percentage cover of crops for 2021,Land Cover Attributes,"25 m raster data, Land Cover Map 1990, 2015, 2017, 2018, 2019, 2020, 2021, 2022 (Marston et al., 2022, 2024; Morton et al., 2020a, b, c, 2021; Rowland et al., 2017, 2020)"
landcover,urban_perc_2021,float64,—,0 … 78.41,%,percentage cover of suburban and urban for 2021,Land Cover Attributes,"25 m raster data, Land Cover Map 1990, 2015, 2017, 2018, 2019, 2020, 2021, 2022 (Marston et al., 2022, 2024; Morton et al., 2020a, b, c, 2021; Rowland et al., 2017, 2020)"
landcover,inwater_perc_2021,float64,—,0 … 9.9,%,percentage cover of inland water for 2021,Land Cover Attributes,"25 m raster data, Land Cover Map 1990, 2015, 2017, 2018, 2019, 2020, 2021, 2022 (Marston et al., 2022, 2024; Morton et al., 2020a, b, c, 2021; Rowland et al., 2017, 2020)"
landcover,bares_perc_2021,float64,—,0 … 29.97,%,percentage cover of bare soil and rocks for 2021,Land Cover Attributes,"25 m raster data, Land Cover Map 1990, 2015, 2017, 2018, 2019, 2020, 2021, 2022 (Marston et al., 2022, 2024; Morton et al., 2020a, b, c, 2021; Rowland et al., 2017, 2020)"
landcover,dwood_perc_2022,float64,—,0 … 34.7,%,percentage cover of deciduous woodland for 2022,Land Cover Attributes,"25 m raster data, Land Cover Map 1990, 2015, 2017, 2018, 2019, 2020, 2021, 2022 (Marston et al., 2022, 2024; Morton et al., 2020a, b, c, 2021; Rowland et al., 2017, 2020)"
landcover,ewood_perc_2022,float64,—,0 … 93.56,%,percentage cover of evergreen woodland for 2022,Land Cover Attributes,"25 m raster data, Land Cover Map 1990, 2015, 2017, 2018, 2019, 2020, 2021, 2022 (Marston et al., 2022, 2024; Morton et al., 2020a, b, c, 2021; Rowland et al., 2017, 2020)"
landcover,grass_perc_2022,float64,—,0.96 … 99.88,%,percentage cover of grass and pasture for 2022,Land Cover Attributes,"25 m raster data, Land Cover Map 1990, 2015, 2017, 2018, 2019, 2020, 2021, 2022 (Marston et al., 2022, 2024; Morton et al., 2020a, b, c, 2021; Rowland et al., 2017, 2020)"
landcover,shrub_perc_2022,float64,—,0 … 98.79,%,percentage cover of medium scale vegetation (shrubs) for 2022,Land Cover Attributes,"25 m raster data, Land Cover Map 1990, 2015, 2017, 2018, 2019, 2020, 2021, 2022 (Marston et al., 2022, 2024; Morton et al., 2020a, b, c, 2021; Rowland et al., 2017, 2020)"
landcover,crop_perc_2022,float64,—,0 … 87.04,%,percentage cover of crops for 2022,Land Cover Attributes,"25 m raster data, Land Cover Map 1990, 2015, 2017, 2018, 2019, 2020, 2021, 2022 (Marston et al., 2022, 2024; Morton et al., 2020a, b, c, 2021; Rowland et al., 2017, 2020)"
landcover,urban_perc_2022,float64,—,0 … 74.95,%,percentage cover of suburban and urban for 2022,Land Cover Attributes,"25 m raster data, Land Cover Map 1990, 2015, 2017, 2018, 2019, 2020, 2021, 2022 (Marston et al., 2022, 2024; Morton et al., 2020a, b, c, 2021; Rowland et al., 2017, 2020)"
landcover,inwater_perc_2022,float64,—,0 … 9.89,%,percentage cover of inland water for 2022,Land Cover Attributes,"25 m raster data, Land Cover Map 1990, 2015, 2017, 2018, 2019, 2020, 2021, 2022 (Marston et al., 2022, 2024; Morton et al., 2020a, b, c, 2021; Rowland et al., 2017, 2020)"
landcover,bares_perc_2022,float64,—,0 … 15.61,%,percentage cover of bare soil and rocks for 2022,Land Cover Attributes,"25 m raster data, Land Cover Map 1990, 2015, 2017, 2018, 2019, 2020, 2021, 2022 (Marston et al., 2022, 2024; Morton et al., 2020a, b, c, 2021; Rowland et al., 2017, 2020)"
soil,gauge_id,int64,—,"1,001 … 1.07e+05  (whole numbers)",-,catchment identifier (corresponds to the gauging station ID provided by the NRFA),Key,UK National River Flow Archive using the NRFA API*
soil,sand_perc,float64,—,19.37 … 82.14,%,percentage sand,"Soil Attributes Each soil attribute is accompanied by the percentage missing and the 5th, 50th and 95th percentile (apart from percentage sand, silt, clay and organic content) of that attribute across the catchment","European Soil Database Derived Data product (Hiederer, 2013a, b), and the modelled depth to bedrock global product (Pelletier et al., 2016)"
soil,sand_perc_missing,float64,—,0 … 30.53,%,percentage of the catchment with no data for sand_perc,"Soil Attributes Each soil attribute is accompanied by the percentage missing and the 5th, 50th and 95th percentile (apart from percentage sand, silt, clay and organic content) of that attribute across the catchment","European Soil Database Derived Data product (Hiederer, 2013a, b), and the modelled depth to bedrock global product (Pelletier et al., 2016)"
soil,silt_perc,float64,—,9.4 … 43.23,%,percentage silt,"Soil Attributes Each soil attribute is accompanied by the percentage missing and the 5th, 50th and 95th percentile (apart from percentage sand, silt, clay and organic content) of that attribute across the catchment","European Soil Database Derived Data product (Hiederer, 2013a, b), and the modelled depth to bedrock global product (Pelletier et al., 2016)"
soil,silt_perc_missing,float64,—,0 … 30.53,%,percentage of the catchment with no data for silt_perc,"Soil Attributes Each soil attribute is accompanied by the percentage missing and the 5th, 50th and 95th percentile (apart from percentage sand, silt, clay and organic content) of that attribute across the catchment","European Soil Database Derived Data product (Hiederer, 2013a, b), and the modelled depth to bedrock global product (Pelletier et al., 2016)"
soil,clay_perc,float64,—,6.88 … 51.31,%,percentage clay,"Soil Attributes Each soil attribute is accompanied by the percentage missing and the 5th, 50th and 95th percentile (apart from percentage sand, silt, clay and organic content) of that attribute across the catchment","European Soil Database Derived Data product (Hiederer, 2013a, b), and the modelled depth to bedrock global product (Pelletier et al., 2016)"
soil,clay_perc_missing,float64,—,0 … 30.53,%,percentage of the catchment with no data for clay_perc,"Soil Attributes Each soil attribute is accompanied by the percentage missing and the 5th, 50th and 95th percentile (apart from percentage sand, silt, clay and organic content) of that attribute across the catchment","European Soil Database Derived Data product (Hiederer, 2013a, b), and the modelled depth to bedrock global product (Pelletier et al., 2016)"
soil,organic_perc,float64,—,0.37 … 33.06,%,percentage organic content,"Soil Attributes Each soil attribute is accompanied by the percentage missing and the 5th, 50th and 95th percentile (apart from percentage sand, silt, clay and organic content) of that attribute across the catchment","European Soil Database Derived Data product (Hiederer, 2013a, b), and the modelled depth to bedrock global product (Pelletier et al., 2016)"
soil,organic_perc_missing,float64,—,0 … 30.53,%,percentage of the catchment with no data for organic_perc,"Soil Attributes Each soil attribute is accompanied by the percentage missing and the 5th, 50th and 95th percentile (apart from percentage sand, silt, clay and organic content) of that attribute across the catchment","European Soil Database Derived Data product (Hiederer, 2013a, b), and the modelled depth to bedrock global product (Pelletier et al., 2016)"
soil,bulkdens,float64,—,0.28 … 1.68,g cm-3,bulk density,"Soil Attributes Each soil attribute is accompanied by the percentage missing and the 5th, 50th and 95th percentile (apart from percentage sand, silt, clay and organic content) of that attribute across the catchment","European Soil Database Derived Data product (Hiederer, 2013a, b), and the modelled depth to bedrock global product (Pelletier et al., 2016)"
soil,bulkdens_missing,float64,—,0 … 30.53,%,percentage of the catchment with no data for bulkdens,"Soil Attributes Each soil attribute is accompanied by the percentage missing and the 5th, 50th and 95th percentile (apart from percentage sand, silt, clay and organic content) of that attribute across the catchment","European Soil Database Derived Data product (Hiederer, 2013a, b), and the modelled depth to bedrock global product (Pelletier et al., 2016)"
soil,bulkdens_5,float64,4  (0.6%),0.23 … 1.53,g cm-3,5th percentile of bulkdens across the catchment,"Soil Attributes Each soil attribute is accompanied by the percentage missing and the 5th, 50th and 95th percentile (apart from percentage sand, silt, clay and organic content) of that attribute across the catchment","European Soil Database Derived Data product (Hiederer, 2013a, b), and the modelled depth to bedrock global product (Pelletier et al., 2016)"
soil,bulkdens_50,float64,—,0.28 … 1.74,g cm-3,50th percentile (median) of bulkdens across the catchment,"Soil Attributes Each soil attribute is accompanied by the percentage missing and the 5th, 50th and 95th percentile (apart from percentage sand, silt, clay and organic content) of that attribute across the catchment","European Soil Database Derived Data product (Hiederer, 2013a, b), and the modelled depth to bedrock global product (Pelletier et al., 2016)"
soil,bulkdens_95,float64,41  (6.1%),0.28 … 1.74,g cm-3,95th percentile of bulkdens across the catchment,"Soil Attributes Each soil attribute is accompanied by the percentage missing and the 5th, 50th and 95th percentile (apart from percentage sand, silt, clay and organic content) of that attribute across the catchment","European Soil Database Derived Data product (Hiederer, 2013a, b), and the modelled depth to bedrock global product (Pelletier et al., 2016)"
soil,tawc,float64,—,38.13 … 235.7,mm,total available water content,"Soil Attributes Each soil attribute is accompanied by the percentage missing and the 5th, 50th and 95th percentile (apart from percentage sand, silt, clay and organic content) of that attribute across the catchment","European Soil Database Derived Data product (Hiederer, 2013a, b), and the modelled depth to bedrock global product (Pelletier et al., 2016)"
soil,tawc_missing,float64,—,0 … 30.53,%,percentage of the catchment with no data for tawc,"Soil Attributes Each soil attribute is accompanied by the percentage missing and the 5th, 50th and 95th percentile (apart from percentage sand, silt, clay and organic content) of that attribute across the catchment","European Soil Database Derived Data product (Hiederer, 2013a, b), and the modelled depth to bedrock global product (Pelletier et al., 2016)"
soil,tawc_5,float64,7  (1.0%),31.73 … 235.7,mm,5th percentile of tawc across the catchment,"Soil Attributes Each soil attribute is accompanied by the percentage missing and the 5th, 50th and 95th percentile (apart from percentage sand, silt, clay and organic content) of that attribute across the catchment","European Soil Database Derived Data product (Hiederer, 2013a, b), and the modelled depth to bedrock global product (Pelletier et al., 2016)"
soil,tawc_50,float64,—,33.89 … 235.7,mm,50th percentile (median) of tawc across the catchment,"Soil Attributes Each soil attribute is accompanied by the percentage missing and the 5th, 50th and 95th percentile (apart from percentage sand, silt, clay and organic content) of that attribute across the catchment","European Soil Database Derived Data product (Hiederer, 2013a, b), and the modelled depth to bedrock global product (Pelletier et al., 2016)"
soil,tawc_95,float64,41  (6.1%),49.67 … 235.7,mm,95th percentile of tawc across the catchment,"Soil Attributes Each soil attribute is accompanied by the percentage missing and the 5th, 50th and 95th percentile (apart from percentage sand, silt, clay and organic content) of that attribute across the catchment","European Soil Database Derived Data product (Hiederer, 2013a, b), and the modelled depth to bedrock global product (Pelletier et al., 2016)"
soil,porosity_cosby,float64,—,38.55 … 45.88,-,volumetric porosity (saturated water content estimated using a pedotransfer function based on sand and clay fractions),"Soil Attributes Each soil attribute is accompanied by the percentage missing and the 5th, 50th and 95th percentile (apart from percentage sand, silt, clay and organic content) of that attribute across the catchment","European Soil Database Derived Data product (Hiederer, 2013a, b), and the modelled depth to bedrock global product (Pelletier et al., 2016)"
soil,porosity_cosby_missing,float64,—,0 … 30.53,%,percentage of the catchment with no data for porosity_cosby,"Soil Attributes Each soil attribute is accompanied by the percentage missing and the 5th, 50th and 95th percentile (apart from percentage sand, silt, clay and organic content) of that attribute across the catchment","European Soil Database Derived Data product (Hiederer, 2013a, b), and the modelled depth to bedrock global product (Pelletier et al., 2016)"
soil,porosity_cosby_5,float64,8  (1.2%),37.68 … 45.12,-,5th percentile of porosity_cosby across the catchment,"Soil Attributes Each soil attribute is accompanied by the percentage missing and the 5th, 50th and 95th percentile (apart from percentage sand, silt, clay and organic content) of that attribute across the catchment","European Soil Database Derived Data product (Hiederer, 2013a, b), and the modelled depth to bedrock global product (Pelletier et al., 2016)"
soil,porosity_cosby_50,float64,—,37.68 … 46.04,-,50th percentile (median) of porosity_cosby across the catchment,"Soil Attributes Each soil attribute is accompanied by the percentage missing and the 5th, 50th and 95th percentile (apart from percentage sand, silt, clay and organic content) of that attribute across the catchment","European Soil Database Derived Data product (Hiederer, 2013a, b), and the modelled depth to bedrock global product (Pelletier et al., 2016)"
soil,porosity_cosby_95,float64,41  (6.1%),40.1 … 46.11,-,95th percentile of porosity_cosby across the catchment,"Soil Attributes Each soil attribute is accompanied by the percentage missing and the 5th, 50th and 95th percentile (apart from percentage sand, silt, clay and organic content) of that attribute across the catchment","European Soil Database Derived Data product (Hiederer, 2013a, b), and the modelled depth to bedrock global product (Pelletier et al., 2016)"
soil,porosity_hypres,float64,—,33.79 … 81,-,"volumetric porosity (saturated water content estimated using a pedotransfer function based on silt, clay and organic fractions, bulk density and topsoil)","Soil Attributes Each soil attribute is accompanied by the percentage missing and the 5th, 50th and 95th percentile (apart from percentage sand, silt, clay and organic content) of that attribute across the catchment","European Soil Database Derived Data product (Hiederer, 2013a, b), and the modelled depth to bedrock global product (Pelletier et al., 2016)"
soil,porosity_hypres_missing,float64,—,0 … 30.53,%,percentage of the catchment with no data for porosity_hypres,"Soil Attributes Each soil attribute is accompanied by the percentage missing and the 5th, 50th and 95th percentile (apart from percentage sand, silt, clay and organic content) of that attribute across the catchment","European Soil Database Derived Data product (Hiederer, 2013a, b), and the modelled depth to bedrock global product (Pelletier et al., 2016)"
soil,porosity_hypres_5,float64,8  (1.2%),32 … 81,-,5th percentile of porosity_hypres across the catchment,"Soil Attributes Each soil attribute is accompanied by the percentage missing and the 5th, 50th and 95th percentile (apart from percentage sand, silt, clay and organic content) of that attribute across the catchment","European Soil Database Derived Data product (Hiederer, 2013a, b), and the modelled depth to bedrock global product (Pelletier et al., 2016)"
soil,porosity_hypres_50,float64,—,32 … 81,-,50th percentile (median) of porosity_hypres across the catchment,"Soil Attributes Each soil attribute is accompanied by the percentage missing and the 5th, 50th and 95th percentile (apart from percentage sand, silt, clay and organic content) of that attribute across the catchment","European Soil Database Derived Data product (Hiederer, 2013a, b), and the modelled depth to bedrock global product (Pelletier et al., 2016)"
soil,porosity_hypres_95,float64,41  (6.1%),39 … 85,-,95th percentile of porosity_hypres across the catchment,"Soil Attributes Each soil attribute is accompanied by the percentage missing and the 5th, 50th and 95th percentile (apart from percentage sand, silt, clay and organic content) of that attribute across the catchment","European Soil Database Derived Data product (Hiederer, 2013a, b), and the modelled depth to bedrock global product (Pelletier et al., 2016)"
soil,conductivity_cosby,float64,—,0.51 … 5.1,cm h-1,saturated hydraulic conductivity (estimated using a pedotransfer function based on sand and clay fractions),"Soil Attributes Each soil attribute is accompanied by the percentage missing and the 5th, 50th and 95th percentile (apart from percentage sand, silt, clay and organic content) of that attribute across the catchment","European Soil Database Derived Data product (Hiederer, 2013a, b), and the modelled depth to bedrock global product (Pelletier et al., 2016)"
soil,conductivity_cosby_missing,float64,—,0 … 30.53,%,percentage of the catchment with no data for conductivity_cosby,"Soil Attributes Each soil attribute is accompanied by the percentage missing and the 5th, 50th and 95th percentile (apart from percentage sand, silt, clay and organic content) of that attribute across the catchment","European Soil Database Derived Data product (Hiederer, 2013a, b), and the modelled depth to bedrock global product (Pelletier et al., 2016)"
soil,conductivity_cosby_5,float64,4  (0.6%),0.5 … 3.54,cm h-1,5th percentile of conductivity_cosby across the catchment,"Soil Attributes Each soil attribute is accompanied by the percentage missing and the 5th, 50th and 95th percentile (apart from percentage sand, silt, clay and organic content) of that attribute across the catchment","European Soil Database Derived Data product (Hiederer, 2013a, b), and the modelled depth to bedrock global product (Pelletier et al., 2016)"
soil,conductivity_cosby_50,float64,—,0.5 … 6.93,cm h-1,50th percentile (median) of conductivity_cosby across the catchment,"Soil Attributes Each soil attribute is accompanied by the percentage missing and the 5th, 50th and 95th percentile (apart from percentage sand, silt, clay and organic content) of that attribute across the catchment","European Soil Database Derived Data product (Hiederer, 2013a, b), and the modelled depth to bedrock global product (Pelletier et al., 2016)"
soil,conductivity_cosby_95,float64,41  (6.1%),0.64 … 6.93,cm h-1,95th percentile of conductivity_cosby across the catchment,"Soil Attributes Each soil attribute is accompanied by the percentage missing and the 5th, 50th and 95th percentile (apart from percentage sand, silt, clay and organic content) of that attribute across the catchment","European Soil Database Derived Data product (Hiederer, 2013a, b), and the modelled depth to bedrock global product (Pelletier et al., 2016)"
soil,conductivity_hypres,float64,—,0.57 … 3.13,cm h-1,"saturated hydraulic conductivity (estimated using a pedotransfer function based on silt, clay and organic fractions, bulk density and topsoil)","Soil Attributes Each soil attribute is accompanied by the percentage missing and the 5th, 50th and 95th percentile (apart from percentage sand, silt, clay and organic content) of that attribute across the catchment","European Soil Database Derived Data product (Hiederer, 2013a, b), and the modelled depth to bedrock global product (Pelletier et al., 2016)"
soil,conductivity_hypres_missing,float64,—,0 … 30.53,%,percentage of the catchment with no data for conductivity_hypres,"Soil Attributes Each soil attribute is accompanied by the percentage missing and the 5th, 50th and 95th percentile (apart from percentage sand, silt, clay and organic content) of that attribute across the catchment","European Soil Database Derived Data product (Hiederer, 2013a, b), and the modelled depth to bedrock global product (Pelletier et al., 2016)"
soil,conductivity_hypres_5,float64,5  (0.7%),0.49 … 3.13,cm h-1,5th percentile of conductivity_hypres across the catchment,"Soil Attributes Each soil attribute is accompanied by the percentage missing and the 5th, 50th and 95th percentile (apart from percentage sand, silt, clay and organic content) of that attribute across the catchment","European Soil Database Derived Data product (Hiederer, 2013a, b), and the modelled depth to bedrock global product (Pelletier et al., 2016)"
soil,conductivity_hypres_50,float64,—,0.57 … 3.13,cm h-1,50th percentile (median) of conductivity_hypres across the catchment,"Soil Attributes Each soil attribute is accompanied by the percentage missing and the 5th, 50th and 95th percentile (apart from percentage sand, silt, clay and organic content) of that attribute across the catchment","European Soil Database Derived Data product (Hiederer, 2013a, b), and the modelled depth to bedrock global product (Pelletier et al., 2016)"
soil,conductivity_hypres_95,float64,41  (6.1%),0.6 … 4.38,cm h-1,95th percentile of conductivity_hypres across the catchment,"Soil Attributes Each soil attribute is accompanied by the percentage missing and the 5th, 50th and 95th percentile (apart from percentage sand, silt, clay and organic content) of that attribute across the catchment","European Soil Database Derived Data product (Hiederer, 2013a, b), and the modelled depth to bedrock global product (Pelletier et al., 2016)"
soil,root_depth,float64,—,0.33 … 1.3,m,depth available for roots,"Soil Attributes Each soil attribute is accompanied by the percentage missing and the 5th, 50th and 95th percentile (apart from percentage sand, silt, clay and organic content) of that attribute across the catchment","European Soil Database Derived Data product (Hiederer, 2013a, b), and the modelled depth to bedrock global product (Pelletier et al., 2016)"
soil,root_depth_missing,float64,—,0 … 30.53,%,percentage of the catchment with no data for root_depth,"Soil Attributes Each soil attribute is accompanied by the percentage missing and the 5th, 50th and 95th percentile (apart from percentage sand, silt, clay and organic content) of that attribute across the catchment","European Soil Database Derived Data product (Hiederer, 2013a, b), and the modelled depth to bedrock global product (Pelletier et al., 2016)"
soil,root_depth_5,float64,5  (0.7%),0.3 … 1.3,m,5th percentile of root_depth across the catchment,"Soil Attributes Each soil attribute is accompanied by the percentage missing and the 5th, 50th and 95th percentile (apart from percentage sand, silt, clay and organic content) of that attribute across the catchment","European Soil Database Derived Data product (Hiederer, 2013a, b), and the modelled depth to bedrock global product (Pelletier et al., 2016)"
soil,root_depth_50,float64,—,0.3 … 1.3,m,50th percentile (median) of root_depth across the catchment,"Soil Attributes Each soil attribute is accompanied by the percentage missing and the 5th, 50th and 95th percentile (apart from percentage sand, silt, clay and organic content) of that attribute across the catchment","European Soil Database Derived Data product (Hiederer, 2013a, b), and the modelled depth to bedrock global product (Pelletier et al., 2016)"
soil,root_depth_95,float64,40  (6.0%),0.3 … 1.3,m,95th percentile of root_depth across the catchment,"Soil Attributes Each soil attribute is accompanied by the percentage missing and the 5th, 50th and 95th percentile (apart from percentage sand, silt, clay and organic content) of that attribute across the catchment","European Soil Database Derived Data product (Hiederer, 2013a, b), and the modelled depth to bedrock global product (Pelletier et al., 2016)"
soil,soil_depth_pelletier,float64,—,0.65 … 41.48,m,depth to bedrock (maximum 50m),"Soil Attributes Each soil attribute is accompanied by the percentage missing and the 5th, 50th and 95th percentile (apart from percentage sand, silt, clay and organic content) of that attribute across the catchment","European Soil Database Derived Data product (Hiederer, 2013a, b), and the modelled depth to bedrock global product (Pelletier et al., 2016)"
soil,soil_depth_pelletier_missing,float64,—,0 … 50.97,%,percentage of the catchment with no data for soil_depth_pelletier,"Soil Attributes Each soil attribute is accompanied by the percentage missing and the 5th, 50th and 95th percentile (apart from percentage sand, silt, clay and organic content) of that attribute across the catchment","European Soil Database Derived Data product (Hiederer, 2013a, b), and the modelled depth to bedrock global product (Pelletier et al., 2016)"
soil,soil_depth_pelletier_5,float64,—,0 … 17  (whole numbers),m,5th percentile of soil_depth_pelletier across the catchment,"Soil Attributes Each soil attribute is accompanied by the percentage missing and the 5th, 50th and 95th percentile (apart from percentage sand, silt, clay and organic content) of that attribute across the catchment","European Soil Database Derived Data product (Hiederer, 2013a, b), and the modelled depth to bedrock global product (Pelletier et al., 2016)"
soil,soil_depth_pelletier_50,float64,1  (0.1%),1 … 50  (whole numbers),m,50th percentile (median) of soil_depth_pelletier across the catchment,"Soil Attributes Each soil attribute is accompanied by the percentage missing and the 5th, 50th and 95th percentile (apart from percentage sand, silt, clay and organic content) of that attribute across the catchment","European Soil Database Derived Data product (Hiederer, 2013a, b), and the modelled depth to bedrock global product (Pelletier et al., 2016)"
soil,soil_depth_pelletier_95,float64,17  (2.5%),1 … 50,m,95th percentile of soil_depth_pelletier across the catchment,"Soil Attributes Each soil attribute is accompanied by the percentage missing and the 5th, 50th and 95th percentile (apart from percentage sand, silt, clay and organic content) of that attribute across the catchment","European Soil Database Derived Data product (Hiederer, 2013a, b), and the modelled depth to bedrock global product (Pelletier et al., 2016)"
hydrometry,gauge_id,int64,—,"1,001 … 1.07e+05  (whole numbers)",-,catchment identifier (corresponds to the gauging station ID provided by the NRFA),Key,UK National River Flow Archive using the NRFA API*
hydrometry,station_type,str,—,VA  ·  US  ·  FV  ·  TP  ·  CC   (+37 more),-,gauging station type denoted by the following abbreviations (B Broad-crested weir; C Crump profile single-crest weir; CB Compound broad-crested weir; CC Compound Crump weir; EM Electromagnetic gauging station; EW Essex weir; FL Flume; FV Flat V triangular profile weir; IV Index Velocity; MIS Miscellaneous; TP Rectangular thin-plate weir; US Ultrasonic gauging station; VA Velocity-area gauging station; VN Triangular (V notch) thin-plate weir); XC Cross Correlation. Two abbreviations may be applied to each station relating to the measurement of low or high flows.,Hydrometry,UK National River Flow Archive using the NRFA API*
hydrometry,daily_flow_period_start,str,—,1971-02-01  ·  1983-05-18  ·  1995-11-09  ·  1970-10-01  ·  1982-04-14   (+195 more),-,first date that daily flow time series provided in CAMELS-GB v2 is available for this gauging station,Hydrometry,Catchment timeseries of daily streamflow described in Table 2
hydrometry,daily_flow_period_end,str,—,2022-09-30  ·  2021-04-01  ·  2021-03-31  ·  2019-09-30  ·  2021-11-04   (+20 more),-,end date that daily flow time series provided in CAMELS-GB v2 are available for this gauging station,Hydrometry,Catchment timeseries of daily streamflow described in Table 2
hydrometry,daily_flow_perc_complete,float64,—,26.93 … 100,%,percentage of days with flow time series available from 1st October 1970 - 31st September 2022,Hydrometry,Catchment timeseries of daily streamflow described in Table 2
hydrometry,hourly_flow_period_start,str,7  (1.0%),1990-10-01 09:00:00  ·  1995-11-09 12:00:00  ·  1997-03-01 13:00:00  ·  1998-02-25 19:00:00  ·  1999-08-05 14:00:00   (+80 more),-,first date that hourly flow time series provided in CAMELS-GB v2 is available for this gauging station,Hydrometry,Catchment timeseries of hourly streamflow described in Table 3
hydrometry,hourly_flow_period_end,str,7  (1.0%),2022-10-01 08:00:00  ·  2005-08-13 14:00:00  ·  2021-04-01 11:00:00  ·  2021-04-01 09:00:00  ·  2019-09-30 09:00:00   (+18 more),-,end date that hourly flow time series provided in CAMELS-GB v2 are available for this gauging station,Hydrometry,Catchment timeseries of hourly streamflow described in Table 3
hydrometry,hourly_flow_perc_complete,float64,—,0 … 100,%,percentage of hours with flow time series available from 1st October 1990 09:00:00 UTC - 1st October 2022 08:00:00 UTC,Hydrometry,Catchment timeseries of hourly streamflow described in Table 3
hydrometry,bankfull_flow,float64,353  (52.6%),"0.26 … 1,471",m3 s-1,flow at which the river begins to overlap the banks at a gauging station (obtained from stage-discharge relationships so may be derived by extrapolation),Hydrometry,"UK National River Flow Archive using the NRFA API*, catchment timeseries of streamflow described in Table 2 and 3"
hydrometry,structurefull_flow,float64,433  (64.5%),0.3 … 500,m3 s-1,flow at which the river begins to overlap the wingwalls of a structure at a gauging station (obtained from stage-discharge relationships so may be derived by extrapolation),Hydrometry,"UK National River Flow Archive using the NRFA API*, catchment timeseries of streamflow described in Table 2 and 3"
hydrometry,max_gauging_flow_date,str,173  (25.8%),27-Apr-2000 11:30:00  ·  04-Nov-1984 12:00:00  ·  27-Apr-2000 13:20:00  ·  13-Oct-1982 13:00:00  ·  03-Oct-1981 12:00:00   (+488 more),-,date and time when the maximum gauging flow was taken,Hydrometry,"UK National River Flow Archive using the NRFA API*, catchment timeseries of streamflow described in Table 2 and 3"
hydrometry,max_gauging_flow,float64,173  (25.8%),"0.11 … 1,617",m3 s-1,the maximum gauging flow - the highest manual measurement of flow taken at a gauging station,Hydrometry,"UK National River Flow Archive using the NRFA API*, catchment timeseries of streamflow described in Table 2 and 3"
hydrometry,max_daily_flow,float64,173  (25.8%),"0.65 … 1,965",m3 s-1,the maximum daily flow recorded in the daily flow time series times provided in CAMELS-GB v2,Hydrometry,"UK National River Flow Archive using the NRFA API*, catchment timeseries of streamflow described in Table 2 and 3"
hydrometry,daily_flow_extrap_dur,float64,173  (25.8%),0 … 32.8,%,the percentage of time (excluding NaNs) that the daily flow timeseries is higher than the maximum gauging flow,Hydrometry,"UK National River Flow Archive using the NRFA API*, catchment timeseries of streamflow described in Table 2 and 3"
hydrometry,max_hourly_flow,float64,173  (25.8%),"0.95 … 2,273",m3 s-1,the maximum hourly flow recorded in the hourly flow time series times provided in CAMELS-GB v2,Hydrometry,"UK National River Flow Archive using the NRFA API*, catchment timeseries of streamflow described in Table 2 and 3"
hydrometry,hourly_flow_extrap_dur,float64,173  (25.8%),0 … 29.79,%,the percentage of time (excluding NaNs) that the hourly flow timeseries is higher than the maximum gauging flow,Hydrometry,"UK National River Flow Archive using the NRFA API*, catchment timeseries of streamflow described in Table 2 and 3"
hydrometry,q5_uncert_upper,float64,236  (35.2%),11.29 … 317.9,%,"upper bound of the discharge uncertainty interval for the 5th percentile flow given as a percentage of the 5th percentile flow - estimates for XX values of 5, 25, 50, 75, 95, 99 are provided",Hydrometry,Derived from Coxon et al (2015)
hydrometry,q5_uncert_lower,float64,236  (35.2%),-100 … -11.25,%,"lower bound of the discharge uncertainty interval for the 5th percentile flow given as a percentage of the 5th percentile flow - estimates for XX values of 5, 25, 50, 75, 95, 99 are provided",Hydrometry,Derived from Coxon et al (2015)
hydrometry,q25_uncert_upper,float64,174  (25.9%),9.51 … 190.2,%,"upper bound of the discharge uncertainty interval for the 25th percentile flow given as a percentage of the 25th percentile flow - estimates for XX values of 5, 25, 50, 75, 95, 99 are provided",Hydrometry,Derived from Coxon et al (2015)
hydrometry,q25_uncert_lower,float64,174  (25.9%),-98.76 … -9.22,%,"lower bound of the discharge uncertainty interval for the 25th percentile flow given as a percentage of the 25th percentile flow - estimates for XX values of 5, 25, 50, 75, 95, 99 are provided",Hydrometry,Derived from Coxon et al (2015)
hydrometry,q50_uncert_upper,float64,169  (25.2%),8.57 … 108.2,%,"upper bound of the discharge uncertainty interval for the 50th percentile flow given as a percentage of the 50th percentile flow - estimates for XX values of 5, 25, 50, 75, 95, 99 are provided",Hydrometry,Derived from Coxon et al (2015)
hydrometry,q50_uncert_lower,float64,169  (25.2%),-89.17 … -8.6,%,"lower bound of the discharge uncertainty interval for the 50th percentile flow given as a percentage of the 50th percentile flow - estimates for XX values of 5, 25, 50, 75, 95, 99 are provided",Hydrometry,Derived from Coxon et al (2015)
hydrometry,q75_uncert_upper,float64,171  (25.5%),6.18 … 83.3,%,"upper bound of the discharge uncertainty interval for the 75th percentile flow given as a percentage of the 75th percentile flow - estimates for XX values of 5, 25, 50, 75, 95, 99 are provided",Hydrometry,Derived from Coxon et al (2015)
hydrometry,q75_uncert_lower,float64,171  (25.5%),-82.87 … -6.52,%,"lower bound of the discharge uncertainty interval for the 75th percentile flow given as a percentage of the 75th percentile flow - estimates for XX values of 5, 25, 50, 75, 95, 99 are provided",Hydrometry,Derived from Coxon et al (2015)
hydrometry,q95_uncert_upper,float64,197  (29.4%),7.11 … 61.46,%,"upper bound of the discharge uncertainty interval for the 95th percentile flow given as a percentage of the 95th percentile flow - estimates for XX values of 5, 25, 50, 75, 95, 99 are provided",Hydrometry,Derived from Coxon et al (2015)
hydrometry,q95_uncert_lower,float64,197  (29.4%),-64.62 … -6.75,%,"lower bound of the discharge uncertainty interval for the 95th percentile flow given as a percentage of the 95th percentile flow - estimates for XX values of 5, 25, 50, 75, 95, 99 are provided",Hydrometry,Derived from Coxon et al (2015)
hydrometry,q99_uncert_upper,float64,251  (37.4%),5.79 … 148.4,%,"upper bound of the discharge uncertainty interval for the 99th percentile flow given as a percentage of the 99th percentile flow - estimates for XX values of 5, 25, 50, 75, 95, 99 are provided",Hydrometry,Derived from Coxon et al (2015)
hydrometry,q99_uncert_lower,float64,251  (37.4%),-76.5 … -5.77,%,"lower bound of the discharge uncertainty interval for the 99th percentile flow given as a percentage of the 99th percentile flow - estimates for XX values of 5, 25, 50, 75, 95, 99 are provided",Hydrometry,Derived from Coxon et al (2015)
hydrometry,quncert_meta,str,—,Calculated discharge uncertainties  ·  No stage-discharge measurements av  ·  Less than 20 stage-discharge measu  ·  Discharge uncertainty estimates no,-,metadata describing the reasons why discharge uncertainty estimates are (not) provided; Calculated discharge uncertainties; No stage-discharge measurements available; Less than 20 stage-discharge measurements available for most recent rating; Discharge uncertainty estimates not provided as the estimated uncertainty bounds were deemed to not accurately reflect the discharge uncertainty or because there was no sensible relationship between stage and discharge.,Hydrometry,Derived from Coxon et al (2015)
hydrometry,station_quality_pooling,bool,—,False: 346  ·  True: 325,TRUE/ FALSE,"indicates measurement suitability at the station, specifically that flows up to the 3rd highest annual maximum on record are likely to be within 30% of their true values (TRUE indicates the station is suitable for pooling, while FALSE indicates that it is not)",Hydrometry,UK National River Flow Archive (https://nrfa.ceh.ac.uk/data/about-data/peak-flow-data/indicative-suitabilities)
hydrometry,station_quality_qmed,bool,—,True: 495  ·  False: 176,TRUE/ FALSE,"indicates measurement suitability at the station, specifically that flows up to QMED (the median of the annual maximum flows or 1-in-2 year event) are likely to be within 30% of its true value (TRUE indicates the station is suitable for QMED, while FALSE indicates that it is not).",Hydrometry,UK National River Flow Archive (https://nrfa.ceh.ac.uk/data/about-data/peak-flow-data/indicative-suitabilities)
hydrometry,station_quality_hourlyflow_issues,str,640  (95.4%),full_truncation_confirmed  ·  no_data  ·  partial_continuity_confirmed  ·  full_continuity_confirmed  ·  partial_tracedata_confirmed   (+3 more),-,"metadata describing if any station quality issues were found in the hourly flow timeseries including no data (no_data), truncated values for entire record (full_truncation) or specific parts of the timeseries (partial_truncation), continuity issues such as abrupt changes in flow regimes or prolonged gaps inconsistent with expected patterns for entire record (full_continuity) or specific parts of the timeseries (partial_continuity), very short periods of data availability prior to main period of record (partial_tracedata), and other issues (full_other_issues or partial_other_issues).",Hydrometry,Fileni et al (2026)
hydrometry,station_quality_hourlyflow_comment,str,640  (95.4%),High flows are truncated at around  ·  Station unavailable at higher temp  ·  Start of the time series with 0s f  ·  Flows look unstable and have a cle  ·  There's a gap in the time series w   (+20 more),-,provides a detailed description of any station quality issues found in the hourly flow timeseries,Hydrometry,Fileni et al (2026)
humaninfluence,gauge_id,int64,—,"1,001 … 1.07e+05  (whole numbers)",-,catchment identifier (corresponds to the gauging station ID provided by the NRFA),Key,UK National River Flow Archive using the NRFA API*
humaninfluence,benchmark_catch,str,—,N  ·  Y,Y/N,"benchmark catchment (Y indicates the catchment is part of the UK Benchmark Network, while N indicates that it is not)",Human Influence Attributes,"UK National River Flow Archive; Harrigan et al., (2018)"
humaninfluence,surfacewater_abs,float64,106  (15.8%),0 … 1.628,mm day-1,mean surface water abstraction,Human Influence Attributes,"1 km × 1 km abstractions for multiple purposes (csv file) and 1 km × 1 km discharges for multiple purposes (RACT netcdf file) (Rameshwaran et al., 2025)"
humaninfluence,groundwater_abs,float64,106  (15.8%),0 … 0.716,mm day-1,mean groundwater abstraction,Human Influence Attributes,"1 km × 1 km abstractions for multiple purposes (csv file) and 1 km × 1 km discharges for multiple purposes (RACT netcdf file) (Rameshwaran et al., 2025)"
humaninfluence,discharges,float64,106  (15.8%),0 … 0.841,mm day-1,mean discharges (daily discharges into water courses from water companies and other discharge permit holders reported to the Environment Agency),Human Influence Attributes,"1 km × 1 km abstractions for multiple purposes (csv file) and 1 km × 1 km discharges for multiple purposes (RACT netcdf file) (Rameshwaran et al., 2025)"
humaninfluence,abs_agriculture_perc,float64,307  (45.8%),0 … 100,%,percentage of total (groundwater and surface water) abstractions in catchment for agriculture,Human Influence Attributes,"1 km × 1 km abstractions for multiple purposes (csv file) and 1 km × 1 km discharges for multiple purposes (RACT netcdf file) (Rameshwaran et al., 2025)"
humaninfluence,abs_amenities_perc,float64,307  (45.8%),0 … 68.07,%,percentage of total (groundwater and surface water) abstractions in catchment for amenities,Human Influence Attributes,"1 km × 1 km abstractions for multiple purposes (csv file) and 1 km × 1 km discharges for multiple purposes (RACT netcdf file) (Rameshwaran et al., 2025)"
humaninfluence,abs_energy_perc,float64,307  (45.8%),0 … 100,%,percentage of total (groundwater and surface water) abstractions in catchment for energy production,Human Influence Attributes,"1 km × 1 km abstractions for multiple purposes (csv file) and 1 km × 1 km discharges for multiple purposes (RACT netcdf file) (Rameshwaran et al., 2025)"
humaninfluence,abs_environmental_perc,float64,307  (45.8%),0 … 61.71,%,percentage of total (groundwater and surface water) abstractions in catchment for environmental purposes,Human Influence Attributes,"1 km × 1 km abstractions for multiple purposes (csv file) and 1 km × 1 km discharges for multiple purposes (RACT netcdf file) (Rameshwaran et al., 2025)"
humaninfluence,abs_industry_perc,float64,307  (45.8%),0 … 100,%,"percentage of total (groundwater and surface water) abstractions in catchment for industrial, commercial and public services",Human Influence Attributes,"1 km × 1 km abstractions for multiple purposes (csv file) and 1 km × 1 km discharges for multiple purposes (RACT netcdf file) (Rameshwaran et al., 2025)"
humaninfluence,abs_watersupply_perc,float64,307  (45.8%),0 … 100,%,percentage of total (groundwater and surface water) abstractions in catchment for water supply,Human Influence Attributes,"1 km × 1 km abstractions for multiple purposes (csv file) and 1 km × 1 km discharges for multiple purposes (RACT netcdf file) (Rameshwaran et al., 2025)"
humaninfluence,abs_highloss_perc,float64,307  (45.8%),0 … 100,%,percentage of total (groundwater and surface water) abstractions in catchment that is classified as ‘high loss',Human Influence Attributes,"1 km × 1 km abstractions for multiple purposes (csv file) and 1 km × 1 km discharges for multiple purposes (RACT netcdf file) (Rameshwaran et al., 2025)"
humaninfluence,abs_mediumloss_perc,float64,307  (45.8%),0 … 100,%,percentage of total (groundwater and surface water) abstractions in catchment that is classified as ‘medium loss',Human Influence Attributes,"1 km × 1 km abstractions for multiple purposes (csv file) and 1 km × 1 km discharges for multiple purposes (RACT netcdf file) (Rameshwaran et al., 2025)"
humaninfluence,abs_lowloss_perc,float64,307  (45.8%),0 … 100,%,percentage of total (groundwater and surface water) abstractions in catchment that is classified as ‘low loss',Human Influence Attributes,"1 km × 1 km abstractions for multiple purposes (csv file) and 1 km × 1 km discharges for multiple purposes (RACT netcdf file) (Rameshwaran et al., 2025)"
humaninfluence,abs_verylowloss_perc,float64,307  (45.8%),0 … 100,%,percentage of total (groundwater and surface water) abstractions in catchment that is classified as ‘very low loss',Human Influence Attributes,"1 km × 1 km abstractions for multiple purposes (csv file) and 1 km × 1 km discharges for multiple purposes (RACT netcdf file) (Rameshwaran et al., 2025)"
humaninfluence,num_reservoir,int64,—,0 … 16  (whole numbers),-,number of reservoirs in the catchment,Human Influence Attributes,"UK Reservoir Inventory (Durant and Counsell, 2018), SEPA's publicly available controlled reservoirs register (http://map.sepa.org.uk/reservoirsfloodmap/Map.htm, last access: 2nd September, 2025) and Salwey et al., (2023)"
humaninfluence,reservoir_cap,float64,—,0 … 8.356e+06,ML,total storage capacity of reservoirs in the catchment in megalitres,Human Influence Attributes,"UK Reservoir Inventory (Durant and Counsell, 2018), SEPA's publicly available controlled reservoirs register (http://map.sepa.org.uk/reservoirsfloodmap/Map.htm, last access: 2nd September, 2025) and Salwey et al., (2023)"
humaninfluence,reservoir_contributing_area,float64,518  (77.2%),0.39 … 100,%,percentage of the overall catchment surface area that is drained through reservoirs,Human Influence Attributes,"UK Reservoir Inventory (Durant and Counsell, 2018), SEPA's publicly available controlled reservoirs register (http://map.sepa.org.uk/reservoirsfloodmap/Map.htm, last access: 2nd September, 2025) and Salwey et al., (2023)"
humaninfluence,reservoir_normalised_upstream_capacity,float64,518  (77.2%),0 … 2.43,-,ratio of the capacity of a reservoir to the average volume of precipitation received by the catchment in a year,Human Influence Attributes,"UK Reservoir Inventory (Durant and Counsell, 2018), SEPA's publicly available controlled reservoirs register (http://map.sepa.org.uk/reservoirsfloodmap/Map.htm, last access: 2nd September, 2025) and Salwey et al., (2023)"
humaninfluence,reservoir_he,float64,519  (77.3%),0 … 100,%,percentage of total reservoir storage in catchment used for hydroelectricty,Human Influence Attributes,"UK Reservoir Inventory (Durant and Counsell, 2018), SEPA's publicly available controlled reservoirs register (http://map.sepa.org.uk/reservoirsfloodmap/Map.htm, last access: 2nd September, 2025) and Salwey et al., (2023)"
humaninfluence,reservoir_nav,float64,519  (77.3%),0 … 100,%,percentage of total reservoir storage in catchment used for navigation,Human Influence Attributes,"UK Reservoir Inventory (Durant and Counsell, 2018), SEPA's publicly available controlled reservoirs register (http://map.sepa.org.uk/reservoirsfloodmap/Map.htm, last access: 2nd September, 2025) and Salwey et al., (2023)"
humaninfluence,reservoir_drain,float64,519  (77.3%),0 … 0  (whole numbers),%,percentage of total reservoir storage in catchment used for drainage,Human Influence Attributes,"UK Reservoir Inventory (Durant and Counsell, 2018), SEPA's publicly available controlled reservoirs register (http://map.sepa.org.uk/reservoirsfloodmap/Map.htm, last access: 2nd September, 2025) and Salwey et al., (2023)"
humaninfluence,reservoir_wr,float64,519  (77.3%),0 … 100,%,percentage of total reservoir storage in catchment used for water resources,Human Influence Attributes,"UK Reservoir Inventory (Durant and Counsell, 2018), SEPA's publicly available controlled reservoirs register (http://map.sepa.org.uk/reservoirsfloodmap/Map.htm, last access: 2nd September, 2025) and Salwey et al., (2023)"
humaninfluence,reservoir_fs,float64,519  (77.3%),0 … 100,%,percentage of total reservoir storage in catchment used for flood storage,Human Influence Attributes,"UK Reservoir Inventory (Durant and Counsell, 2018), SEPA's publicly available controlled reservoirs register (http://map.sepa.org.uk/reservoirsfloodmap/Map.htm, last access: 2nd September, 2025) and Salwey et al., (2023)"
humaninfluence,reservoir_env,float64,519  (77.3%),0 … 1.31,%,percentage of total reservoir storage in catchment used for environmental,Human Influence Attributes,"UK Reservoir Inventory (Durant and Counsell, 2018), SEPA's publicly available controlled reservoirs register (http://map.sepa.org.uk/reservoirsfloodmap/Map.htm, last access: 2nd September, 2025) and Salwey et al., (2023)"
humaninfluence,reservoir_nousedata,float64,519  (77.3%),0 … 100,%,percentage of total reservoir storage in catchment where no use data were available,Human Influence Attributes,"UK Reservoir Inventory (Durant and Counsell, 2018), SEPA's publicly available controlled reservoirs register (http://map.sepa.org.uk/reservoirsfloodmap/Map.htm, last access: 2nd September, 2025) and Salwey et al., (2023)"
humaninfluence,reservoir_year_first,float64,537  (80.0%),"1,794 … 1,992  (whole numbers)",-,year the first reservoir in the catchment was built,Human Influence Attributes,"UK Reservoir Inventory (Durant and Counsell, 2018), SEPA's publicly available controlled reservoirs register (http://map.sepa.org.uk/reservoirsfloodmap/Map.htm, last access: 2nd September, 2025) and Salwey et al., (2023)"
humaninfluence,reservoir_year_last,float64,537  (80.0%),"1,873 … 1,992  (whole numbers)",-,year the last reservoir in the catchment was built,Human Influence Attributes,"UK Reservoir Inventory (Durant and Counsell, 2018), SEPA's publicly available controlled reservoirs register (http://map.sepa.org.uk/reservoirsfloodmap/Map.htm, last access: 2nd September, 2025) and Salwey et al., (2023)"
groundwaterwell,gw_well_id,str,—,NY62_4  ·  SD53_25  ·  SE02_46  ·  SE23_4  ·  SE28_28   (+50 more),-,groundwater well identifier (corresponds to the ID provided by the British Geological Survey),Groundwater Wells,"UK Hydrometric Register (Marsh and Hannaford, 2008)"
groundwaterwell,gw_well_name,str,—,ESPLAND HILL (NR. BRAMPTON- APPLEB  ·  RED SCAR WOOD  ·  THRUM HALL  ·  SILVER BLADES ICE RINK  ·  BEDALE   (+50 more),-,groundwater well name,Groundwater Wells,"UK Hydrometric Register (Marsh and Hannaford, 2008)"
groundwaterwell,gw_well_lat,float64,—,50.81 … 54.6,°,groundwater well latitude,Groundwater Wells,"UK Hydrometric Register (Marsh and Hannaford, 2008)"
groundwaterwell,gw_well_lon,float64,—,-2.92 … 1.4,°,groundwater well longitude,Groundwater Wells,"UK Hydrometric Register (Marsh and Hannaford, 2008)"
groundwaterwell,gw_well_easting,int64,—,3.381e+05 … 6.293e+05  (whole numbers),m,groundwater well easting,Groundwater Wells,"UK Hydrometric Register (Marsh and Hannaford, 2008)"
groundwaterwell,gw_well_northing,int64,—,1.038e+05 … 5.23e+05  (whole numbers),m,groundwater well northing,Groundwater Wells,"UK Hydrometric Register (Marsh and Hannaford, 2008)"
groundwaterwell,gw_well_datum,float64,—,15.77 … 228.2,mAOD,the altitude of the point from which measurements are taken at a particular site,Groundwater Wells,"UK Hydrometric Register (Marsh and Hannaford, 2008)"
groundwaterwell,gw_well_depth,float64,—,4.6 … 335.3,m,depth of the groundwater well,Groundwater Wells,"UK Hydrometric Register (Marsh and Hannaford, 2008)"
groundwaterwell,aquifer,str,—,Permo-Triassic sandstone  ·  Millstone Grit  ·  Coal Measures  ·  Magnesian limestone  ·  Upper Jurassic   (+7 more),-,aquifer to which the water level variations in the wells are attributed,Groundwater Wells,"UK Hydrometric Register (Marsh and Hannaford, 2008)"
groundwaterwell,daily_gwlevel_period_start,str,32  (58.2%),1996-01-01  ·  2012-01-01  ·  2012-01-23  ·  1994-01-21  ·  2010-01-01   (+13 more),-,first date that daily groundwater level series provided in CAMELS-GB v2 is available for this groundwater well,Groundwater Wells,Groundwater level timeseries described in Table 4
groundwaterwell,daily_gwlevel_period_end,str,32  (58.2%),2025-02-03  ·  2025-01-18  ·  2024-12-31  ·  2024-07-19  ·  2024-09-10   (+9 more),-,end date that daily groundwater level series provided in CAMELS-GB v2 is available for this groundwater well,Groundwater Wells,Groundwater level timeseries described in Table 4
groundwaterwell,daily_gwlevel_perc_complete,float64,32  (58.2%),22.4 … 97.5,%,percentage of days with groundwater level data,Groundwater Wells,Groundwater level timeseries described in Table 4
groundwaterwell,monthly_gwlevel_period_start,str,—,1976-08-01  ·  1980-12-01  ·  1977-04-01  ·  1971-03-01  ·  1972-01-01   (+43 more),-,first date that monthly groundwater level series provided in CAMELS-GB v2 is available for this groundwater well,Groundwater Wells,Groundwater level timeseries described in Table 4
groundwaterwell,monthly_gwlevel_period_end,str,—,2024-06-01  ·  2025-02-01  ·  2025-01-01  ·  2024-12-01  ·  2024-08-01   (+10 more),-,end date that monthly groundwater level series provided in CAMELS-GB v2 is available for this groundwater well,Groundwater Wells,Groundwater level timeseries described in Table 4
groundwaterwell,monthly_gwlevel_perc_complete,float64,—,39.65 … 97.82,%,percentage of months with groundwater level data,Groundwater Wells,Groundwater level timeseries described in Table 4
timeseries_daily,date,datetime64[us],—,1970-10-01 00:00:00 … 2022-09-30 00:00:00,date,observation date (YYYY-MM-DD); the daily value covers 09:00-09:00,Key,-
timeseries_daily,precipitation_cehgear,float64,1004  (5.3%),0 … 62.06,mm day-1,catchment averaged daily precipitation,Meteorological Timeseries (available from 1st October 1970 - 30th September 2022),"CEH-GEAR (Keller et al., 2015; Tanguy, 2021)"
timeseries_daily,precipitation_haduk,float64,—,0 … 65.24,mm day-1,catchment averaged daily precipitation,Meteorological Timeseries (available from 1st October 1970 - 30th September 2022),"HadUK-Grid (Hollis et al., 2019)"
timeseries_daily,pet_chess,float64,1004  (5.3%),0 … 5.08,mm day-1,catchment averaged daily potential evapotranspiration for a well-watered grass (Penman-Monteith equation),Meteorological Timeseries (available from 1st October 1970 - 30th September 2022),"CHESS-PE (Robinson et al., 2017, 2023b)"
timeseries_daily,peti_chess,float64,1004  (5.3%),0 … 5.08,mm day-1,catchment averaged daily potential evapotranspiration for a well-watered grass (Penman-Monteith equation with a correction added for interception on days where rainfall has occurred),Meteorological Timeseries (available from 1st October 1970 - 30th September 2022),"CHESS-PE (Robinson et al., 2017, 2023b)"
timeseries_daily,pet_hydrope,float64,—,0 … 5.3,mm day-1,catchment averaged daily potential evapotranspiration for a well-watered grass (Penman-Monteith equation),Meteorological Timeseries (available from 1st October 1970 - 30th September 2022),"Hydro-PE (Brown et al., 2023; Robinson et al., 2023c)"
timeseries_daily,peti_hydrope,float64,—,0 … 5.63,mm day-1,catchment averaged daily potential evapotranspiration for a well-watered grass (Penman-Monteith equation with a correction added for interception on days where rainfall has occurred),Meteorological Timeseries (available from 1st October 1970 - 30th September 2022),"Hydro-PE (Brown et al., 2023; Robinson et al., 2023c)"
timeseries_daily,temperature_chess,float64,1004  (5.3%),-9.66 … 19.81,°C,catchment averaged daily temperature,Meteorological Timeseries (available from 1st October 1970 - 30th September 2022),"CHESS-met (Robinson et al., 2023a)"
timeseries_daily,temperature_haduk,float64,—,-9.39 … 20.94,°C,catchment averaged daily temperature,Meteorological Timeseries (available from 1st October 1970 - 30th September 2022),"HadUK-Grid (Hollis et al., 2019)"
timeseries_daily,discharge_spec,float64,123  (0.6%),0.2 … 34.75,mm day-1,catchment specific discharge (converted to mm day-1 using catchment areas described in Section 2),Hydrological Timeseries (available from 1st October 1970 - 30th September 2022),UK National River Flow Archive using the NRFA API*
timeseries_daily,discharge_vol,float64,123  (0.6%),0.74 … 131,m3 s-1,catchment discharge,Hydrological Timeseries (available from 1st October 1970 - 30th September 2022),UK National River Flow Archive using the NRFA API*
timeseries_hourly,date,datetime64[us],—,1990-10-01 09:00:00 … 2022-10-01 08:00:00,datetime,"observation timestamp (YYYY-MM-DD HH:MM:SS), hourly, running 09:00 to 09:00",Key,-
timeseries_hourly,precipitation_cehgear,float64,50385  (18.0%),0 … 13.86,mm hour-1,catchment hourly averaged precipitation from 1st October 1990 - 31st December 2019,Meteorological Timeseries (available from 1st October 1990 09:00 - 1st October 2022 08:00),"CEH-GEAR1hr (Lewis et al., 2018, 2022)"
timeseries_hourly,precipitation_gradgb,float64,138815  (49.5%),0 … 18.73,mm hour-1,catchment hourly averaged precipitation from 1st January 2006 - 31st December 2023,Meteorological Timeseries (available from 1st October 1990 09:00 - 1st October 2022 08:00),"Gauge-Radar Precipitation Dataset (1 hour and 1 km) for Great Britain, GRaD-GB(1H1K) (Qiu et al., 2025b, a)"
timeseries_hourly,discharge_spec,float64,—,0.004 … 2.367,mm hour-1,catchment specific discharge (converted to mm hour-1 using catchment areas described in Section 2),Hydrological Timeseries (available from 1st October 1990 09:00 - 1st October 2022 08:00),"The flows and level data were obtained from SEPA via the timeseries data service (https://timeseriesdoc.sepa.org.uk/; last access 23rd September 2025), from EA primarily through the Hydrology Data Explorer (https://environment.data.gov.uk/hydrology; last access 23rd September 2025) and, where unavailable, with staff assistance, and from NRW entirely with staff assistance. Flags derived from UKFlows15."
timeseries_hourly,discharge_vol,float64,—,0.372 … 214.1,m3 s-1,catchment discharge,Hydrological Timeseries (available from 1st October 1990 09:00 - 1st October 2022 08:00),"The flows and level data were obtained from SEPA via the timeseries data service (https://timeseriesdoc.sepa.org.uk/; last access 23rd September 2025), from EA primarily through the Hydrology Data Explorer (https://environment.data.gov.uk/hydrology; last access 23rd September 2025) and, where unavailable, with staff assistance, and from NRW entirely with staff assistance. Flags derived from UKFlows15."
timeseries_hourly,discharge_flag,int64,—,0 … 500  (whole numbers),-,numeric flag that indicates the quality of the flow data (full description of flags can be found in Figure S5 and Table S1-S3),Hydrological Timeseries (available from 1st October 1990 09:00 - 1st October 2022 08:00),"The flows and level data were obtained from SEPA via the timeseries data service (https://timeseriesdoc.sepa.org.uk/; last access 23rd September 2025), from EA primarily through the Hydrology Data Explorer (https://environment.data.gov.uk/hydrology; last access 23rd September 2025) and, where unavailable, with staff assistance, and from NRW entirely with staff assistance. Flags derived from UKFlows15."
timeseries_hourly,level,float64,—,0.181 … 2.67,m,height of the river (measured in metres above river bed),Hydrological Timeseries (available from 1st October 1990 09:00 - 1st October 2022 08:00),"The flows and level data were obtained from SEPA via the timeseries data service (https://timeseriesdoc.sepa.org.uk/; last access 23rd September 2025), from EA primarily through the Hydrology Data Explorer (https://environment.data.gov.uk/hydrology; last access 23rd September 2025) and, where unavailable, with staff assistance, and from NRW entirely with staff assistance. Flags derived from UKFlows15."
timeseries_hourly,level_flag,int64,—,0 … 0  (whole numbers),-,numeric flag that indicates the quality of the level data (full description of flags can be found in Figure S5 and Table S1-S3),Hydrological Timeseries (available from 1st October 1990 09:00 - 1st October 2022 08:00),"The flows and level data were obtained from SEPA via the timeseries data service (https://timeseriesdoc.sepa.org.uk/; last access 23rd September 2025), from EA primarily through the Hydrology Data Explorer (https://environment.data.gov.uk/hydrology; last access 23rd September 2025) and, where unavailable, with staff assistance, and from NRW entirely with staff assistance. Flags derived from UKFlows15."
timeseries_gw,date,datetime64[us],—,1976-08-01 00:00:00 … 2024-06-01 00:00:00,date,observation date (YYYY-MM-DD) of the groundwater level reading,Key,-
timeseries_gw,groundwater_level,float64,347  (60.3%),133.1 … 137,mAOD,groundwater level for a specific borehole at either daily or monthly timesteps,Groundwater Level Timeseries (daily and monthly timeseries for variable time periods),"British Geological Survey (BGS), National Groundwater Level Archive [online]. Available at: https://www2.bgs.ac.uk/groundwater/datainfo/levels/ngla.html (Accessed: 01 Feb 2025)."
