gid,persistence_L1,weather_L1,ar_L1,ar_donor_L1,ar_perfect_L1,persistence_L2,ar_donor_L2,persistence_L3,ar_donor_L3
6007,0.8849315643310547,0.8477542400360107,0.9269434213638306,0.9209581017494202,0.935579240322113,0.6867746710777283,0.7898393869400024,0.5031229257583618,0.6390359401702881
7001,0.11323744058609009,0.5014359951019287,0.5202535390853882,0.523507297039032,0.6759302616119385,-0.3271481990814209,0.19621658325195312,-0.45284390449523926,0.1396988034248352
7002,0.19804561138153076,0.634521484375,0.6549307107925415,0.6590394377708435,0.7231303453445435,-0.26964664459228516,0.2414311170578003,-0.3892250061035156,0.1568831205368042
7003,0.3657330870628357,0.695697009563446,0.7499241828918457,0.7518119215965271,0.8067898750305176,-0.11697161197662354,0.28131556510925293,-0.29146766662597656,0.17294847965240479
8004,0.2098720669746399,0.5303187370300293,0.5633590221405029,0.5608841776847839,0.7081382870674133,-0.22774505615234375,0.22645646333694458,-0.3543729782104492,0.16536009311676025
8005,0.7513665556907654,0.7451871633529663,0.8529828786849976,0.8588218688964844,0.8695762753486633,0.41824907064437866,0.5861949920654297,0.19706767797470093,0.4077797532081604
8006,0.6403012871742249,0.7697880864143372,0.8524543046951294,0.848848819732666,0.8784116506576538,0.27722424268722534,0.5183993577957153,0.08421331644058228,0.3527575731277466
8009,0.20142579078674316,0.5937587022781372,0.615412175655365,0.6186426877975464,0.704494833946228,-0.19878780841827393,0.2646065950393677,-0.2947511672973633,0.19735175371170044
9002,0.29540735483169556,0.7053903341293335,0.7199721932411194,0.7228721380233765,0.8417563438415527,-0.08647572994232178,0.3121910095214844,-0.15854990482330322,0.2430742383003235
9003,0.1581401228904724,0.5820732116699219,0.6101518273353577,0.6139853000640869,0.8059235215187073,-0.25825607776641846,0.2049264907836914,-0.38862931728363037,0.15127193927764893
9005,0.13005131483078003,0.46787720918655396,0.5085705518722534,0.5142289400100708,0.7293013334274292,-0.32090115547180176,0.1865801215171814,-0.4336724281311035,0.13537979125976562
10002,0.42328977584838867,0.7820615768432617,0.8232940435409546,0.8123003244400024,0.8262549042701721,0.01625216007232666,0.42887669801712036,-0.12463998794555664,0.32095056772232056
11001,0.6987748146057129,0.8363118171691895,0.8990615010261536,0.8939210176467896,0.914717435836792,0.43137210607528687,0.5914508104324341,0.3207794427871704,0.47583478689193726
11003,0.46360552310943604,0.695212185382843,0.7384693026542664,0.7329897880554199,0.8281583786010742,0.15386039018630981,0.4162893295288086,0.0979074239730835,0.3281460404396057
12001,0.35828834772109985,0.6930888891220093,0.7228405475616455,0.7170217037200928,0.7847357392311096,0.0304451584815979,0.3487589955329895,-0.07224428653717041,0.2677764296531677
12002,0.44976806640625,0.7300006151199341,0.7680067420005798,0.7590214014053345,0.8293834924697876,0.13583779335021973,0.3985477089881897,0.02190577983856201,0.30402934551239014
14001,0.717268705368042,0.8126293420791626,0.825883686542511,0.822802722454071,0.926408052444458,0.4399162530899048,0.5727376937866211,0.2590895891189575,0.4761730432510376
14002,0.7445938587188721,0.7514023780822754,0.7963026165962219,0.7890522480010986,0.8939317464828491,0.4789746403694153,0.5465738773345947,0.2875134348869324,0.4560791850090027
15006,0.7908034324645996,0.8721574544906616,0.9087982773780823,0.9077280163764954,0.9322533011436462,0.6188927888870239,0.6998466849327087,0.5116379261016846,0.5898564457893372
15007,0.8231968283653259,0.8645613193511963,0.8918123841285706,0.893866240978241,0.9270511269569397,0.676985502243042,0.7245504856109619,0.5740231275558472,0.6358732581138611
15010,0.47009944915771484,0.695300817489624,0.708715558052063,0.7078886032104492,0.8279268741607666,0.20243674516677856,0.4037892818450928,0.06713074445724487,0.3310980200767517
15011,0.15289396047592163,0.48268163204193115,0.5200735330581665,0.5241793394088745,0.704049289226532,-0.17436552047729492,0.25045090913772583,-0.24453496932983398,0.18797391653060913
15012,0.7967327833175659,0.7749518156051636,0.8383718132972717,0.8386175632476807,0.8905195593833923,0.6302158832550049,0.6691862344741821,0.5046171545982361,0.5719227194786072
15013,0.28907132148742676,0.5718316435813904,0.5940569639205933,0.5966658592224121,0.7888656258583069,0.009705781936645508,0.3416972756385803,-0.07840168476104736,0.2783999443054199
16001,0.6190728545188904,0.7845699787139893,0.8055552244186401,0.8085092306137085,0.8993077278137207,0.41776132583618164,0.5673298239707947,0.32192277908325195,0.49309617280960083
16003,0.023075759410858154,0.4087868928909302,0.4205518364906311,0.4349716901779175,0.7673903703689575,-0.2667158842086792,0.208335280418396,-0.3897901773452759,0.16703248023986816
16004,0.6816526651382446,0.8538007736206055,0.8742351531982422,0.8753843307495117,0.9200721979141235,0.4612000584602356,0.6067183613777161,0.34833425283432007,0.5203192830085754
17001,0.416748583316803,0.5994516611099243,0.6202836036682129,0.628242015838623,0.8259890079498291,0.06482124328613281,0.36432403326034546,-0.1203148365020752,0.2840232849121094
17003,0.3628057837486267,0.5272930860519409,0.5674397945404053,0.5762314200401306,0.8248189091682434,0.024939298629760742,0.30245208740234375,-0.1330190896987915,0.2542320489883423
17005,0.4020289182662964,0.6913580894470215,0.7101669311523438,0.711590051651001,0.888519287109375,0.0158727765083313,0.3408393859863281,-0.15002930164337158,0.27488821744918823
18001,0.33233368396759033,0.6317614316940308,0.6550053358078003,0.6580157279968262,0.8148096799850464,0.00920039415359497,0.3517606854438782,-0.12661433219909668,0.2857983112335205
18002,0.5090140104293823,0.7401126623153687,0.7868673801422119,0.783746600151062,0.8263291120529175,0.10401087999343872,0.39715486764907837,-0.09796464443206787,0.2984389662742615
18003,0.818098783493042,0.8552860617637634,0.8887916803359985,0.8907471895217896,0.9358574748039246,0.5579538345336914,0.6737281084060669,0.345364511013031,0.5176452994346619
19001,0.36413413286209106,0.7007070779800415,0.7303067445755005,0.7270019054412842,0.8622179627418518,-0.02421581745147705,0.3301704525947571,-0.19361567497253418,0.24779784679412842
19006,0.5266522169113159,0.6697663068771362,0.7034873962402344,0.7039570808410645,0.8674153089523315,0.20995205640792847,0.4261200428009033,0.049398720264434814,0.3483293056488037
19010,0.592877984046936,0.4762646555900574,0.638126790523529,0.6749982833862305,0.7287941575050354,0.34622031450271606,0.5175294876098633,0.27058714628219604,0.4919695258140564
20002,0.5904383659362793,0.683923602104187,0.7757936120033264,0.7739160060882568,0.8298587203025818,0.20489197969436646,0.44873660802841187,0.018204867839813232,0.35680055618286133
20003,0.3762362599372864,0.640052080154419,0.6506659388542175,0.648999035358429,0.784528911113739,-0.03142595291137695,0.2921949625015259,-0.21407854557037354,0.22795337438583374
20007,0.4726654887199402,0.6472651958465576,0.6756821870803833,0.6685857772827148,0.8212164640426636,0.09699273109436035,0.35622459650039673,-0.05916714668273926,0.31852787733078003
21003,0.586876630783081,0.7894276976585388,0.8168221712112427,0.8244513273239136,0.899617075920105,0.3151630163192749,0.5177514553070068,0.20619738101959229,0.43906962871551514
21006,0.5730347633361816,0.7997239232063293,0.8210945129394531,0.829129159450531,0.890935480594635,0.28064030408859253,0.5021374821662903,0.15857380628585815,0.4181118607521057
21008,0.4102039933204651,0.7134742736816406,0.7421605587005615,0.7431234121322632,0.8620502948760986,0.06459438800811768,0.39134353399276733,-0.06760764122009277,0.3235986828804016
21009,0.6201459765434265,0.8867672681808472,0.9095662832260132,0.909745454788208,0.9225881695747375,0.3263600468635559,0.5677096843719482,0.18428856134414673,0.4584086537361145
21011,0.6053792238235474,0.703255295753479,0.762178361415863,0.7707467675209045,0.8633648157119751,0.2527619004249573,0.4651872515678406,0.09301984310150146,0.36611783504486084
21012,0.332281231880188,0.6009451746940613,0.6085132360458374,0.6156390905380249,0.8603029251098633,0.010507762432098389,0.3507034182548523,-0.1017221212387085,0.2962256669998169
21013,0.5669447183609009,0.7293499112129211,0.7653793096542358,0.7652596831321716,0.836959719657898,0.2862641215324402,0.47940701246261597,0.13463133573532104,0.4011097550392151
21015,0.39979857206344604,0.6107263565063477,0.6557942032814026,0.6540735960006714,0.8021608591079712,0.08155828714370728,0.3608974814414978,-0.09394192695617676,0.30359095335006714
21016,0.43980085849761963,0.6404258012771606,0.6900522708892822,0.6900785565376282,0.8374594449996948,0.07494920492172241,0.36249756813049316,-0.12074172496795654,0.28548580408096313
21017,0.045793771743774414,0.3969244956970215,0.4076419472694397,0.41787564754486084,0.8043540120124817,-0.2889155149459839,0.19935917854309082,-0.38096654415130615,0.1651328206062317
21018,0.5675735473632812,0.733407199382782,0.7885585427284241,0.7964746952056885,0.8640652894973755,0.2435864806175232,0.4841480851173401,0.10480540990829468,0.40262460708618164
21022,0.3320434093475342,0.6968485116958618,0.7248272895812988,0.7226575613021851,0.8148414492607117,-0.0421825647354126,0.3293291926383972,-0.21849429607391357,0.26341378688812256
21023,0.20731830596923828,0.49470919370651245,0.567573606967926,0.5633501410484314,0.589586615562439,-0.2698420286178589,0.2307267189025879,-0.40639710426330566,0.1788683533668518
21024,0.1986514925956726,0.5279621481895447,0.5597492456436157,0.5653069019317627,0.8245562314987183,-0.18572628498077393,0.2596305012702942,-0.31335604190826416,0.22354942560195923
22001,0.4172394871711731,0.7403416633605957,0.7777214646339417,0.7782721519470215,0.8730002641677856,-0.013769268989562988,0.3568230867385864,-0.20334136486053467,0.2668073773384094
22006,0.43907350301742554,0.7599440813064575,0.7924169898033142,0.7863121032714844,0.8718326091766357,0.002234160900115967,0.3697900176048279,-0.17532658576965332,0.27910512685775757
22007,0.3997657895088196,0.6606033444404602,0.6969829797744751,0.6846328377723694,0.8531262278556824,-0.06101727485656738,0.3172565698623657,-0.27207398414611816,0.24291419982910156
22009,0.35808080434799194,0.6922812461853027,0.7206671237945557,0.7200409173965454,0.8521330952644348,-0.07330739498138428,0.3279786705970764,-0.2676433324813843,0.2483588457107544
23001,0.3092314600944519,0.7394927740097046,0.7667574882507324,0.7615242004394531,0.8823338747024536,-0.07717978954315186,0.35138386487960815,-0.23013639450073242,0.2785535454750061
23004,0.1752774715423584,0.6126344799995422,0.6313365697860718,0.6349100470542908,0.8554830551147461,-0.22922027111053467,0.2683749198913574,-0.3754509687423706,0.2102488875389099
23006,0.11481386423110962,0.5164842009544373,0.5394318103790283,0.5429742932319641,0.842725932598114,-0.29363977909088135,0.22294753789901733,-0.43557608127593994,0.17420822381973267
23007,0.5041599869728088,0.6296543478965759,0.6801766157150269,0.6737639904022217,0.8612202405929565,0.15648192167282104,0.3800937533378601,-0.04106748104095459,0.3048463463783264
23008,0.2011520266532898,0.6130976676940918,0.6414084434509277,0.6351264715194702,0.8303709030151367,-0.23014962673187256,0.2533683180809021,-0.4043785333633423,0.20145821571350098
23011,-0.03409397602081299,0.4104815721511841,0.43309593200683594,0.4353099465370178,0.8079710006713867,-0.4075472354888916,0.16712141036987305,-0.552147388458252,0.13343143463134766
24001,0.3371913433074951,0.7173601388931274,0.7318222522735596,0.7273144125938416,0.8506736755371094,-0.05103635787963867,0.3507062792778015,-0.22281920909881592,0.27216219902038574
24003,0.1527729034423828,0.5054231882095337,0.5291876792907715,0.5306990146636963,0.8121162056922913,-0.27092063426971436,0.25033003091812134,-0.3810868263244629,0.19349175691604614
24004,0.38772332668304443,0.6258598566055298,0.6509281992912292,0.6631649732589722,0.8341485261917114,0.032608747482299805,0.36291640996932983,-0.14870595932006836,0.28859251737594604
24005,0.3095024824142456,0.5459208488464355,0.5842432379722595,0.5857371091842651,0.7900909781455994,-0.1062767505645752,0.27904701232910156,-0.3237036466598511,0.20512539148330688
25001,0.2773897051811218,0.6967613697052002,0.7277590036392212,0.7237344980239868,0.846286952495575,-0.09988057613372803,0.3365938067436218,-0.2548222541809082,0.26044243574142456
25006,0.18161773681640625,0.526498019695282,0.5455502867698669,0.5509718656539917,0.8007860779762268,-0.26857686042785645,0.239404559135437,-0.40030181407928467,0.183465838432312
25012,0.05249166488647461,0.4071708917617798,0.43063127994537354,0.4420778155326843,0.8324408531188965,-0.3081929683685303,0.20987218618392944,-0.43687498569488525,0.16241228580474854
25020,0.6874350309371948,0.7819209694862366,0.804248571395874,0.8084779381752014,0.825851559638977,0.2989659905433655,0.501388430595398,0.02796804904937744,0.34919726848602295
26003,0.9875416159629822,0.5751979351043701,0.9607035517692566,0.9422318935394287,0.9594752192497253,0.9784488677978516,0.9073861241340637,0.9723032712936401,0.9043654799461365
27001,0.37870341539382935,0.7767004370689392,0.8044697046279907,0.8064868450164795,0.8820528984069824,-0.031218767166137695,0.38570892810821533,-0.2129840850830078,0.3043886423110962
27003,0.7193080186843872,0.8982675075531006,0.9288768768310547,0.9259073138237,0.9440544843673706,0.4250938892364502,0.6329257488250732,0.2304975390434265,0.4790462255477905
27006,0.3460009694099426,0.6287166476249695,0.6712034344673157,0.666015625,0.8378187417984009,0.032731056213378906,0.3775896430015564,-0.1330047845840454,0.3062525987625122
27007,0.41806310415267944,0.8251035809516907,0.836668848991394,0.8435307145118713,0.8661819696426392,0.001055896282196045,0.4223402738571167,-0.1487586498260498,0.3079545497894287
27009,0.8177292346954346,0.8560224771499634,0.9028221964836121,0.9002518653869629,0.8754837512969971,0.5564835071563721,0.7864555716514587,0.3771435022354126,0.5943114757537842
27021,0.5996886491775513,0.8112198114395142,0.8524478673934937,0.858198881149292,0.8992455005645752,0.2270241379737854,0.49366575479507446,0.03585672378540039,0.3654822111129761
27023,0.26566213369369507,0.6012299060821533,0.627754271030426,0.6227622032165527,0.847348690032959,-0.05661916732788086,0.33288007974624634,-0.21102988719940186,0.26566487550735474
27025,0.45959776639938354,0.6919570565223694,0.7681470513343811,0.7617043256759644,0.8551397919654846,0.06779974699020386,0.39985549449920654,-0.11555492877960205,0.29815423488616943
27026,0.3080902099609375,0.5992610454559326,0.6186586618423462,0.6110068559646606,0.8353924751281738,-0.003570556640625,0.3524583578109741,-0.15644240379333496,0.29234611988067627
27029,0.44256967306137085,0.6965365409851074,0.7277205586433411,0.7241754531860352,0.9032778143882751,0.12632548809051514,0.4205532670021057,-0.040277838706970215,0.3394024968147278
27030,0.5155700445175171,0.7034990787506104,0.7798832654953003,0.777004599571228,0.8744621872901917,0.15629935264587402,0.42955005168914795,-0.03409445285797119,0.32452183961868286
27032,0.2604520916938782,-0.19371509552001953,0.2046005129814148,0.3027483820915222,0.5191518068313599,-0.1571718454360962,0.031321823596954346,-0.2865288257598877,-0.05511033535003662
27034,0.33541810512542725,0.7258104085922241,0.7478530406951904,0.7567500472068787,0.8694405555725098,-0.040192604064941406,0.35903316736221313,-0.19910717010498047,0.26999688148498535
27035,0.6300652027130127,0.8369315266609192,0.8538746237754822,0.8509508371353149,0.9094737768173218,0.2814221978187561,0.5109684467315674,0.0765950083732605,0.38317304849624634
27038,0.7674416303634644,0.11121177673339844,0.8407975435256958,0.8222321271896362,0.8495644330978394,0.5654796361923218,0.6602064371109009,0.4781351089477539,0.6241714954376221
27042,0.4848363995552063,0.6986796855926514,0.7110852599143982,0.7193147540092468,0.8518129587173462,0.17402637004852295,0.430852472782135,-0.00968790054321289,0.37463945150375366
27047,-0.029366254806518555,0.36625057458877563,0.37468695640563965,0.3817087411880493,0.8457521200180054,-0.3880566358566284,0.17694121599197388,-0.4988909959793091,0.13096123933792114
27051,0.18341171741485596,0.48373931646347046,0.5009746551513672,0.5122138261795044,0.868354082107544,-0.18188142776489258,0.2749401926994324,-0.2965965270996094,0.22460508346557617
27071,0.7398825883865356,0.8413873910903931,0.8764103055000305,0.8784637451171875,0.8532607555389404,0.40710383653640747,0.6907843947410583,0.21387505531311035,0.48696017265319824
28001,0.389350950717926,0.47198760509490967,0.657721996307373,0.6497344374656677,0.7475683093070984,0.03531026840209961,0.3864942789077759,-0.1380622386932373,0.31802457571029663
28008,0.5520978569984436,0.7776477932929993,0.8066295981407166,0.8087964653968811,0.8766583204269409,0.33063650131225586,0.5424579381942749,0.20048105716705322,0.46455442905426025
28009,0.9042214155197144,0.8855652213096619,0.9211196899414062,0.9172242879867554,0.9225466251373291,0.7284571528434753,0.8507618308067322,0.5665807723999023,0.7078449726104736
28012,0.847760796546936,0.8137882351875305,0.89738529920578,0.894862174987793,0.8768962621688843,0.6083287000656128,0.7804871797561646,0.4302980303764343,0.6164647340774536
28018,0.6356500387191772,0.9111774563789368,0.9226791262626648,0.925712525844574,0.9054799675941467,0.3218897581100464,0.604793906211853,0.18029886484146118,0.47259849309921265
28022,0.9201284050941467,0.8503825664520264,0.9088557958602905,0.9073055982589722,0.9015203714370728,0.7701007723808289,0.8732372522354126,0.6267492771148682,0.7437873482704163
28024,0.7503929138183594,0.8183964490890503,0.8718264102935791,0.8736567497253418,0.881921112537384,0.4674394726753235,0.6234094500541687,0.27574652433395386,0.47026824951171875
28026,0.5648366212844849,0.8002150654792786,0.8785779476165771,0.8668198585510254,0.8780633211135864,0.20939689874649048,0.5293319225311279,0.05229175090789795,0.38418370485305786
28031,0.33798229694366455,0.6514050364494324,0.6732931137084961,0.6672394275665283,0.8312375545501709,0.052161455154418945,0.40339410305023193,-0.08908188343048096,0.3372957706451416
28039,-0.1433802843093872,0.24475085735321045,0.2643924355506897,0.26775944232940674,0.7544164657592773,-0.3851362466812134,0.1316889524459839,-0.5193002223968506,0.0831756591796875
28040,0.325852632522583,0.5981747508049011,0.6189942955970764,0.6196572184562683,0.8237060904502869,-0.11333322525024414,0.26565879583358765,-0.28773677349090576,0.20330512523651123
28043,0.5451428890228271,0.7194608449935913,0.772724986076355,0.7722625136375427,0.8689579367637634,0.24416083097457886,0.5052894353866577,0.07711035013198853,0.4126569628715515
28046,0.763090193271637,0.7725648283958435,0.8494642376899719,0.8634481430053711,0.8924453258514404,0.6044216156005859,0.6799389123916626,0.5161679983139038,0.6051586866378784
28048,0.24660438299179077,0.6263949871063232,0.6553617715835571,0.6509178280830383,0.7805031538009644,-0.07813072204589844,0.3240291476249695,-0.2343076467514038,0.26466894149780273
28050,0.8280602097511292,0.7261459231376648,0.8739601373672485,0.8660129308700562,0.8944624066352844,0.5732494592666626,0.6769300699234009,0.38838422298431396,0.5401434898376465
28052,0.7099905610084534,0.7763707041740417,0.8886906504631042,0.8797840476036072,0.8870136737823486,0.3634503483772278,0.5646229982376099,0.18533623218536377,0.4125440716743469
28067,0.7099829912185669,0.8691432476043701,0.9082830548286438,0.910500705242157,0.9110625386238098,0.4340673089027405,0.6410378813743591,0.2723045349121094,0.5154584050178528
28080,0.4236997365951538,0.658029317855835,0.708881139755249,0.7146728038787842,0.8248497247695923,0.08309948444366455,0.3707561492919922,-0.09831857681274414,0.2669803500175476
28082,0.5623310804367065,0.8538999557495117,0.8838891386985779,0.8755576610565186,0.9071188569068909,0.24331426620483398,0.5011541843414307,0.09209567308425903,0.39804428815841675
28085,0.731951117515564,0.8953366279602051,0.9229909777641296,0.9240565299987793,0.9373869895935059,0.5069726705551147,0.6729025840759277,0.3806834816932678,0.5690444707870483
29002,0.7154614329338074,0.728786051273346,0.813398003578186,0.818384051322937,0.8536396026611328,0.5210103988647461,0.6287808418273926,0.4387003779411316,0.6002234220504761
29003,0.8007084131240845,0.7109195590019226,0.8148815631866455,0.818762481212616,0.816554069519043,0.7158982753753662,0.761733889579773,0.6906961798667908,0.755435049533844
29005,0.6048684120178223,0.2775753140449524,0.7301671504974365,0.7266354560852051,0.7585170865058899,0.36418086290359497,0.49637049436569214,0.22614365816116333,0.42594343423843384
30001,0.7250864505767822,0.8401309847831726,0.9058340787887573,0.9056614637374878,0.9322236776351929,0.492201566696167,0.6678857803344727,0.3932383060455322,0.5892679691314697
30004,0.3538603186607361,0.6631691455841064,0.673751711845398,0.6568424701690674,0.7039583921432495,0.08491212129592896,0.4022655487060547,-0.07268893718719482,0.327820360660553
30005,0.7674610614776611,0.7905831336975098,0.8986256122589111,0.8929859399795532,0.9152893424034119,0.663192629814148,0.7606750130653381,0.6285766959190369,0.7308785915374756
30011,0.6852188110351562,0.7305763363838196,0.8201544880867004,0.8313658833503723,0.8638813495635986,0.4108883738517761,0.5389658212661743,0.21772640943527222,0.4584006071090698
30012,0.35992997884750366,0.6717593669891357,0.7213752269744873,0.7165865302085876,0.7893663644790649,0.03394746780395508,0.3754914402961731,-0.16678190231323242,0.3099978566169739
30014,0.2021019458770752,0.5691463947296143,0.6010336875915527,0.5991330146789551,0.755781888961792,-0.06509733200073242,0.33732181787490845,-0.2633465528488159,0.26379066705703735
31002,0.6794970035552979,0.7225866317749023,0.8924718499183655,0.8825994729995728,0.8966673612594604,0.4211248755455017,0.6290632486343384,0.3278248906135559,0.546281099319458
31006,0.983066201210022,-0.5974339246749878,0.8601511120796204,0.8888058662414551,0.8622644543647766,0.9623831510543823,0.8636546730995178,0.9493252038955688,0.8426262736320496
31010,0.3914605975151062,0.6767669916152954,0.7420670390129089,0.7344505786895752,0.7882816791534424,0.1684167981147766,0.4625701904296875,0.044671595096588135,0.3954664468765259
31021,0.57936030626297,0.7837589979171753,0.8630502820014954,0.8547646999359131,0.8338372111320496,0.2666468620300293,0.5472546815872192,0.1317766308784485,0.42178118228912354
31023,-0.06994128227233887,0.35401153564453125,0.36156564950942993,0.3655201196670532,0.68120938539505,-0.3704022169113159,0.16068077087402344,-0.49697554111480713,0.13006210327148438
32003,0.016997039318084717,0.5743178129196167,0.5667468309402466,0.5603740215301514,0.7138727903366089,-0.23969697952270508,0.2675791382789612,-0.33006155490875244,0.22443348169326782
32004,0.6787090301513672,0.7753215432167053,0.8319486379623413,0.8268781900405884,0.8701130151748657,0.31694555282592773,0.5417495965957642,0.16475003957748413,0.4039629101753235
32006,0.6931271553039551,0.8300571441650391,0.8925302028656006,0.8988488912582397,0.9042935967445374,0.4514453411102295,0.6305217742919922,0.3442702889442444,0.5344319939613342
32008,0.5694739818572998,0.7917180061340332,0.8270838260650635,0.8284403085708618,0.8808440566062927,0.32418519258499146,0.5298298597335815,0.19561243057250977,0.45278191566467285
33006,0.9607293009757996,0.48075443506240845,0.8415046334266663,0.8423676490783691,0.849931001663208,0.8908737897872925,0.8790045380592346,0.819771409034729,0.8397059440612793
33007,0.9590564966201782,0.7303569912910461,0.9346185922622681,0.9168556928634644,0.9158716797828674,0.8968499302864075,0.8893672227859497,0.8538112640380859,0.8466325998306274
33012,0.3706549406051636,0.7484813928604126,0.7773846387863159,0.7837351560592651,0.7840527296066284,-0.008107304573059082,0.37788116931915283,-0.16049182415008545,0.2854177951812744
33013,0.9181848168373108,0.192718505859375,0.8185491561889648,0.8198246359825134,0.7754719257354736,0.749848484992981,0.7774330973625183,0.5781040191650391,0.6876636743545532
33014,0.8388993144035339,0.7930388450622559,0.9086050391197205,0.8848718404769897,0.8860055804252625,0.6206973195075989,0.7287774085998535,0.493627667427063,0.6318109035491943
33018,0.33274316787719727,0.7419899702072144,0.750901460647583,0.7422097325325012,0.8376674652099609,0.046222984790802,0.3958176374435425,-0.07480883598327637,0.3376653790473938
33019,0.9752619862556458,0.6581390500068665,0.8868119716644287,0.8704814314842224,0.8506494760513306,0.9194842576980591,0.8626351356506348,0.8529766201972961,0.842436671257019
33021,0.924263060092926,0.6891615390777588,0.9174454808235168,0.9167817831039429,0.9221269488334656,0.7842442393302917,0.8146699666976929,0.6599686741828918,0.731074869632721
33022,0.7795149087905884,0.8571536540985107,0.9317519068717957,0.9262598156929016,0.9328804016113281,0.5528733730316162,0.7046594619750977,0.4136422276496887,0.5813096761703491
33023,0.6865578889846802,0.1838703155517578,0.7354476451873779,0.7307698130607605,0.7083791494369507,0.4598965644836426,0.4630977511405945,0.3708106279373169,0.44779086112976074
33024,0.7089201211929321,0.6159771680831909,0.8675159811973572,0.863853931427002,0.858563244342804,0.42690807580947876,0.640038251876831,0.31041306257247925,0.5127518177032471
33026,0.8939432501792908,0.7944942712783813,0.9153003096580505,0.9240392446517944,0.9228397607803345,0.7451421022415161,0.8180182576179504,0.588709831237793,0.6981491446495056
33028,0.42894476652145386,0.7396723628044128,0.8070262670516968,0.8112303018569946,0.8337503671646118,0.14674615859985352,0.4441797137260437,-0.02823817729949951,0.3559085726737976
33029,0.9030064940452576,0.7611837387084961,0.9363179802894592,0.9272605776786804,0.9247843027114868,0.7866395115852356,0.805395245552063,0.7162323594093323,0.7557464838027954
33031,0.3392610549926758,0.5309744477272034,0.5889332890510559,0.5866761207580566,0.6728760004043579,-0.1714695692062378,0.2580409646034241,-0.3658965826034546,0.16432708501815796
33032,0.9938904047012329,0.027250826358795166,0.9010377526283264,0.8508827686309814,0.8540982007980347,0.989126443862915,0.8189660310745239,0.9843283891677856,0.8510299921035767
33033,0.6070342063903809,0.6432580947875977,0.7813068628311157,0.7759680151939392,0.832796573638916,0.36991584300994873,0.5436336994171143,0.25117748975753784,0.47850674390792847
33034,0.9689774513244629,0.6155000925064087,0.877828061580658,0.8765523433685303,0.8790988922119141,0.9011504054069519,0.845187246799469,0.8255012035369873,0.8205820322036743
33035,0.8739432096481323,0.754051148891449,0.8902581334114075,0.8764879703521729,0.8808363676071167,0.795169472694397,0.8204546570777893,0.7353494167327881,0.7665395736694336
33039,0.903796911239624,0.7038861513137817,0.8559554219245911,0.8710012435913086,0.8646799921989441,0.7476196885108948,0.8045636415481567,0.5852711200714111,0.6971291899681091
33053,0.6170605421066284,0.5539078712463379,0.7270873785018921,0.7127059698104858,0.7100743055343628,0.306458055973053,0.46960896253585815,0.18320798873901367,0.38987308740615845
34002,0.7146271467208862,0.7369856834411621,0.8721270561218262,0.8832837343215942,0.852981686592102,0.3632655739784241,0.5914255976676941,0.1803516149520874,0.4544922113418579
34003,0.7552193999290466,0.2533641457557678,0.8143819570541382,0.8089101314544678,0.7083704471588135,0.48203152418136597,0.5877165794372559,0.3494170308113098,0.4692610502243042
34004,0.9637694358825684,0.3850000500679016,0.7500036358833313,0.728978157043457,0.6560171246528625,0.8897432088851929,0.8353439569473267,0.8095059394836426,0.8104443550109863
34005,0.718744695186615,0.585962176322937,0.8284623622894287,0.8384949564933777,0.768011748790741,0.38251763582229614,0.5883728265762329,0.21433550119400024,0.4350353479385376
34006,0.7085212469100952,0.7655125856399536,0.8883867263793945,0.8954512476921082,0.878707766532898,0.34335029125213623,0.6406840085983276,0.1293116807937622,0.4537023901939392
34007,0.5238226652145386,0.714118242263794,0.8132059574127197,0.8067009449005127,0.8044864535331726,0.030070483684539795,0.4136815071105957,-0.1789991855621338,0.28627490997314453
34008,0.7804123163223267,-0.7875171899795532,0.6995216608047485,0.7433865070343018,0.5454103946685791,0.5581395626068115,0.5070745944976807,0.43680959939956665,0.3893696069717407
34010,0.6573430299758911,0.618463397026062,0.8333109617233276,0.8273166418075562,0.8189502954483032,0.2700555920600891,0.5313969850540161,0.0907396674156189,0.3937302827835083
34011,0.9006831049919128,-0.4125642776489258,0.7170079350471497,0.6721357107162476,0.6437631845474243,0.7684356570243835,0.7533864974975586,0.6872799396514893,0.6916335225105286
34012,0.9916091561317444,-1.648587703704834,0.7409179210662842,0.7374091148376465,0.7094906568527222,0.9863184690475464,0.7538353800773621,0.9825999736785889,0.7890881299972534
35003,0.1238100528717041,0.47682517766952515,0.5682418942451477,0.5579303503036499,0.5362105965614319,-0.5077239274978638,0.20415085554122925,-0.5953067541122437,0.12916892766952515
35008,0.40856218338012695,0.7773475646972656,0.8049792647361755,0.795556902885437,0.8319276571273804,0.025770187377929688,0.4220709204673767,-0.0966024398803711,0.3398675322532654
36003,0.4462665915489197,0.7595613598823547,0.8163509368896484,0.8175402283668518,0.8170282244682312,0.13690185546875,0.45656341314315796,0.010268747806549072,0.38100433349609375
36006,0.8338911533355713,0.6249870657920837,0.7957499027252197,0.8173158764839172,0.8254641890525818,0.5702263712882996,0.7391879558563232,0.3687271475791931,0.5635826587677002
36009,0.3270065188407898,0.694318950176239,0.705373227596283,0.7036392688751221,0.7753967046737671,-0.02562427520751953,0.3820646405220032,-0.1475849151611328,0.31477582454681396
36010,0.14978790283203125,0.557383120059967,0.5762547254562378,0.5654996037483215,0.7125501036643982,-0.15896213054656982,0.29030776023864746,-0.263849139213562,0.23711568117141724
36011,0.2096177339553833,0.596621572971344,0.5985950231552124,0.590259313583374,0.7641562223434448,-0.11110329627990723,0.294683039188385,-0.24100053310394287,0.2381247878074646
36012,0.31353259086608887,0.5559219121932983,0.6822704672813416,0.6724733114242554,0.7149658799171448,0.02462536096572876,0.36818891763687134,-0.1208808422088623,0.3020990490913391
37001,0.8233028650283813,0.7913925051689148,0.8675891160964966,0.8678704500198364,0.8799169063568115,0.5137407183647156,0.6855269074440002,0.2772642970085144,0.4975242614746094
37003,0.7271246910095215,0.6460070610046387,0.8294352293014526,0.8307384252548218,0.8376335501670837,0.3867354393005371,0.5470616817474365,0.1924627423286438,0.4120293855667114
37005,0.79944908618927,0.7924955487251282,0.8835899829864502,0.8882362842559814,0.8856970071792603,0.4907793402671814,0.6924307346343994,0.2920544147491455,0.5045769214630127
37008,0.7047266364097595,0.8006354570388794,0.8685457110404968,0.8643862009048462,0.8570372462272644,0.34591609239578247,0.6258843541145325,0.14579659700393677,0.44462311267852783
37009,0.5612520575523376,0.7961414456367493,0.8600000739097595,0.854861855506897,0.8260058164596558,0.19394898414611816,0.45333415269851685,0.011430323123931885,0.34016573429107666
37010,0.7669886350631714,0.7344529032707214,0.84043288230896,0.8493248224258423,0.8575026988983154,0.4307261109352112,0.6421970725059509,0.20011329650878906,0.4603651165962219
37011,0.35749000310897827,0.8178308010101318,0.8137911558151245,0.8062734603881836,0.8038890361785889,0.03397578001022339,0.4145892262458801,-0.12668681144714355,0.31696486473083496
37018,-0.022220492362976074,0.5516235828399658,0.5465937852859497,0.5444678068161011,0.6721749305725098,-0.31263041496276855,0.21069753170013428,-0.4309120178222656,0.16828930377960205
37019,0.02936500310897827,0.4508880376815796,0.450178861618042,0.45783907175064087,0.7290925979614258,-0.3363380432128906,0.14501941204071045,-0.44565248489379883,0.11772137880325317
37020,0.5110012888908386,0.7321188449859619,0.8054296970367432,0.7989139556884766,0.8076578974723816,0.08217322826385498,0.4192883372306824,-0.11883676052093506,0.29292410612106323
38001,0.6617254018783569,0.6747294664382935,0.883793830871582,0.869422435760498,0.8851206302642822,0.33956581354141235,0.5605798959732056,0.17796587944030762,0.4355953335762024
38003,0.879846453666687,-0.3662222623825073,0.40277326107025146,0.5098468065261841,0.5620355606079102,0.8388183116912842,0.5547055006027222,0.8186110258102417,0.5327931046485901
38007,-0.009074568748474121,0.3496251702308655,0.3805973529815674,0.37013936042785645,0.7910299301147461,-0.3115668296813965,0.15594899654388428,-0.4640042781829834,0.12081360816955566
38014,0.17111998796463013,0.480124831199646,0.4954485297203064,0.49813467264175415,0.7899954915046692,-0.13456010818481445,0.2443021535873413,-0.29147887229919434,0.20332330465316772
38017,0.9906419515609741,-3.1031341552734375,0.7524223923683167,0.7122846841812134,0.5521374940872192,0.9859259128570557,0.5425244569778442,0.9828031063079834,0.41772568225860596
38018,0.8263198137283325,0.7709420919418335,0.8939353823661804,0.891181468963623,0.9147907495498657,0.6506266593933105,0.7212142944335938,0.552614688873291,0.6376909017562866
38021,0.2516694664955139,0.618056058883667,0.6202392578125,0.6254956126213074,0.7827585935592651,-0.0415571928024292,0.31097936630249023,-0.2152930498123169,0.2539002299308777
39001,0.9628231525421143,0.8811988830566406,0.9533215165138245,0.9439224600791931,0.91643887758255,0.9005644917488098,0.9196169972419739,0.8399604558944702,0.8623315095901489
39006,0.9866905212402344,0.8702169060707092,0.9540501832962036,0.9489229917526245,0.949776291847229,0.9580768346786499,0.9325942993164062,0.9233059883117676,0.9085499048233032
39007,0.7017863392829895,0.8531209826469421,0.8880583643913269,0.8938124179840088,0.8646839261054993,0.39279186725616455,0.6193324327468872,0.23894649744033813,0.4803760051727295
39010,0.9557607769966125,-0.012259244918823242,0.738674521446228,0.6174507141113281,0.6193603277206421,0.8977344036102295,0.729864239692688,0.8499084115028381,0.6761234998703003
39011,0.6226019859313965,0.7322094440460205,0.8569881916046143,0.8595761656761169,0.8597002625465393,0.3304452896118164,0.5508291721343994,0.21022725105285645,0.43812042474746704
39012,0.20774781703948975,0.2820914387702942,0.4970860481262207,0.47645479440689087,0.7983945608139038,-0.12269985675811768,0.24589163064956665,-0.2512328624725342,0.18604743480682373
39014,0.9742110371589661,-0.7762296199798584,0.5889676213264465,0.6825650930404663,0.5507794618606567,0.9488235116004944,0.7166621685028076,0.9271995425224304,0.6427320837974548
39016,0.9528198838233948,0.7103203535079956,0.918742299079895,0.8907701373100281,0.8928401470184326,0.9041505455970764,0.8788589239120483,0.8697260618209839,0.8377043604850769
39020,0.9962755441665649,0.8445317149162292,0.9607434272766113,0.9465133547782898,0.9449748992919922,0.9877904057502747,0.9498574137687683,0.975538432598114,0.9474997520446777
39021,0.9190974831581116,0.5578747391700745,0.7197651267051697,0.7131761312484741,0.7201883792877197,0.7980291843414307,0.8687118887901306,0.7097314596176147,0.7738364934921265
39022,0.7068106532096863,0.839641809463501,0.9110392928123474,0.9115390181541443,0.9168108701705933,0.45332765579223633,0.6316644549369812,0.3258611559867859,0.5301216244697571
39023,0.9138242602348328,-1.8781087398529053,0.41763734817504883,0.3509100079536438,0.3150053024291992,0.8794297575950623,0.5314801335334778,0.8590745329856873,0.4503507614135742
39025,0.6286489963531494,0.8423044681549072,0.8599051833152771,0.8385859131813049,0.908402681350708,0.3826664686203003,0.5757766366004944,0.26202237606048584,0.49801796674728394
39027,0.9614561796188354,0.031118333339691162,0.8167800903320312,0.8262943625450134,0.80662602186203,0.9045027494430542,0.8140650987625122,0.845477283000946,0.7683936357498169
39028,0.9856326580047607,0.30907225608825684,0.8854539394378662,0.8152862787246704,0.825554370880127,0.9722779393196106,0.8729259371757507,0.961302638053894,0.8473614454269409
39029,0.7535253763198853,0.23630452156066895,0.6551433801651001,0.770745038986206,0.6958836317062378,0.5381990075111389,0.5184630155563354,0.4334715008735657,0.4189079999923706
39034,0.9456379413604736,0.856977105140686,0.93074631690979,0.9278097152709961,0.8979247808456421,0.8634811639785767,0.9119020104408264,0.7927365303039551,0.8367267847061157
39035,0.9874222874641418,0.5388228893280029,0.9491425156593323,0.9393218159675598,0.9313388466835022,0.9735713601112366,0.9196557402610779,0.9607556462287903,0.9039508700370789
39036,0.6572487354278564,-4.6494269371032715,-0.12457454204559326,0.058564066886901855,0.11583083868026733,0.4453830122947693,-0.09001171588897705,0.3426525592803955,-0.23488306999206543
39037,0.9828230142593384,0.7471543550491333,0.9714363813400269,0.9667553305625916,0.9695963859558105,0.9644598960876465,0.9471696019172668,0.9483501315116882,0.9281994104385376
39042,0.986809253692627,0.7615113854408264,0.9381869435310364,0.9300399422645569,0.9250473976135254,0.9667419791221619,0.919488251209259,0.9435005187988281,0.9052463173866272
39052,0.40538835525512695,0.6123093366622925,0.6187067627906799,0.6105272769927979,0.8206818103790283,0.06521403789520264,0.33421146869659424,-0.09976804256439209,0.2773696780204773
39061,0.9971676468849182,0.6664132475852966,0.9739060401916504,0.9673705697059631,0.9704023599624634,0.991937518119812,0.9632165431976318,0.9853970408439636,0.9556162357330322
39081,0.9126065373420715,0.7803161144256592,0.8952049016952515,0.9014566540718079,0.8632262945175171,0.7559131383895874,0.841798722743988,0.6190063953399658,0.734657883644104
40003,0.726449191570282,0.8582819700241089,0.9002322554588318,0.8993837833404541,0.9073956608772278,0.40791743993759155,0.6545434594154358,0.23795545101165771,0.5048496723175049
40004,0.5026538372039795,0.8084436655044556,0.8546026945114136,0.8421065807342529,0.8599214553833008,0.15703421831130981,0.46763908863067627,0.034220755100250244,0.3749186396598816
40005,0.5869765877723694,0.8668991923332214,0.8812260627746582,0.8752630949020386,0.8834105730056763,0.15498238801956177,0.542682409286499,-0.023810505867004395,0.37399822473526
40007,0.43554121255874634,0.7942612171173096,0.794572114944458,0.7949796319007874,0.8493199348449707,0.16444379091262817,0.4512070417404175,0.08122050762176514,0.3943963050842285
40009,0.30889320373535156,0.6154507398605347,0.6738288402557373,0.6920069456100464,0.8280274868011475,0.0381200909614563,0.34595340490341187,-0.02540445327758789,0.3049778342247009
40010,0.512066125869751,0.8467893600463867,0.8810998201370239,0.8754961490631104,0.8862801790237427,0.1389968991279602,0.4868420958518982,-0.02939784526824951,0.36717861890792847
40011,0.8771879076957703,0.8778859376907349,0.9471197128295898,0.9489696621894836,0.9090845584869385,0.7032952308654785,0.8191947937011719,0.5789779424667358,0.6966673135757446
40012,0.9415315389633179,0.6331262588500977,0.9239057302474976,0.9168112277984619,0.8826475143432617,0.8438714742660522,0.8435516357421875,0.7658686637878418,0.7665989995002747
40013,0.692190945148468,0.5629657506942749,0.8049557209014893,0.8164605498313904,0.857297420501709,0.33817237615585327,0.529399037361145,0.11428529024124146,0.41793280839920044
40016,0.18794363737106323,0.025489747524261475,0.3015645742416382,0.30973756313323975,0.601784884929657,-0.12327194213867188,0.15930777788162231,-0.21076273918151855,0.20158833265304565
40018,0.852372407913208,0.8034041523933411,0.9239997863769531,0.9210164546966553,0.8894118070602417,0.6653693914413452,0.7586188316345215,0.5401378870010376,0.6389080882072449
41001,0.24581867456436157,0.32325243949890137,0.5017704963684082,0.5020314455032349,0.6480720043182373,0.027184128761291504,0.3221127390861511,-0.1203925609588623,0.26796913146972656
41003,0.418575644493103,0.7622713446617126,0.7865859270095825,0.7799854278564453,0.8151876926422119,-0.0038001537322998047,0.3885188698768616,-0.1363239288330078,0.2987591624259949
41005,0.440518856048584,0.8279808759689331,0.8510449528694153,0.8548539876937866,0.8945878148078918,0.1667642593383789,0.46772587299346924,0.09739714860916138,0.4023967385292053
41006,-0.033738136291503906,0.538909912109375,0.5450436472892761,0.5602431297302246,0.7090203762054443,-0.1870187520980835,0.2693482041358948,-0.2573202848434448,0.250410795211792
41011,0.37613701820373535,0.6806917190551758,0.7203478813171387,0.7190118432044983,0.8419829607009888,0.11102354526519775,0.4252505302429199,0.028393685817718506,0.3757022023200989
41012,0.35209566354751587,0.6994805335998535,0.7446573972702026,0.7420862913131714,0.7899049520492554,-0.009010076522827148,0.3610599637031555,-0.11479854583740234,0.28760677576065063
41013,0.0983538031578064,0.5017473697662354,0.5183694362640381,0.5102825164794922,0.7903797030448914,-0.06502234935760498,0.3123837113380432,-0.21120131015777588,0.28150808811187744
41014,0.6456212997436523,0.8517778515815735,0.8700417876243591,0.8789606690406799,0.8935413360595703,0.26894527673721313,0.6156142950057983,0.07631087303161621,0.41287660598754883
41016,0.21894532442092896,0.561082661151886,0.580061674118042,0.5836107730865479,0.8004374504089355,0.053869664669036865,0.3859405517578125,-0.0732722282409668,0.34268879890441895
41019,0.34409964084625244,0.7899278998374939,0.8214645385742188,0.8218580484390259,0.8670293688774109,0.056010901927948,0.4091998338699341,-0.04268801212310791,0.33782970905303955
41020,0.17422211170196533,0.6434774994850159,0.6642985343933105,0.6697061657905579,0.8158189058303833,-0.013632655143737793,0.36017173528671265,-0.10474765300750732,0.3239330053329468
41022,0.2638867497444153,0.7042841911315918,0.703954815864563,0.7086453437805176,0.8459240198135376,-0.03059101104736328,0.3591970205307007,-0.1274433135986328,0.30029475688934326
41023,0.9930081367492676,0.5810408592224121,0.9412791728973389,0.9349885582923889,0.9193688035011292,0.9842488169670105,0.9249378442764282,0.9719768762588501,0.9084581136703491
41025,0.3002236485481262,0.8100619316101074,0.8176330924034119,0.8187576532363892,0.8607121109962463,-0.09225964546203613,0.33829450607299805,-0.2162008285522461,0.26137202978134155
41027,0.07162940502166748,0.4238259792327881,0.44277673959732056,0.44662320613861084,0.6893098950386047,-0.1448681354522705,0.2723390460014343,-0.24327456951141357,0.23726457357406616
41028,0.13487422466278076,0.607410192489624,0.6300866603851318,0.6284692287445068,0.7768673896789551,-0.11380934715270996,0.30572056770324707,-0.21061217784881592,0.2667573094367981
42001,0.3022283911705017,0.5868978500366211,0.6401837468147278,0.6264922022819519,0.7110065221786499,0.12719374895095825,0.4004625082015991,0.05044114589691162,0.35936439037323
42003,0.29462409019470215,0.6988112926483154,0.7078209519386292,0.7114585638046265,0.8145348429679871,-0.010717511177062988,0.34351420402526855,-0.12388134002685547,0.2888515591621399
42004,0.9664727449417114,0.5895562767982483,0.9268374443054199,0.8865706920623779,0.9207533597946167,0.9327675104141235,0.8469222784042358,0.9090679287910461,0.8201147317886353
42006,0.9851812124252319,0.832837700843811,0.9592369794845581,0.9602879285812378,0.9633543491363525,0.970673143863678,0.9311316609382629,0.9585518836975098,0.9153414964675903
42008,0.9921537637710571,0.6548229455947876,0.9294683933258057,0.9164525270462036,0.9453437328338623,0.9843131899833679,0.9085019826889038,0.9757526516914368,0.8781789541244507
42010,0.9897454380989075,0.6643666625022888,0.9202442169189453,0.9019637703895569,0.9110414981842041,0.9781898260116577,0.864642322063446,0.9694542288780212,0.8545738458633423
42011,0.3516232371330261,0.5345852375030518,0.5591468811035156,0.5470733642578125,0.7478889226913452,0.19154345989227295,0.4370275139808655,0.12986934185028076,0.4059404134750366
43005,0.9833703637123108,0.8511472940444946,0.9682328701019287,0.9623845815658569,0.9628065228462219,0.9589628577232361,0.9434686899185181,0.9353513121604919,0.9030202627182007
43006,0.8599659204483032,0.8840816020965576,0.9478096961975098,0.9544582962989807,0.9414961934089661,0.765408992767334,0.8255938291549683,0.7217524647712708,0.773505449295044
43007,0.8749053478240967,0.8479760885238647,0.8891903162002563,0.8713054060935974,0.871217668056488,0.6935064792633057,0.8572399020195007,0.5688281059265137,0.7283015251159668
43008,0.9920367002487183,0.65492844581604,0.9580433368682861,0.954131007194519,0.9619954824447632,0.9784570336341858,0.9223253726959229,0.9634875059127808,0.8830446004867554
43009,0.6080512404441833,0.880171537399292,0.8895404934883118,0.8945320844650269,0.9090610146522522,0.2106400728225708,0.5397986173629761,0.03238719701766968,0.3906216025352478
43014,0.8293023705482483,0.7057732343673706,0.8603142499923706,0.8429261445999146,0.8625810146331787,0.730756402015686,0.7280992269515991,0.662452220916748,0.6640496850013733
43017,0.8676894903182983,0.7888941764831543,0.9464321136474609,0.9491786956787109,0.9305006265640259,0.7556084394454956,0.8125584721565247,0.6645311117172241,0.7373901605606079
44001,0.9503262042999268,0.7199872732162476,0.9112135171890259,0.8968326449394226,0.8376206159591675,0.8904660940170288,0.8545265793800354,0.8546744585037231,0.8104749917984009
44002,0.976370096206665,0.8008028268814087,0.924823522567749,0.9256141781806946,0.9277939200401306,0.9512969851493835,0.910942554473877,0.9361404180526733,0.8971408605575562
44006,0.9723917841911316,0.7526364326477051,0.8491108417510986,0.8850577473640442,0.8429176211357117,0.9556999802589417,0.8917881846427917,0.9329608082771301,0.8698017001152039
45001,0.7659327983856201,0.8605778813362122,0.8804977536201477,0.8800305128097534,0.9411369562149048,0.5672042369842529,0.6816490292549133,0.41161400079727173,0.5828067064285278
45003,0.34300321340560913,0.6723518371582031,0.6829178333282471,0.6859980821609497,0.8321234583854675,0.03773552179336548,0.3800206780433655,-0.07579934597015381,0.3077324628829956
45004,0.09724998474121094,0.5723279714584351,0.6023800373077393,0.60966956615448,0.8097634315490723,-0.21540617942810059,0.26774394512176514,-0.31249988079071045,0.21580451726913452
45005,0.17007923126220703,0.5578292012214661,0.5961271524429321,0.5980350375175476,0.7940490245819092,-0.1100548505783081,0.3030831813812256,-0.20614969730377197,0.2382824420928955
45009,0.8304135799407959,0.8461570143699646,0.8749184012413025,0.8733483552932739,0.9394885301589966,0.6167702078819275,0.708867073059082,0.4401979446411133,0.6008409261703491
45012,0.4755125045776367,0.7051172256469727,0.7196457386016846,0.7210078835487366,0.8252147436141968,0.26994413137435913,0.5059106945991516,0.14535903930664062,0.4335653781890869
46003,0.4030604362487793,0.6730873584747314,0.6780339479446411,0.6852876543998718,0.8686437606811523,0.23607224225997925,0.4695686101913452,0.1270430088043213,0.415194571018219
46005,-0.03201889991760254,0.43515443801879883,0.44611668586730957,0.45432233810424805,0.7914210557937622,-0.2430793046951294,0.24615556001663208,-0.3026186227798462,0.2085341215133667
47001,0.6490371227264404,0.8760443329811096,0.88889479637146,0.886455774307251,0.939905047416687,0.4634239673614502,0.6281629800796509,0.3327198624610901,0.5596804618835449
47004,0.7615086436271667,0.8432611227035522,0.8621180653572083,0.8605972528457642,0.9292505383491516,0.6222723722457886,0.7127556800842285,0.5116275548934937,0.6484835147857666
47008,0.462582528591156,0.5819474458694458,0.6416517496109009,0.6462867856025696,0.8681687116622925,0.2849445343017578,0.4767639636993408,0.14584702253341675,0.41903841495513916
47009,0.8936194777488708,0.9073079228401184,0.9255905747413635,0.9242839813232422,0.9623727798461914,0.7461415529251099,0.795063316822052,0.6152322292327881,0.7067078351974487
48004,0.6951816082000732,0.7696669697761536,0.8014551401138306,0.7981681227684021,0.9156639575958252,0.5772149562835693,0.6664023995399475,0.5055044293403625,0.6281266808509827
48005,0.8589184284210205,0.8306851983070374,0.869869589805603,0.8662718534469604,0.9590514302253723,0.7876322865486145,0.8088117837905884,0.7029050588607788,0.7611206769943237
48011,0.7619381546974182,0.8301671743392944,0.8650667667388916,0.8597356677055359,0.9289660453796387,0.6317887902259827,0.708714485168457,0.5212175846099854,0.6479758620262146
49002,0.9444124102592468,0.85150545835495,0.9284471869468689,0.9329356551170349,0.9461382031440735,0.9033555388450623,0.8888730406761169,0.8605793714523315,0.8632821440696716
49004,0.6906441450119019,0.7609282732009888,0.7824941277503967,0.7808480858802795,0.8986823558807373,0.6371563076972961,0.7117672562599182,0.5725264549255371,0.6830939054489136
50001,0.6898261308670044,0.8627389073371887,0.8817611932754517,0.8769866228103638,0.9358997344970703,0.4887896180152893,0.6551800966262817,0.3477019667625427,0.561062216758728
50002,0.4873057007789612,0.8107896447181702,0.833200991153717,0.8315550684928894,0.9034900069236755,0.23862558603286743,0.5150160789489746,0.10181283950805664,0.44428902864456177
50006,0.7419250011444092,0.8422014713287354,0.8666843175888062,0.8624545335769653,0.9426380395889282,0.5284770727157593,0.6671934127807617,0.3622118830680847,0.5719355344772339
51001,0.7905033230781555,0.7827643752098083,0.8290818929672241,0.827892005443573,0.930804967880249,0.6882404685020447,0.7318599224090576,0.6114094853401184,0.6687578558921814
52004,0.30313533544540405,0.6181143522262573,0.6328566074371338,0.6373100280761719,0.8557719588279724,0.057142555713653564,0.3990556001663208,-0.050780653953552246,0.3339245915412903
52005,0.6346443891525269,0.7675250768661499,0.7918564081192017,0.7963010668754578,0.89702969789505,0.45049870014190674,0.5934932231903076,0.32298535108566284,0.5159258842468262
52006,0.3864445090293884,0.7071573734283447,0.7186527252197266,0.7146580219268799,0.8572546243667603,0.09744685888290405,0.41604024171829224,-0.020577669143676758,0.34896934032440186
52007,0.38491272926330566,0.6629751920700073,0.6892625093460083,0.6906337141990662,0.857588529586792,0.0936174988746643,0.40325242280960083,-0.011018991470336914,0.3370479941368103
52009,0.8287917375564575,0.831324577331543,0.8902099132537842,0.884599506855011,0.9412012100219727,0.6800715327262878,0.7361100316047668,0.5537905693054199,0.6397800445556641
52010,0.44089919328689575,0.7116731405258179,0.7358100414276123,0.7297170162200928,0.8305196166038513,0.20986449718475342,0.47679269313812256,0.07597756385803223,0.4077379107475281
52011,0.7496346235275269,0.8534489870071411,0.8991332054138184,0.892804741859436,0.9093366861343384,0.4513230323791504,0.6266566514968872,0.25528937578201294,0.4723239541053772
52016,0.7983015775680542,0.778257429599762,0.8104486465454102,0.8244731426239014,0.92415452003479,0.6638253927230835,0.7136679887771606,0.5677530169487,0.6449839472770691
53005,0.7071245908737183,0.8142564296722412,0.8342443704605103,0.8365024924278259,0.924872100353241,0.5549168586730957,0.6693597435951233,0.4341873526573181,0.5891053080558777
53006,0.619490385055542,0.7896804809570312,0.8139604926109314,0.8114451169967651,0.9160069227218628,0.3059840798377991,0.48620569705963135,0.07304060459136963,0.37080055475234985
53007,0.5315653681755066,0.7913734912872314,0.7980352640151978,0.8000757098197937,0.8937771916389465,0.3479877710342407,0.5449581146240234,0.20624440908432007,0.4751569628715515
53008,0.735758364200592,0.8342192769050598,0.9057198762893677,0.9102094173431396,0.9281111359596252,0.5792326331138611,0.6959362030029297,0.4737934470176697,0.6208120584487915
53009,0.7984616756439209,0.8358790874481201,0.8726953268051147,0.8757011890411377,0.9460304379463196,0.6597586870193481,0.7266638875007629,0.5287507772445679,0.637246310710907
53013,0.5740883350372314,0.7588058114051819,0.7764449715614319,0.7756200432777405,0.8791711926460266,0.3560335636138916,0.5589133501052856,0.23618340492248535,0.4966525435447693
53018,0.8252565264701843,0.9061142802238464,0.943000078201294,0.9441463351249695,0.9579704999923706,0.6142449975013733,0.7449651956558228,0.4722190499305725,0.6208117008209229
54001,0.9336086511611938,0.8326537609100342,0.8837666511535645,0.8792206645011902,0.8802621364593506,0.8052389025688171,0.8729477524757385,0.6708767414093018,0.7957621216773987
54002,0.7900176048278809,0.8627415895462036,0.9215066432952881,0.9232112169265747,0.9433532953262329,0.485140860080719,0.6685324907302856,0.2527175545692444,0.48888063430786133
54003,0.43671494722366333,0.5664430856704712,0.664371132850647,0.6730241775512695,0.760644257068634,0.07546120882034302,0.3961256742477417,-0.10497021675109863,0.3243677616119385
54004,0.47516489028930664,0.7272790670394897,0.7709243297576904,0.7703479528427124,0.8543108701705933,0.09592932462692261,0.37579768896102905,-0.02702963352203369,0.27536308765411377
54005,0.9006190299987793,0.8627786040306091,0.905232310295105,0.9027614593505859,0.9022751450538635,0.7430546283721924,0.8723376989364624,0.6005946397781372,0.7321184873580933
54007,0.056635141372680664,0.5894346833229065,0.6227682828903198,0.601740837097168,0.6619417667388916,-0.2371997833251953,0.2516409158706665,-0.3573702573776245,0.19080084562301636
54008,0.8038070201873779,0.8972933292388916,0.9338672757148743,0.9323760271072388,0.956030547618866,0.5845643281936646,0.7202653288841248,0.44777148962020874,0.6026862859725952
54012,0.9071884751319885,0.8193496465682983,0.9294461607933044,0.9202049970626831,0.9122289419174194,0.7386086583137512,0.8077666163444519,0.5905375480651855,0.6643363237380981
54015,0.34257829189300537,0.5322164297103882,0.6856175065040588,0.6986817717552185,0.7084643244743347,-0.004427552223205566,0.3565806746482849,-0.16838014125823975,0.2579494118690491
54017,0.59686279296875,0.7454421520233154,0.8354102373123169,0.8353298902511597,0.8609473705291748,0.23386722803115845,0.49023205041885376,0.06915169954299927,0.3652680516242981
54018,0.6580946445465088,0.8066434860229492,0.8424566984176636,0.8474076986312866,0.9131447672843933,0.3778393864631653,0.5578557252883911,0.21236884593963623,0.4536287188529968
54019,0.6982836723327637,0.7262352705001831,0.8002737164497375,0.7986994981765747,0.8076692819595337,0.3590337038040161,0.6683602333068848,0.17444056272506714,0.46940112113952637
54020,0.8854888677597046,0.886687695980072,0.9256178140640259,0.9308235049247742,0.9145342111587524,0.7267634272575378,0.8172888159751892,0.6097687482833862,0.7063003778457642
54024,0.7720903754234314,0.6059004664421082,0.8892053961753845,0.8788591027259827,0.8550217747688293,0.4965190887451172,0.6932395696640015,0.34470683336257935,0.5166165828704834
54025,0.6026716232299805,0.7307212352752686,0.7445278167724609,0.7562297582626343,0.9202896952629089,0.30811142921447754,0.514360249042511,0.13087385892868042,0.4105002284049988
54027,0.9615451097488403,0.834328830242157,0.9120023250579834,0.9025679230690002,0.931071400642395,0.9285139441490173,0.889756441116333,0.8865525126457214,0.8675409555435181
54028,0.5666403770446777,0.8389434218406677,0.8533825874328613,0.859741747379303,0.9202895164489746,0.27366262674331665,0.5335896015167236,0.08704346418380737,0.4358825087547302
54029,0.7993751764297485,0.9150408506393433,0.9495513439178467,0.952008068561554,0.9540914297103882,0.5968883037567139,0.7460528612136841,0.4676724076271057,0.6304010152816772
54032,0.9493993520736694,0.8446133136749268,0.912835419178009,0.915235698223114,0.9052994847297668,0.8492445945739746,0.8865970373153687,0.743489682674408,0.8090746998786926
54034,0.2515416741371155,0.4069635272026062,0.43622887134552,0.43551337718963623,0.6393953561782837,-0.33172059059143066,0.23468083143234253,-0.42627155780792236,0.19851011037826538
54036,0.360164999961853,0.6781934499740601,0.7092929482460022,0.7084580659866333,0.8361559510231018,0.10267096757888794,0.4136825203895569,-0.02277684211730957,0.3393465280532837
54044,0.4398864507675171,0.7121284008026123,0.7753945589065552,0.7657515406608582,0.8161722421646118,-0.06718838214874268,0.3511871099472046,-0.2631192207336426,0.24659830331802368
54052,0.6003190279006958,0.8111575245857239,0.8560358881950378,0.8572675585746765,0.908635139465332,0.23569875955581665,0.5129168033599854,0.08771771192550659,0.4391680955886841
54057,0.9547750949859619,0.8207529187202454,0.9133257865905762,0.9130415916442871,0.90717613697052,0.8601046800613403,0.8995150923728943,0.7577335834503174,0.8258938193321228
55002,0.731332540512085,0.9194069504737854,0.9345695376396179,0.9344083070755005,0.9277855753898621,0.47321760654449463,0.6980713605880737,0.3238798975944519,0.5605880618095398
55007,0.5909062623977661,0.8119006156921387,0.8255455493927002,0.8235472440719604,0.9138543009757996,0.3131599426269531,0.5388896465301514,0.15719425678253174,0.44394558668136597
55008,0.14258873462677002,0.4463726282119751,0.46080803871154785,0.46744900941848755,0.813273549079895,-0.17761898040771484,0.2516271471977234,-0.32005178928375244,0.17933613061904907
55013,0.7857521772384644,0.8622456192970276,0.8824037909507751,0.8830614686012268,0.9397935271263123,0.6213752627372742,0.7016571760177612,0.487746000289917,0.617379903793335
55014,0.8351530432701111,0.8523872494697571,0.9090325832366943,0.9081571102142334,0.9238584041595459,0.6382575035095215,0.7394406795501709,0.516760528087616,0.653002142906189
55016,0.5632127523422241,0.7568649053573608,0.7816293835639954,0.782501757144928,0.8879162073135376,0.28359150886535645,0.513846218585968,0.1363316774368286,0.4353080987930298
55018,0.32712990045547485,0.7308272123336792,0.7515929341316223,0.7469667196273804,0.8290444016456604,0.056719422340393066,0.4030076265335083,-0.05604732036590576,0.34602081775665283
55021,0.8870078921318054,0.911855161190033,0.9526237845420837,0.951786994934082,0.9557459354400635,0.7418071627616882,0.8122587203979492,0.6352605819702148,0.7169786691665649
55023,0.8792558312416077,0.8842206001281738,0.9046148657798767,0.9067261219024658,0.914104700088501,0.7063280344009399,0.8610273599624634,0.5521014928817749,0.7096476554870605
55025,0.5417604446411133,0.7185409069061279,0.7394055128097534,0.7412359714508057,0.8649591207504272,0.40654414892196655,0.6003292798995972,0.3247363567352295,0.5570011138916016
55026,0.45472848415374756,0.6912261843681335,0.703235924243927,0.709740400314331,0.8898486495018005,0.12815183401107788,0.4420841336250305,-0.03433525562286377,0.3519555926322937
55029,0.3654536008834839,0.6609638929367065,0.6695060729980469,0.6821861267089844,0.8249666690826416,0.1580418348312378,0.44079214334487915,0.032022058963775635,0.3848690390586853
55032,0.4454084038734436,0.6075115203857422,0.6866400241851807,0.6845601797103882,0.8033800721168518,0.11653405427932739,0.4378478527069092,-0.034050583839416504,0.34638869762420654
56001,0.5767762660980225,0.8299293518066406,0.8388092517852783,0.840589165687561,0.9019016623497009,0.3494723439216614,0.5580471754074097,0.21838337182998657,0.4835137724876404
56007,0.22061997652053833,0.5167495012283325,0.5244383811950684,0.5421851277351379,0.859351396560669,-0.04217565059661865,0.3166806101799011,-0.13827073574066162,0.2640511989593506
56013,0.5360355377197266,0.7184295654296875,0.734728991985321,0.7356870174407959,0.9042576551437378,0.30348795652389526,0.5224564075469971,0.18076956272125244,0.43828749656677246
57004,0.36388278007507324,0.6026080846786499,0.6116970777511597,0.6161766052246094,0.8433919548988342,0.057381510734558105,0.37881821393966675,-0.06409716606140137,0.314345121383667
57005,0.4385846257209778,0.6499440670013428,0.6592355966567993,0.6636332273483276,0.8555471301078796,0.1500222086906433,0.4293116331100464,0.01068878173828125,0.3511551022529602
57006,0.33239591121673584,0.5721179246902466,0.5745753645896912,0.5827226638793945,0.8358560800552368,0.014069020748138428,0.3616892695426941,-0.12792468070983887,0.2846643924713135
57007,0.3325750231742859,0.5907427072525024,0.6166408061981201,0.623021125793457,0.8254879713058472,0.05002039670944214,0.3815051317214966,-0.06821441650390625,0.3225622773170471
57008,0.5724620819091797,0.7277364134788513,0.7340362071990967,0.7359433770179749,0.9117008447647095,0.35517436265945435,0.5362310409545898,0.21866804361343384,0.4604760408401489
58001,0.4905824661254883,0.6480333209037781,0.659995436668396,0.6656955480575562,0.8781496286392212,0.2041327953338623,0.45552659034729004,0.01708078384399414,0.3758634924888611
58006,0.21290886402130127,0.5350192189216614,0.5474947690963745,0.5638083219528198,0.8272867798805237,-0.04270923137664795,0.33403050899505615,-0.14943289756774902,0.2682359218597412
58008,0.15518200397491455,0.47483915090560913,0.4872267246246338,0.49595385789871216,0.840616762638092,-0.12194442749023438,0.2900106906890869,-0.2527550458908081,0.23729652166366577
58009,0.43270063400268555,0.6148862838745117,0.629684329032898,0.6340874433517456,0.894399106502533,0.22411149740219116,0.45884186029434204,0.08608424663543701,0.39802688360214233
59001,0.09594696760177612,0.491493284702301,0.5036368370056152,0.5095623731613159,0.7985016107559204,-0.17882239818572998,0.2736316919326782,-0.29688549041748047,0.22601962089538574
60002,0.47695112228393555,0.6692942380905151,0.6772209405899048,0.6811637282371521,0.8245480060577393,0.1365373134613037,0.4271450638771057,-0.008987784385681152,0.3506871461868286
60003,0.5843746662139893,0.7756059169769287,0.7859596610069275,0.7869419455528259,0.8882924914360046,0.3861542344093323,0.5746564269065857,0.2813318967819214,0.5164318084716797
60005,0.5326231718063354,0.7100546360015869,0.7158974409103394,0.7193676233291626,0.8901792168617249,0.2555801272392273,0.4906025528907776,0.09777599573135376,0.40691179037094116
60006,0.5960183143615723,0.6927727460861206,0.7336617112159729,0.7350150346755981,0.8890542984008789,0.32736414670944214,0.5244583487510681,0.19380700588226318,0.45505261421203613
60010,0.6252090930938721,0.8312464952468872,0.8427172899246216,0.8418290615081787,0.8963713645935059,0.2887871265411377,0.5457078218460083,0.12956887483596802,0.44235920906066895
61002,0.4761236906051636,0.6896754503250122,0.702411413192749,0.7062065601348877,0.8699292540550232,0.27916771173477173,0.49778544902801514,0.1728387475013733,0.44867193698883057
62001,0.7584614157676697,0.8655009269714355,0.8881313800811768,0.8871408700942993,0.9208375215530396,0.48828214406967163,0.6668630838394165,0.3209233283996582,0.5515925288200378
63001,0.44285905361175537,0.6922963857650757,0.7052439451217651,0.7040079832077026,0.8653788566589355,0.09879434108734131,0.4267018437385559,-0.07191729545593262,0.33714747428894043
64002,0.4322550892829895,0.603813111782074,0.6306133270263672,0.6388611197471619,0.7942456007003784,0.04875302314758301,0.38012343645095825,-0.12125229835510254,0.3050518035888672
65001,0.09001076221466064,0.4994305968284607,0.5138235092163086,0.524611234664917,0.7805376052856445,-0.3126791715621948,0.21083122491836548,-0.44389450550079346,0.15402710437774658
65005,0.15237033367156982,0.5300921201705933,0.5550655722618103,0.549653947353363,0.7949846982955933,-0.07870268821716309,0.3182288408279419,-0.16128921508789062,0.28650832176208496
65008,-0.13332772254943848,0.2990174889564514,0.30524754524230957,0.3181453347206116,0.6695661544799805,-0.4693734645843506,0.14500492811203003,-0.5196371078491211,0.10390126705169678
66001,0.8526248931884766,0.8796677589416504,0.9334224462509155,0.9354036450386047,0.9322881698608398,0.6525262594223022,0.7586666941642761,0.4969719648361206,0.6484629511833191
66004,0.9199979305267334,0.6866497993469238,0.8584784865379333,0.8753738403320312,0.8468919992446899,0.8036452531814575,0.7659102082252502,0.702887773513794,0.6912428140640259
66011,0.08404642343521118,0.4858279824256897,0.5154207944869995,0.5129368305206299,0.8110705614089966,-0.2613333463668823,0.25365495681762695,-0.35069334506988525,0.1947895884513855
67001,0.803441047668457,0.8767465949058533,0.9083365201950073,0.8996635675430298,0.9337588548660278,0.5246737003326416,0.7171410322189331,0.32031577825546265,0.5384779572486877
67006,0.5157572627067566,0.7051990628242493,0.7302134037017822,0.7305150032043457,0.8857612609863281,0.23381179571151733,0.497730553150177,0.09498155117034912,0.4148039221763611
67008,0.7495559453964233,0.7810682058334351,0.8477239608764648,0.8553899526596069,0.8903586864471436,0.5053147077560425,0.6059561967849731,0.34685182571411133,0.5049728155136108
67015,0.8039268851280212,0.8935756087303162,0.9139208793640137,0.9100919365882874,0.9364839792251587,0.5607506036758423,0.7202346324920654,0.38131779432296753,0.592017412185669
67018,0.08284205198287964,0.4442707896232605,0.4533093571662903,0.46035653352737427,0.84222811460495,-0.24211931228637695,0.2449856400489807,-0.34705305099487305,0.1889500617980957
68001,0.7731918096542358,0.8673233985900879,0.9052266478538513,0.9136435985565186,0.9309880137443542,0.46522921323776245,0.652633786201477,0.26987791061401367,0.4946977496147156
68003,0.5879898071289062,0.8529783487319946,0.9114240407943726,0.9110499620437622,0.9034858345985413,0.26416003704071045,0.5372524261474609,0.0784827470779419,0.40247827768325806
68004,0.5678392648696899,0.6689993143081665,0.7454214096069336,0.7414932250976562,0.861031711101532,0.1257838010787964,0.3757362365722656,-0.11787235736846924,0.2874169945716858
68005,0.7862874865531921,0.7507074475288391,0.9113962650299072,0.9088898301124573,0.933218777179718,0.5741344094276428,0.6802991628646851,0.44816291332244873,0.5771421790122986
69002,0.23389047384262085,0.6602529287338257,0.6813365817070007,0.6904444694519043,0.874082624912262,-0.10339021682739258,0.32586008310317993,-0.27537429332733154,0.2513200044631958
69015,0.5260522961616516,0.6670359969139099,0.7232848405838013,0.7209409475326538,0.8576340675354004,0.23064345121383667,0.4710768461227417,0.06642425060272217,0.3758922219276428
69027,0.31624048948287964,0.6553880572319031,0.6749777793884277,0.6730237007141113,0.8687088489532471,-0.025876164436340332,0.3388592004776001,-0.20857703685760498,0.25722169876098633
71001,0.2654397487640381,0.6875567436218262,0.7199954986572266,0.714181125164032,0.8869929909706116,-0.11587119102478027,0.3263125419616699,-0.26105034351348877,0.2443997859954834
71004,0.24694061279296875,0.5789927244186401,0.6053087711334229,0.6104090213775635,0.8801937699317932,-0.11929035186767578,0.300332248210907,-0.272188663482666,0.22969740629196167
71006,0.3213331699371338,0.6678983569145203,0.6961131691932678,0.6993350386619568,0.8945488929748535,-0.05853879451751709,0.3390308618545532,-0.21040654182434082,0.24939531087875366
72002,0.2602401375770569,0.6479122042655945,0.675825297832489,0.6745250225067139,0.8383055925369263,-0.13290011882781982,0.29985368251800537,-0.2839735746383667,0.22576797008514404
72004,0.14085125923156738,0.6169254183769226,0.6479589939117432,0.6589252948760986,0.8278337121009827,-0.21862757205963135,0.28717732429504395,-0.34595251083374023,0.2064395546913147
72005,0.12075197696685791,0.4923294186592102,0.5066792964935303,0.5195603370666504,0.8143407106399536,-0.2243748903274536,0.2575623393058777,-0.3607211112976074,0.1877766251564026
73005,0.23469120264053345,0.5935341119766235,0.60069739818573,0.6098076701164246,0.8375800251960754,-0.07967627048492432,0.34024375677108765,-0.22134745121002197,0.26001662015914917
73010,0.9032206535339355,0.9200206398963928,0.9401854276657104,0.9403842091560364,0.9517996907234192,0.7239629030227661,0.8347064852714539,0.5471855401992798,0.6957127451896667
73011,0.22575664520263672,0.5456957817077637,0.5554572343826294,0.5697768330574036,0.8563271760940552,-0.09144234657287598,0.32089000940322876,-0.23961865901947021,0.24249976873397827
74001,0.029587149620056152,0.43161171674728394,0.4590908885002136,0.4663691520690918,0.8108851313591003,-0.3199503421783447,0.20146608352661133,-0.4479203224182129,0.14972788095474243
74006,-0.03882646560668945,0.3763538599014282,0.40087252855300903,0.41530901193618774,0.7887110114097595,-0.38025665283203125,0.15360933542251587,-0.4869459867477417,0.12572288513183594
75003,0.8686836361885071,0.8741121292114258,0.912402331829071,0.9245946407318115,0.932104229927063,0.6402581334114075,0.7951337695121765,0.45223551988601685,0.6446194052696228
75004,0.5901063680648804,0.7776376008987427,0.7872276902198792,0.8024051785469055,0.8985729813575745,0.19051283597946167,0.48769479990005493,-0.03201878070831299,0.33582431077957153
76005,0.16049838066101074,0.6047316789627075,0.6139272451400757,0.6216367483139038,0.8099528551101685,-0.212601900100708,0.29008179903030396,-0.33832621574401855,0.21740984916687012
76007,0.4949612021446228,0.8649205565452576,0.8745845556259155,0.8770270943641663,0.9177120327949524,0.14289766550064087,0.4794996380805969,-0.004849553108215332,0.35955750942230225
76008,0.04145658016204834,0.5690755844116211,0.6010259389877319,0.5973154306411743,0.7751498222351074,-0.39569032192230225,0.1843092441558838,-0.540780782699585,0.12929224967956543
76011,0.02669370174407959,0.4443488121032715,0.4843440651893616,0.4887738823890686,0.797334611415863,-0.38717734813690186,0.17067086696624756,-0.552953839302063,0.12234252691268921
77002,0.303635835647583,0.6147584915161133,0.63422691822052,0.6468654274940491,0.8716402053833008,-0.052375078201293945,0.3215692639350891,-0.20451867580413818,0.25281667709350586
78003,0.538733184337616,0.8239307403564453,0.8356037139892578,0.8401456475257874,0.9113779664039612,0.21510475873947144,0.4637123942375183,0.053864359855651855,0.3598296046257019
78004,0.20360541343688965,0.5223512649536133,0.5280443429946899,0.5414091348648071,0.8031367063522339,-0.1333761215209961,0.2642868757247925,-0.2601851224899292,0.20459651947021484
79002,0.44758397340774536,0.746175229549408,0.7641953825950623,0.7635971903800964,0.884903073310852,0.1220657229423523,0.4235246181488037,0.008607625961303711,0.3394288420677185
79003,0.4376729726791382,0.7221142053604126,0.7407394051551819,0.7424911260604858,0.8358797430992126,0.06290072202682495,0.3910077214241028,-0.05607330799102783,0.30643391609191895
79004,0.25874531269073486,0.5653720498085022,0.5708675980567932,0.5863878726959229,0.8626753687858582,-0.06120193004608154,0.31395918130874634,-0.16329264640808105,0.24889284372329712
79005,0.3781932592391968,0.7230970859527588,0.7376099824905396,0.7384637594223022,0.8738646507263184,0.06670880317687988,0.38352036476135254,-0.05696535110473633,0.3061169385910034
79006,0.36801135540008545,0.6656638979911804,0.6772727966308594,0.6848554611206055,0.855459988117218,0.00012606382369995117,0.3583295941352844,-0.09969127178192139,0.2897161841392517
80001,0.3305627107620239,0.7250672578811646,0.7455433011054993,0.7411710023880005,0.8753609657287598,0.03131288290023804,0.3677077293395996,-0.08297717571258545,0.29759925603866577
81003,0.05854833126068115,0.5285202860832214,0.56502366065979,0.568967342376709,0.8282232284545898,-0.3192455768585205,0.207414448261261,-0.4032193422317505,0.16691023111343384
82001,0.5373165011405945,0.7749882936477661,0.8016934394836426,0.8046111464500427,0.8731018900871277,0.20831388235092163,0.4853817820549011,0.08883333206176758,0.3951653242111206
82003,0.2892776131629944,0.6413059830665588,0.6684361696243286,0.6777119636535645,0.8374929428100586,-0.09531009197235107,0.318447470664978,-0.1831892728805542,0.2575286626815796
83003,0.17094147205352783,0.5545067191123962,0.5791230797767639,0.5789790749549866,0.7892355918884277,-0.2055957317352295,0.2724745273590088,-0.34309709072113037,0.20576322078704834
83004,0.24629557132720947,0.5834392309188843,0.5982598066329956,0.6077569723129272,0.8052279353141785,-0.13366854190826416,0.30610138177871704,-0.2591007947921753,0.24262481927871704
84001,0.5635501146316528,0.8082112073898315,0.8197609186172485,0.8221939206123352,0.8983812928199768,0.220863938331604,0.45069921016693115,0.03537720441818237,0.3514646291732788
84004,0.5167627334594727,0.863868236541748,0.8815019130706787,0.8875921368598938,0.9004669785499573,0.2044534683227539,0.4950355887413025,0.08683174848556519,0.40213775634765625
84005,0.5943527221679688,0.8627511262893677,0.8761403560638428,0.8732602000236511,0.9145212173461914,0.22750771045684814,0.5051535367965698,0.07734793424606323,0.39041221141815186
84008,0.2810695767402649,0.5648385286331177,0.5916728377342224,0.5971746444702148,0.848885178565979,-0.04442000389099121,0.33078038692474365,-0.18247997760772705,0.25514400005340576
84012,0.3606671690940857,0.6536546945571899,0.7023937106132507,0.7057538032531738,0.8556675910949707,0.014790534973144531,0.36027848720550537,-0.1375868320465088,0.28480958938598633
84013,0.5887804627418518,0.860987663269043,0.8725970387458801,0.8708266615867615,0.9176168441772461,0.21271473169326782,0.4951556324958801,0.0616338849067688,0.37828338146209717
84014,0.28085076808929443,0.6307536363601685,0.6418541669845581,0.6443308591842651,0.8507745862007141,-0.10303223133087158,0.31611496210098267,-0.24032509326934814,0.24121153354644775
84016,0.30787408351898193,0.4848477840423584,0.5355774164199829,0.5438805818557739,0.844430685043335,-0.03480052947998047,0.2806873917579651,-0.1805119514465332,0.23053479194641113
84017,0.755944013595581,0.8397125005722046,0.8594363927841187,0.8527963757514954,0.9189164042472839,0.45351022481918335,0.5919976234436035,0.23860770463943481,0.4510456323623657
84018,0.5303733944892883,0.8628586530685425,0.8807498216629028,0.8822554349899292,0.9018502831459045,0.20518100261688232,0.49693137407302856,0.07866513729095459,0.4019165635108948
84019,0.3041694760322571,0.5542466640472412,0.6139004230499268,0.6100857257843018,0.8481666445732117,-0.07336997985839844,0.29566526412963867,-0.21961665153503418,0.23903465270996094
84020,0.0716126561164856,0.45666271448135376,0.4647274613380432,0.47507601976394653,0.7930944561958313,-0.2443140745162964,0.22183257341384888,-0.39611542224884033,0.17765235900878906
84022,0.29751819372177124,0.6004570722579956,0.6184922456741333,0.6235865950584412,0.8046629428863525,-0.07254624366760254,0.32521820068359375,-0.17322075366973877,0.2764471173286438
85001,0.9687668681144714,0.8370692133903503,0.9322893619537354,0.9325399994850159,0.9440786242485046,0.9231473803520203,0.8742069602012634,0.8726643919944763,0.8358457684516907
85002,0.217026948928833,0.565622866153717,0.5878863334655762,0.5930964946746826,0.8127099275588989,-0.1087653636932373,0.30455607175827026,-0.24403345584869385,0.23852235078811646
85003,-0.09253156185150146,0.3099367618560791,0.31865811347961426,0.32291948795318604,0.7603856921195984,-0.47027671337127686,0.12025481462478638,-0.5716249942779541,0.0872572660446167
94001,0.9433541893959045,0.9124799966812134,0.9600463509559631,0.9569675326347351,0.9666423797607422,0.8309868574142456,0.8723897933959961,0.7108802199363708,0.7772080898284912
97002,0.4037437438964844,0.7303099632263184,0.7983236312866211,0.7963748574256897,0.8244788646697998,-0.041615843772888184,0.35387253761291504,-0.21997487545013428,0.2568016052246094
101002,0.440199613571167,0.58491450548172,0.6537699699401855,0.6766542196273804,0.8343192934989929,0.23819184303283691,0.4738457202911377,0.16084420680999756,0.4309356212615967
