gid,nse_raw,nse_gw,nse_shuffled,d_gw,d_shuffled,well_id,dist_km,aquifer,area,frac_high_perc,gauge_name,all,chalk,chalk_matched,non_chalk,failures
6007,0.8587746024131775,0.8606167435646057,0.863919198513031,0.0018421411514282227,0.005144596099853516,,387.4292914649072,,3.2626266705807416,0.0,Ness at Ness-side,True,False,False,True,False
7001,0.6715590953826904,0.6709342002868652,0.6736323833465576,-0.0006248950958251953,0.0020732879638671875,,371.6256288094243,,2.6186650889403156,0.0,Findhorn at Shenachie,True,False,False,True,False
7002,0.6846078634262085,0.6814112663269043,0.68721604347229,-0.0031965970993041992,0.002608180046081543,,387.74877662992054,,2.8930790006006526,0.0,Findhorn at Forres,True,False,False,True,False
7003,0.7578054666519165,0.7731738686561584,0.7694450616836548,0.015368402004241943,0.011639595031738281,,386.371432572337,,2.33577873881047,0.0,Lossie at Sheriffmills,True,False,False,True,False
8004,0.6891534924507141,0.6871911287307739,0.6869947910308838,-0.0019623637199401855,-0.0021587014198303223,,360.43422023026613,,2.7329563695756245,0.0,Avon at Delnashaugh,True,False,False,True,False
8005,0.7197362184524536,0.7203104496002197,0.723289966583252,0.0005742311477661133,0.00355374813079834,,353.6900869758722,,3.1008218389469513,0.0,Spey at Boat of Garten,True,False,False,True,False
8006,0.7430554628372192,0.7491486072540283,0.7444674968719482,0.006093144416809082,0.001412034034729004,,372.52149092904693,,3.455210427775805,0.0,Spey at Boat o Brig,True,False,False,True,False
8009,0.6740823984146118,0.6725947856903076,0.6705663204193115,-0.0014876127243041992,-0.003516077995300293,,357.69628101645117,,2.4348881208673157,0.0,Dulnain at Balnaan Bridge,True,False,False,True,False
9002,0.7950109839439392,0.8061244487762451,0.8055179119110107,0.011113464832305908,0.010506927967071533,,362.3102228339686,,2.982917669520506,0.0,Deveron at Muiresk,True,False,False,True,False
9003,0.7898980975151062,0.7872741222381592,0.7907007932662964,-0.0026239752769470215,0.0008026957511901855,,367.1505009883549,,2.2552001166571176,0.0,Isla at Grange,True,False,False,True,False
9005,0.6748462915420532,0.6785084009170532,0.681682825088501,0.003662109375,0.006836533546447754,,349.0592022064452,,1.8329557506045984,0.0,Allt Deveron at Cabrach,True,False,False,True,False
10002,0.7577994465827942,0.7636315822601318,0.7658909559249878,0.0058321356773376465,0.008091509342193604,,356.63314919536015,,2.5128444261207994,0.0,Ugie at Inverugie,True,False,False,True,False
11001,0.8499066829681396,0.8523515462875366,0.8505262732505798,0.0024448633193969727,0.0006195902824401855,,324.38599753996783,,3.103516376024478,0.0,Don at Parkhill,True,False,False,True,False
11003,0.7634883522987366,0.7665300965309143,0.770980715751648,0.0030417442321777344,0.007492363452911377,,332.7873145238562,,2.707519079623743,0.0,Don at Bridge of Alford,True,False,False,True,False
12001,0.7086609601974487,0.7076952457427979,0.7146499156951904,-0.0009657144546508789,0.005988955497741699,,310.39303357678637,,3.139894821423499,0.0,Dee at Woodend,True,False,False,True,False
12002,0.7700648903846741,0.7664461731910706,0.7719992995262146,-0.0036187171936035156,0.0019344091415405273,,309.98537018704604,,3.2632122176175744,0.0,Dee at Park,True,False,False,True,False
14001,0.904593288898468,0.9043903350830078,0.9032637476921082,-0.00020295381546020508,-0.0013295412063598633,,240.28261793146837,,2.489592899821887,0.0,Eden at Kemback,True,False,False,True,False
14002,0.8538455963134766,0.8468101620674133,0.8471871614456177,-0.007035434246063232,-0.006658434867858887,,253.81439171173884,,2.1059187402863726,0.0,Dighty Water at Balmossie Mill,True,False,False,True,False
15006,0.8819364309310913,0.8844122886657715,0.8850358128547668,0.0024758577346801758,0.003099381923675537,,270.08324957316404,,3.6615079101609047,0.0,Tay at Ballathie,True,False,False,True,False
15007,0.8923454284667969,0.8892520666122437,0.8926055431365967,-0.0030933618545532227,0.0002601146697998047,,295.04204210586664,,3.060350265719691,0.0,Tay at Pitnacree,True,False,False,True,False
15010,0.8244328498840332,0.821108877658844,0.8205476999282837,-0.003323972225189209,-0.0038851499557495117,,273.34582678541113,,2.560826880071928,0.0,Isla at Wester Cardean,True,False,False,True,False
15011,0.7129493951797485,0.7095628976821899,0.708530843257904,-0.0033864974975585938,-0.004418551921844482,,297.685355126852,,2.589200942776746,0.0,Lyon at Comrie Bridge,True,False,False,True,False
15012,0.8337042927742004,0.8289870023727417,0.8305966258049011,-0.00471729040145874,-0.0031076669692993164,,297.5312659419174,,3.2217584069681595,0.0,Tummel at Pitlochry,True,False,False,True,False
15013,0.7624183297157288,0.7634236812591553,0.7701718807220459,0.0010053515434265137,0.007753551006317139,,263.95279742029635,,2.238798562713917,0.0,Almond at Almondbank,True,False,False,True,False
16001,0.8808640241622925,0.879991888999939,0.8813612461090088,-0.0008721351623535156,0.0004972219467163086,,262.61243967679826,,2.7669033822355824,0.0,Earn at Kinkell Bridge,True,False,False,True,False
16003,0.7989590167999268,0.7994449138641357,0.7995321154594421,0.0004858970642089844,0.0005730986595153809,,274.8780793042617,,2.0046222657007826,0.0,Ruchill Water at Cultybraggan,True,False,False,True,False
16004,0.9019893407821655,0.9008510708808899,0.9029066562652588,-0.0011382699012756348,0.0009173154830932617,,258.4764884665528,,2.894255124234563,0.0,Earn at Forteviot Bridge,True,False,False,True,False
17001,0.8164653778076172,0.813601553440094,0.8134644031524658,-0.0028638243675231934,-0.003000974655151367,,239.64950758138437,,2.083287569327283,0.0,Carron at Headswood,True,False,False,True,False
17003,0.8048651218414307,0.8006957769393921,0.807952344417572,-0.004169344902038574,0.0030872225761413574,,238.97579359006218,,1.7117228918272347,0.0,Bonny Water at Bonnybridge,True,False,False,True,False
17005,0.8797832727432251,0.8800603151321411,0.8803967833518982,0.0002770423889160156,0.0006135106086730957,,230.7241833987066,,2.2896112463483,0.0,Avon at Polmonthill,True,False,False,True,False
18001,0.7996048927307129,0.8012526631355286,0.8012101650238037,0.0016477704048156738,0.0016052722930908203,,260.93467443212677,,2.2048793337606623,0.0,Allan Water at Kinbuck,True,False,False,True,False
18002,0.7832297086715698,0.7821340560913086,0.7865797281265259,-0.0010956525802612305,0.0033500194549560547,,249.5340644361006,,2.252100248832793,0.0,Devon at Glenochil,True,False,False,True,False
18003,0.8844290971755981,0.8870759606361389,0.8835592865943909,0.0026468634605407715,-0.0008698105812072754,,261.47062140324675,,2.712329754533151,0.0,Teith at Bridge of Teith,True,False,False,True,False
19001,0.8453986644744873,0.8438272476196289,0.842119574546814,-0.0015714168548583984,-0.00327908992767334,,215.19390310368925,,2.5792346673481497,0.0,Almond at Craigiehall,True,False,False,True,False
19006,0.843696653842926,0.8379526734352112,0.8414477109909058,-0.005743980407714844,-0.0022489428520202637,,210.1833346105252,,2.0097482559485536,0.0,Water of Leith at Murrayfield,True,False,False,True,False
19010,0.5993131399154663,0.5875012278556824,0.6093171238899231,-0.011811912059783936,0.010003983974456787,,205.8433918346664,,1.187520720836463,0.0,Braid Burn at Liberton,True,False,False,True,False
20002,0.743852972984314,0.7454558610916138,0.7485437989234924,0.0016028881072998047,0.004690825939178467,,205.39812792233525,,1.40671045860979,0.0,West Peffer Burn at Luffness,True,False,False,True,False
20003,0.7640916109085083,0.7617632150650024,0.7555924654006958,-0.0023283958435058594,-0.0084991455078125,,195.60682371788567,,2.2115743634828506,0.0,Tyne at Spilmersford,True,False,False,True,False
20007,0.8344414234161377,0.837715208530426,0.829595148563385,0.00327378511428833,-0.0048462748527526855,,195.8674289028168,,1.8310374856400253,0.0,Gifford Water at Lennoxlove,True,False,False,True,False
21003,0.8774638772010803,0.8778906464576721,0.8766912221908569,0.0004267692565917969,-0.0007726550102233887,,180.66701660790218,,2.8439363008835103,0.0,Tweed at Peebles,True,False,False,True,False
21006,0.8737713694572449,0.8747525215148926,0.8765567541122437,0.000981152057647705,0.0027853846549987793,,162.16572752896957,,3.1776922985724596,0.0,Tweed at Boleside,True,False,False,True,False
21008,0.8468739986419678,0.8443410992622375,0.8465314507484436,-0.0025328993797302246,-0.0003425478935241699,,148.20314883631858,,3.0498147674147407,0.0,Teviot at Ormiston Mill,True,False,False,True,False
21009,0.8958886861801147,0.8976834416389465,0.8963724970817566,0.0017947554588317871,0.0004838109016418457,,160.38960058869154,,3.643330267155526,0.0,Tweed at Norham,True,False,False,True,False
21011,0.8061915636062622,0.7979466915130615,0.8046897053718567,-0.008244872093200684,-0.0015018582344055176,,160.3466171829016,,2.3663295505191058,0.0,Yarrow Water at Philiphaugh,True,False,False,True,False
21012,0.8626540899276733,0.8599569797515869,0.8634929656982422,-0.0026971101760864258,0.0008388757705688477,,145.90682953515233,,2.5111076199592683,0.0,Teviot at Hawick,True,False,False,True,False
21013,0.8086512088775635,0.8090125918388367,0.8106138110160828,0.00036138296127319336,0.001962602138519287,,166.57868300896126,,2.3126850063887594,0.0,Gala Water at Galashiels,True,False,False,True,False
21015,0.7460974454879761,0.7565499544143677,0.7529135942459106,0.010452508926391602,0.00681614875793457,,163.80574374850232,,2.3786159020312243,0.0,Leader Water at Earlston,True,False,False,True,False
21016,0.777742862701416,0.7688586711883545,0.7841867208480835,-0.008884191513061523,0.0064438581466674805,,174.84091812273238,,2.0750357259221905,0.0,Eye Water at Eyemouth Mill,True,False,False,True,False
21017,0.8471405506134033,0.8449763655662537,0.8482710719108582,-0.002164185047149658,0.001130521297454834,,161.05968219576246,,1.5864747785713966,0.0,Ettrick Water at Brockhoperig,True,False,False,True,False
21018,0.8162961006164551,0.8216067552566528,0.8215195536613464,0.005310654640197754,0.005223453044891357,,183.53348449261242,,2.2405242881123635,0.0,Lyne Water at Lyne Station,True,False,False,True,False
21022,0.7893584370613098,0.7886794805526733,0.7874965667724609,-0.0006789565086364746,-0.001861870288848877,,167.90234913484682,,2.700902651119476,0.0,Whiteadder Water at Hutton Castle,True,False,False,True,False
21023,0.5210555791854858,0.5269770622253418,0.5323595404624939,0.005921483039855957,0.011303961277008057,,154.2494620541673,,2.052886235256382,0.0,Leet Water at Coldstream,True,False,False,True,False
21024,0.8194705247879028,0.8171543478965759,0.8163403272628784,-0.0023161768913269043,-0.003130197525024414,,144.1400727937932,,2.145972902802181,0.0,Jed Water at Jedburgh,True,False,False,True,False
22001,0.8456252813339233,0.8443892002105713,0.843731701374054,-0.0012360811233520508,-0.0018935799598693848,,112.20709682546823,,2.762115641442657,0.0,Coquet at Morwick,True,False,False,True,False
22006,0.8434042930603027,0.845876157283783,0.8459632992744446,0.0024718642234802246,0.0025590062141418457,,87.75139302597994,,2.4372271921907287,0.0,Blyth at Hartford Bridge,True,False,False,True,False
22007,0.8286720514297485,0.8330931067466736,0.8301794528961182,0.004421055316925049,0.001507401466369629,,94.19410397684135,,2.4502645085598513,0.0,Wansbeck at Mitford,True,False,False,True,False
22009,0.8220276236534119,0.8228768706321716,0.8231049180030823,0.0008492469787597656,0.0010772943496704102,,111.62607740129543,,2.53905099433993,0.0,Coquet at Rothbury,True,False,False,True,False
23001,0.8653668761253357,0.8629506826400757,0.8642315864562988,-0.0024161934852600098,-0.0011352896690368652,,74.04353262777242,,3.3369317974628796,0.0,Tyne at Bywell,True,False,False,True,False
23004,0.8422224521636963,0.83416748046875,0.8402726054191589,-0.008054971694946289,-0.0019498467445373535,,84.77769056184533,,2.8749975621961523,0.0,South Tyne at Haydon Bridge,True,False,False,True,False
23006,0.8353042006492615,0.8357856869697571,0.8367369174957275,0.00048148632049560547,0.0014327168464660645,,93.03820909712312,,2.5092697453761876,0.0,South Tyne at Featherstone,True,False,False,True,False
23007,0.8062993884086609,0.8033599257469177,0.8108935356140137,-0.002939462661743164,0.004594147205352783,,66.97274326918378,,2.3873720270198104,0.0,Derwent at Rowlands Gill,True,False,False,True,False
23008,0.8074567317962646,0.805959165096283,0.807185173034668,-0.0014975666999816895,-0.0002715587615966797,,100.5297803538832,,2.538058205908395,0.0,Rede at Rede Bridge,True,False,False,True,False
23011,0.8144111037254333,0.8181938529014587,0.8160920739173889,0.0037827491760253906,0.0016809701919555664,,121.4755929600675,,1.767823498007517,0.0,Kielder Burn at Kielder,True,False,False,True,False
24001,0.8444902896881104,0.8459706902503967,0.8424150347709656,0.001480400562286377,-0.0020752549171447754,,45.430571601070575,,2.8203197081465268,0.22,Wear at Sunderland Bridge,True,False,False,True,False
24003,0.7998621463775635,0.7961880564689636,0.800738513469696,-0.0036740899085998535,0.0008763670921325684,,56.34538380382194,,2.2392994791268923,0.0,Wear at Stanhope,True,False,False,True,False
24004,0.8351766467094421,0.8357477784156799,0.8340715765953064,0.000571131706237793,-0.0011050701141357422,,43.73734771336735,,1.86993541064686,0.0,Bedburn Beck at Bedburn,True,False,False,True,False
24005,0.7705209255218506,0.7758588790893555,0.7772645950317383,0.005337953567504883,0.006743669509887695,,46.43257477245904,,2.252828768040592,0.0,Browney at Burnhall,True,False,False,True,False
25001,0.8398851752281189,0.8407522439956665,0.8396661877632141,0.0008670687675476074,-0.00021898746490478516,SE39_20B,21.702086374355808,Permo-Triassic sandstone,2.928237059917442,0.0,Tees at Darlington Broken Scar,True,False,False,True,False
25006,0.7979220747947693,0.7944585084915161,0.7965969443321228,-0.003463566303253174,-0.0013251304626464844,SE39_20B,33.20515625622021,Permo-Triassic sandstone,1.938569756221061,0.0,Greta at Rutherford Bridge,True,False,False,True,False
25012,0.8500757217407227,0.8502143621444702,0.8494157791137695,0.0001386404037475586,-0.000659942626953125,,59.253577275975495,,1.3905818785504354,0.0,Harwood Beck at Harwood,True,False,False,True,False
25020,0.8018262386322021,0.7963083386421204,0.7937300801277161,-0.005517899990081787,-0.008096158504486084,SE39_20B,31.350988820131338,Permo-Triassic sandstone,2.1840380786268887,3.56,Skerne at Preston le Skerne,True,False,False,True,False
26003,0.6371787786483765,0.6183681488037109,0.5886008143424988,-0.018810629844665527,-0.048577964305877686,,50.98918368634666,,1.7751733854247869,69.26,Foston Beck at Foston Mill,True,True,False,False,False
27001,0.8568820953369141,0.8557803630828857,0.8587941527366638,-0.0011017322540283203,0.0019120573997497559,SE35_4,6.960853755107918,Magnesian limestone,2.69365661213802,0.78,Nidd at Hunsingore Weir,True,False,False,True,False
27003,0.9067401885986328,0.9038077592849731,0.9074832797050476,-0.002932429313659668,0.0007430911064147949,SE51_2,10.2143448639646,Magnesian limestone,3.2868986231503685,1.1,Aire at Beal,True,False,False,True,False
27006,0.8344828486442566,0.8319186568260193,0.8364484310150146,-0.0025641918182373047,0.0019655823707580566,SE51_2,27.679419737415017,Magnesian limestone,2.562150059232882,0.0,Don at Sheffield Hadfields,True,False,False,True,False
27007,0.8451747894287109,0.8473721742630005,0.8435055017471313,0.0021973848342895508,-0.0016692876815795898,SE36_47,4.0635464806004125,Permo-Triassic sandstone,2.9602757055405062,0.05,Ure at Westwick,True,False,False,True,False
27009,0.8444874286651611,0.833937406539917,0.8476946353912354,-0.01055002212524414,0.0032072067260742188,SE35_4,18.774566679420328,Magnesian limestone,3.518619210629076,0.29,Ouse at Skelton,True,False,False,True,False
27021,0.8691937923431396,0.8573049902915955,0.8669242858886719,-0.01188880205154419,-0.0022695064544677734,SE51_2,12.33231762484246,Magnesian limestone,3.0978990773214536,1.57,Don at Doncaster,True,False,False,True,False
27023,0.8084352016448975,0.803075909614563,0.8304479122161865,-0.005359292030334473,0.022012710571289062,SE51_2,18.914897329882603,Magnesian limestone,2.077585906367243,0.0,Dearne at Barnsley Weir,True,False,False,True,False
27025,0.7981934547424316,0.7592235803604126,0.7914286851882935,-0.03896987438201904,-0.006764769554138184,SK67_17,25.019419058003724,Permo-Triassic sandstone,2.5501427090794015,1.45,Rother at Woodhouse Mill,True,False,False,True,False
27026,0.8141670227050781,0.8250996470451355,0.8276658058166504,0.010932624340057373,0.013498783111572266,SK46_71,16.605575720221204,Magnesian limestone,2.222794481113707,0.0,Rother at Whittington,True,False,False,True,False
27029,0.8871965408325195,0.8808881044387817,0.8869373798370361,-0.006308436393737793,-0.00025916099548339844,SE23_4,20.157446068388722,Coal Measures,2.532423119067103,0.0,Calder at Elland,True,False,False,True,False
27030,0.8045716881752014,0.7752965092658997,0.8138720393180847,-0.029275178909301758,0.0093003511428833,SE51_2,13.995292529990218,Magnesian limestone,2.4927324592231748,0.03,Dearne at Adwick,True,False,False,True,False
27032,-0.06621599197387695,-0.1264714002609253,-0.3479562997817993,-0.06025540828704834,-0.28174030780792236,SE28_28,30.462159903723176,Magnesian limestone,1.3471347829100198,0.0,Hebden Beck at Hebden,True,False,False,True,False
27034,0.8545443415641785,0.8540211319923401,0.8540210723876953,-0.0005232095718383789,-0.0005232691764831543,SE28_28,5.5939221481890495,Magnesian limestone,2.7083614036647377,0.0,Ure at Kilgram Bridge,True,False,False,True,False
27035,0.8824671506881714,0.8813609480857849,0.8816176056861877,-0.0011062026023864746,-0.0008495450019836426,SE23_4,29.72701081508196,Coal Measures,2.4523845212062794,0.0,Aire at Kildwick Bridge,True,False,False,True,False
27038,0.11387699842453003,-0.09149062633514404,0.2860648036003113,-0.20536762475967407,0.17218780517578125,SE68_22E,8.805047756826761,Upper Jurassic,0.9469432706978254,0.0,Costa Beck at Gatehouses,True,False,False,True,False
27042,0.8213276863098145,0.8233468532562256,0.8237730264663696,0.002019166946411133,0.0024453401565551758,SE68_22E,1.6103766640137334,Upper Jurassic,1.7806053058389697,0.0,Dove at Kirkby Mills,True,False,False,True,False
27047,0.8673909306526184,0.8631612062454224,0.8648619651794434,-0.004229724407196045,-0.002528965473175049,,41.40660750411702,,1.0546130545568877,0.0,Snaizeholme Beck at Low Houses,True,False,False,True,False
27051,0.836574912071228,0.835833728313446,0.8307223320007324,-0.0007411837577819824,-0.0058525800704956055,SE35_4,11.811172507418558,Magnesian limestone,0.9122220565324155,0.0,Crimple at Burn Bridge,True,False,False,True,False
27071,0.8172096014022827,0.8032950162887573,0.8109562397003174,-0.01391458511352539,-0.006253361701965332,SE36_47,8.180081295439551,Permo-Triassic sandstone,3.1317533581439294,0.39,Swale at Crakehill,True,False,False,True,False
28001,0.6096096634864807,0.6098423600196838,0.5967176556587219,0.000232696533203125,-0.012892007827758789,SK46_71,37.53958177710562,Magnesian limestone,2.1027766148834415,0.0,Derwent at Yorkshire Bridge,True,False,False,True,False
28008,0.8604312539100647,0.8608587384223938,0.8558957576751709,0.00042748451232910156,-0.004535496234893799,,42.15322644828033,,2.59986124768202,0.0,Dove at Rocester Weir,True,False,False,True,False
28009,0.8694016337394714,0.868098258972168,0.8783547282218933,-0.0013033747673034668,0.008953094482421875,SK46_71,24.698091019348034,Magnesian limestone,3.873111834485089,0.7,Trent at Colwick,True,False,False,True,False
28012,0.7958291172981262,0.7925201058387756,0.7934159636497498,-0.003309011459350586,-0.002413153648376465,,54.98545716823677,,3.081559721641072,0.0,Trent at Yoxall,True,False,False,True,False
28018,0.8836408257484436,0.8876195549964905,0.8866317272186279,0.003978729248046875,0.002990901470184326,SK46_71,39.72756222070517,Magnesian limestone,2.9464866534860965,0.0,Dove at Marston on Dove,True,False,False,True,False
28022,0.8340030908584595,0.8265829682350159,0.8450151085853577,-0.0074201226234436035,0.011012017726898193,SK67_17,19.96603616144176,Permo-Triassic sandstone,3.9143124750612914,0.69,Trent at North Muskham,True,False,False,True,False
28024,0.8267924785614014,0.829349160194397,0.8379356265068054,0.0025566816329956055,0.011143147945404053,,49.71102191667357,,2.62015688394582,2.88,Wreake at Syston Mill,True,False,False,True,False
28026,0.799685001373291,0.7992286682128906,0.7983435392379761,-0.0004563331604003906,-0.0013414621353149414,,60.96064304122783,,2.570052330393215,0.0,Anker at Polesworth,True,False,False,True,False
28031,0.826366126537323,0.8241957426071167,0.8251875638961792,-0.002170383930206299,-0.0011785626411437988,SK46_71,35.34312945962765,Magnesian limestone,2.170672340315576,0.0,Manifold at Ilam,True,False,False,True,False
28039,0.7208184003829956,0.7249617576599121,0.7303028106689453,0.004143357276916504,0.009484410285949707,,85.9599499767188,,1.8674085565227911,0.0,Rea at Calthorpe Park,True,False,False,True,False
28040,0.7892324328422546,0.8031336069107056,0.8018122911453247,0.013901174068450928,0.012579858303070068,,60.38829191159492,,1.7672300981107183,0.0,Trent at Stoke-On-Trent,True,False,False,True,False
28043,0.8479262590408325,0.8490825891494751,0.8506285548210144,0.0011563301086425781,0.0027022957801818848,SK46_71,23.373643276134768,Magnesian limestone,2.5370126991458206,0.0,Derwent at Chatsworth,True,False,False,True,False
28046,0.848414957523346,0.8482645750045776,0.8486043214797974,-0.00015038251876831055,0.00018936395645141602,SK46_71,34.564636552407144,Magnesian limestone,1.9329301428307895,0.0,Dove at Izaak Walton,True,False,False,True,False
28048,0.7849900722503662,0.786814272403717,0.7865760326385498,0.00182420015335083,0.0015859603881835938,SK46_71,13.352962218174662,Magnesian limestone,2.109376031404376,0.54,Amber at Wingfield Park,True,False,False,True,False
28050,0.7514420747756958,0.7357505559921265,0.7563568949699402,-0.015691518783569336,0.004914820194244385,SE51_2,18.814802682994046,Magnesian limestone,2.114610984232173,28.83,Torne at Auckley,True,False,False,True,False
28052,0.7686808109283447,0.7607786655426025,0.7694239616394043,-0.007902145385742188,0.0007431507110595703,,68.32528741249466,,2.1515537045429753,0.0,Sow at Great Bridgeford,True,False,False,True,False
28067,0.8598531484603882,0.8634769320487976,0.861315131187439,0.003623783588409424,0.0014619827270507812,SK46_71,28.910195433445274,Magnesian limestone,3.0706362261828377,0.06,Derwent at Church Wilne,True,False,False,True,False
28080,0.7912848591804504,0.7804081439971924,0.7965515851974487,-0.010876715183258057,0.005266726016998291,,71.94025298815677,,2.9004272155599997,0.0,Tame at Lea Marston Lakes,True,False,False,True,False
28082,0.8653265237808228,0.8667008876800537,0.8646589517593384,0.001374363899230957,-0.000667572021484375,,63.28444042574762,,2.2565974927628454,0.0,Soar at Littlethorpe,True,False,False,True,False
28085,0.905135989189148,0.9076822996139526,0.9078412652015686,0.0025463104248046875,0.0027052760124206543,SK46_71,26.599031937271704,Magnesian limestone,3.021606848211076,0.07,Derwent at St Mary's Bridge,True,False,False,True,False
29002,0.6888939142227173,0.7000443339347839,0.7491205334663391,0.01115041971206665,0.060226619243621826,,58.30933115719987,,1.9053640687668922,53.52,Great Eau at Claythorpe Mill,True,True,False,False,False
29003,0.7064652442932129,0.7049669623374939,0.7508072257041931,-0.0014982819557189941,0.044341981410980225,,69.93740058080512,,1.7460111077519258,64.72,Lud at Louth,True,True,False,False,False
29005,0.3064011335372925,0.3109774589538574,0.30526888370513916,0.004576325416564941,-0.0011322498321533203,,42.96911681661609,,1.8011978344591488,5.37,Rase at Bishopbridge,True,False,False,True,False
30001,0.8384559750556946,0.808548092842102,0.8294011950492859,-0.02990788221359253,-0.009054780006408691,SK67_17,31.536177637754392,Permo-Triassic sandstone,2.4708219495400128,28.83,Witham at Claypole Mill,True,False,False,True,False
30004,0.6556258797645569,0.6631751656532288,0.6725941300392151,0.007549285888671875,0.016968250274658203,,50.522163453280584,,1.7788022040132387,1.02,Lymn at Partney Mill,True,False,False,True,False
30005,0.7766292095184326,0.7735728025436401,0.7755050659179688,-0.0030564069747924805,-0.0011241436004638672,,47.731691778104825,,2.0915262726310906,56.53,Witham at Saltersford Total,True,True,False,False,False
30011,0.7962015867233276,0.7983227968215942,0.8158766627311707,0.0021212100982666016,0.019675076007843018,,60.500179338577176,,1.809896246602439,21.4,Bain at Goulceby Bridge,True,False,False,True,False
30012,0.7557295560836792,0.7649149298667908,0.7666559219360352,0.009185373783111572,0.010926365852355957,,48.1991908645778,,1.582290682718994,0.14,Stainfield Beck at Cream Poke Farm,True,False,False,True,False
30014,0.7501037120819092,0.7460704445838928,0.7514411807060242,-0.004033267498016357,0.0013374686241149902,,63.57454144545598,,1.0386201619497029,0.0,Pointon Lode at Pointon,True,False,False,True,False
31002,0.7052291631698608,0.6978771686553955,0.703773021697998,-0.007351994514465332,-0.001456141471862793,,68.68856746213302,,2.5287624855106072,16.08,Glen at Kates Br & King St Br,True,False,False,True,False
31006,-0.2769409418106079,-0.5214635133743286,-0.512902021408081,-0.2445225715637207,-0.23596107959747314,,72.39754761039907,,2.173681489728459,32.63,Gwash at Belmesthorpe,True,False,False,True,False
31010,0.7444839477539062,0.7356575727462769,0.750591516494751,-0.008826375007629395,0.0061075687408447266,,73.12705997098475,,1.8376515578463926,27.89,Chater at Fosters Bridge,True,False,False,True,False
31021,0.7824755907058716,0.7841085195541382,0.7920056581497192,0.0016329288482666016,0.009530067443847656,,76.62680536209244,,2.3928551693895352,0.0,Welland at Ashley,True,False,False,True,False
31023,0.6378710865974426,0.6590313911437988,0.6515575647354126,0.0211603045463562,0.01368647813796997,,55.74711831117372,,0.6414741105040995,0.0,West Glen at Easton Wood,True,False,False,True,False
32003,0.7240424752235413,0.7193858623504639,0.7200124859809875,-0.004656612873077393,-0.004029989242553711,,62.98658349204218,,1.8479426388452236,0.0,Harpers Brook at Old Mill Bridge,True,False,False,True,False
32004,0.8115738034248352,0.8018016219139099,0.8041346073150635,-0.009772181510925293,-0.0074391961097717285,,55.68533828576424,,2.2886068903909687,0.0,Ise Brook at Harrowden,True,False,False,True,False
32006,0.8484240174293518,0.8518744707107544,0.8553463220596313,0.003450453281402588,0.006922304630279541,,48.612122973595795,,2.343782654669529,0.0,Nene/Kislingbury at Upton Total,True,False,False,True,False
32008,0.8663110136985779,0.8629707098007202,0.8673575520515442,-0.003340303897857666,0.0010465383529663086,,54.67268513618112,,2.0181177205910004,0.0,Nene/Kislingbury at Dodford,True,False,False,True,False
33006,0.550249457359314,0.5344605445861816,0.5669991970062256,-0.015788912773132324,0.01674973964691162,TF80_33,13.423114578964155,Chalk,2.4139029975044397,11.98,Wissey at Northwold Total,True,False,False,True,False
33007,0.7580540776252747,0.7644314765930176,0.7726622223854065,0.00637739896774292,0.014608144760131836,TF80_33,16.391063418826736,Chalk,2.168468018854484,26.04,Nar at Marham,True,False,False,True,False
33012,0.7924656867980957,0.7921552062034607,0.7976378202438354,-0.00031048059463500977,0.005172133445739746,,43.50381851056295,,2.1403823245594022,0.0,Kym at Meagre Farm,True,False,False,True,False
33013,0.3194342851638794,0.2587200999259949,0.2635389566421509,-0.06071418523788452,-0.055895328521728516,TM17_34,23.391684526771474,Chalk,2.292610452838321,5.58,Sapiston at Rectory Bridge,True,False,False,True,False
33014,0.7951651811599731,0.8014049530029297,0.8007830381393433,0.006239771842956543,0.005617856979370117,TF80_33,34.29954636726264,Chalk,2.4378139588473458,16.35,Lark at Temple,True,False,False,True,False
33018,0.8277930021286011,0.8212535977363586,0.8253646492958069,-0.006539404392242432,-0.0024283528327941895,,40.0064127984502,,2.1223469662550785,0.0,Tove at Cappenham Bridge,True,False,False,True,False
33019,0.7051686644554138,0.668686032295227,0.7124418020248413,-0.03648263216018677,0.00727313756942749,TF80_33,22.269811876169946,Chalk,2.4932907143060246,11.43,Thet at Melford Bridge,True,False,False,True,False
33021,0.7079434394836426,0.6935412287712097,0.7122315168380737,-0.014402210712432861,0.004288077354431152,,40.94524939477106,,2.4886212131294285,55.28,Rhee at Burnt Mill,True,True,False,False,False
33022,0.8441079258918762,0.8410264253616333,0.8526149988174438,-0.00308150053024292,0.008507072925567627,TL11_9,31.31455584867842,Chalk,2.732096085685356,17.54,Ivel at Blunham,True,False,False,True,False
33023,0.24219787120819092,0.09880983829498291,0.1185910701751709,-0.143388032913208,-0.12360680103302002,TF80_33,38.31603138374328,Chalk,2.119090852421722,28.29,Lea Brook at Beck Bridge,True,False,False,True,True
33024,0.609374463558197,0.6211719512939453,0.5757132768630981,0.011797487735748291,-0.03366118669509888,,41.79945310647019,,2.300138778165712,30.45,Cam at Dernford,True,False,False,True,False
33026,0.7915940284729004,0.7868349552154541,0.8021621108055115,-0.004759073257446289,0.010568082332611084,,47.53302743356455,,3.4093074239519776,5.09,Bedford Ouse at Offord,True,False,False,True,False
33028,0.7836199402809143,0.771168053150177,0.7830092906951904,-0.012451887130737305,-0.000610649585723877,TL11_9,19.841689469397508,Chalk,2.077077066845761,4.94,Flit at Shefford,True,False,False,True,False
33029,0.7686913013458252,0.7583760619163513,0.770842969417572,-0.010315239429473877,0.002151668071746826,TF80_33,16.36853606771235,Chalk,1.9795938958489303,57.07,Stringside at Whitebridge,True,True,True,False,False
33031,0.6091389656066895,0.6190979480743408,0.6099638938903809,0.009958982467651367,0.0008249282836914062,SP91_59,25.69780467277312,Chalk,1.8455321174935755,0.0,Broughton Brook at Broughton,True,False,False,True,False
33032,0.2108997106552124,0.33862125873565674,0.37900471687316895,0.12772154808044434,0.16810500621795654,TF73_10,9.549198133874906,Chalk,1.7494270991217489,25.89,Heacham at Heacham,True,False,False,True,True
33033,0.687096118927002,0.6727074384689331,0.6824539303779602,-0.014388680458068848,-0.004642188549041748,TL11_9,18.351712317928264,Chalk,2.0529246837077286,33.94,Hiz at Arlesey,True,False,False,True,False
33034,0.6903283596038818,0.6606384515762329,0.7191574573516846,-0.029689908027648926,0.028829097747802734,TF80_33,21.014635971151154,Chalk,2.849886014263404,11.08,Little Ouse at Abbey Heath,True,False,False,True,False
33035,0.7788534164428711,0.7803207635879517,0.7887662053108215,0.0014673471450805664,0.00991278886795044,TF80_33,28.839723056922722,Chalk,3.553978852004511,25.61,Ely Ouse at Denver Complex,True,False,False,True,False
33039,0.7015807628631592,0.6824889183044434,0.700192928314209,-0.01909184455871582,-0.0013878345489501953,TL11_9,33.82340575696067,Chalk,3.220709404879566,2.16,Bedford Ouse at Roxton,True,False,False,True,False
33053,0.5626929998397827,0.6073900461196899,0.5981572270393372,0.04469704627990723,0.03546422719955444,,41.99334352013424,,2.0568286526378117,32.97,Granta at Stapleford,True,False,False,True,True
34002,0.7910326719284058,0.7912349104881287,0.7965459823608398,0.0002022385597229004,0.005513310432434082,TM17_34,24.525016004072253,Chalk,2.185230416167563,0.0,Tas at Shotesham,True,False,False,True,False
34003,0.45708441734313965,0.2907381057739258,0.3793434500694275,-0.16634631156921387,-0.07774096727371216,TG12_7,8.306464470519332,Chalk,2.2079035303860515,0.0,Bure at Ingworth,True,False,False,True,False
34004,0.4801056385040283,0.3970929980278015,0.5102219581604004,-0.0830126404762268,0.03011631965637207,TG12_7,15.840217296489339,Chalk,2.74795530690673,1.0,Wensum at Costessey Mill,True,False,False,True,False
34005,0.5686324238777161,0.5896124839782715,0.6529203653335571,0.02098006010055542,0.08428794145584106,TG12_7,16.93521363904217,Chalk,1.857995495560924,0.0,Tud at Costessey Park,True,False,False,True,False
34006,0.7734735608100891,0.7757622599601746,0.7721721529960632,0.0022886991500854492,-0.001301407814025879,TM17_34,10.91994436799016,Chalk,2.5752802381801962,0.0,Waveney at Needham Mill,True,False,False,True,False
34007,0.7029913067817688,0.7125184535980225,0.6932306885719299,0.009527146816253662,-0.009760618209838867,TM17_34,4.6748095148358715,Chalk,2.1441693000416664,0.0,Dove at Oakley Park,True,False,False,True,False
34008,-0.8810106515884399,-1.1361656188964844,-0.8735237121582031,-0.25515496730804443,0.007486939430236816,TG12_7,21.85973288949341,Chalk,1.647676313240871,0.0,Ant at Honing Lock,True,False,False,True,False
34010,0.6168071031570435,0.604645848274231,0.610707700252533,-0.0121612548828125,-0.006099402904510498,TM17_34,4.165607998840025,Chalk,2.176438555741045,0.0,Waveney at Billingford Bridge,True,False,False,True,False
34011,-0.19437575340270996,-0.36070942878723145,-0.2167966365814209,-0.16633367538452148,-0.022420883178710938,TF73_9,14.433728589661092,Chalk,2.21200105751229,2.7,Wensum at Fakenham,True,False,False,True,False
34012,-1.3927695751190186,-1.3918936252593994,-1.077939510345459,0.0008759498596191406,0.31483006477355957,TF73_9,11.853546642250159,Chalk,1.9236066430174592,10.48,Burn at Burnham Overy,True,False,False,True,False
35003,0.4836846590042114,0.4653029441833496,0.4679179787635803,-0.018381714820861816,-0.015766680240631104,TM17_34,28.595342085731374,Chalk,1.7977521286507108,0.0,Alde at Farnham,True,False,False,True,False
35008,0.8175605535507202,0.8258178234100342,0.8191341161727905,0.008257269859313965,0.0015735626220703125,TM17_34,20.22494588373477,Chalk,2.099887727411467,0.0,Gipping at Stowmarket,True,False,False,True,False
36003,0.7489699125289917,0.742055356502533,0.7401893138885498,-0.00691455602645874,-0.008780598640441895,TL72_54,22.623286785964588,Chalk,1.7537362221750101,0.0,Box at Polstead,True,False,False,True,False
36006,0.6091916561126709,0.6013380289077759,0.6313052177429199,-0.00785362720489502,0.022113561630249023,TL72_54,24.10146157393779,Chalk,2.7569022317166274,0.16,Stour at Langham,True,False,False,True,False
36009,0.7481012344360352,0.7556121349334717,0.7440413236618042,0.0075109004974365234,-0.004059910774230957,TL72_54,29.715367825419897,Chalk,1.4075608494863625,0.0,Brett at Cockfield,True,False,False,True,False
36010,0.7253429889678955,0.725878894329071,0.7361217737197876,0.0005359053611755371,0.01077878475189209,TL72_54,19.913953801292198,Chalk,1.440121603187804,0.0,Bumpstead Brook at Broad Green,True,False,False,True,False
36011,0.7683448791503906,0.7720673680305481,0.7733727693557739,0.0037224888801574707,0.005027890205383301,TL72_54,21.500703337332943,Chalk,1.5345337560051155,0.0,Stour Brook at Sturmer,True,False,False,True,False
36012,0.5970938205718994,0.5999468564987183,0.60740065574646,0.0028530359268188477,0.010306835174560547,TL72_54,21.78528604356619,Chalk,1.884512159190394,0.0,Stour at Kedington,True,False,False,True,False
37001,0.8005572557449341,0.7967066168785095,0.8052895069122314,-0.0038506388664245605,0.004732251167297363,TL11_9,39.79877441580331,Chalk,2.4786386315431668,0.0,Roding at Redbridge,True,False,False,True,False
37003,0.6478902101516724,0.649350643157959,0.6433879137039185,0.001460433006286621,-0.004502296447753906,TL72_54,14.454835661466374,Chalk,1.8907562519182182,0.0,Ter at Crabbs Bridge,True,False,False,True,False
37005,0.7927951812744141,0.7948697805404663,0.795752227306366,0.002074599266052246,0.0029570460319519043,TL72_54,16.456617210107307,Chalk,2.3727095303859254,0.0,Colne at Lexden,True,False,False,True,False
37008,0.779721200466156,0.7887762784957886,0.7810991406440735,0.009055078029632568,0.0013779401779174805,TL72_54,19.944032816860286,Chalk,2.2778841422402,0.0,Chelmer at Springfield,True,False,False,True,False
37009,0.7914565205574036,0.7833846807479858,0.7854228615760803,-0.008071839809417725,-0.006033658981323242,TL72_54,10.589911850435772,Chalk,1.7801011914679117,0.0,Brain at Guithavon Valley,True,False,False,True,False
37010,0.7216789722442627,0.697179913520813,0.7095857858657837,-0.024499058723449707,-0.012093186378479004,TL72_54,10.43397263749527,Chalk,2.3963911617301985,0.0,Blackwater at Appleford Bridge,True,False,False,True,False
37011,0.8192087411880493,0.8077735900878906,0.8196951150894165,-0.011435151100158691,0.0004863739013671875,TL72_54,17.030456717305032,Chalk,1.8620120512502165,0.0,Chelmer at Churchend,True,False,False,True,False
37018,0.6700857281684875,0.6558683514595032,0.6600059270858765,-0.014217376708984375,-0.010079801082611084,,46.12636922628965,,1.6506959797606109,0.0,Ingrebourne at Gaynes Park,True,False,False,True,False
37019,0.712708592414856,0.7161632776260376,0.7122824192047119,0.0034546852111816406,-0.00042617321014404297,,48.743432060124775,,1.7121444142148858,0.0,Beam at Bretons Farm,True,False,False,True,False
37020,0.7413135170936584,0.7327651977539062,0.7432495355606079,-0.008548319339752197,0.0019360184669494629,TL72_54,13.990847865658464,Chalk,2.1253185781235264,0.0,Chelmer at Felsted,True,False,False,True,False
38001,0.7317596077919006,0.6930766105651855,0.7238112688064575,-0.03868299722671509,-0.007948338985443115,TL11_9,24.49792981049623,Chalk,3.019157847739282,9.3,Lee at Feildes Weir,True,False,False,True,False
38003,-0.07301115989685059,-0.34345412254333496,-0.09123086929321289,-0.2704429626464844,-0.018219709396362305,TL11_9,13.005105612796845,Chalk,2.1146443389022793,19.06,Mimram at Panshanger Park,True,False,False,True,False
38007,0.7916401028633118,0.784609317779541,0.7894232869148254,-0.007030785083770752,-0.002216815948486328,TL11_9,27.830308154959408,Chalk,1.3172273491764201,0.0,Canons Brook at Elizabeth Way,True,False,False,True,False
38014,0.7744259834289551,0.7694150805473328,0.7774020433425903,-0.0050109028816223145,0.002976059913635254,TL11_9,31.263961521214807,Chalk,1.3592661646067485,0.0,Salmon Brook at Edmonton,True,False,False,True,False
38017,-2.6224586963653564,-3.2037668228149414,-2.5408401489257812,-0.581308126449585,0.0816185474395752,TL11_9,2.1572436116489024,Chalk,1.5843312243675307,26.14,Mimram at Whitwell,True,False,False,True,False
38018,0.759274423122406,0.7240230441093445,0.7536292672157288,-0.03525137901306152,-0.005645155906677246,TL11_9,16.26817752546363,Chalk,2.197914303318418,31.57,Upper Lee at Water Hall,True,False,False,True,False
38021,0.7970314025878906,0.787434458732605,0.7856199145317078,-0.009596943855285645,-0.011411488056182861,TL11_9,28.47114504195432,Chalk,1.617943434828973,0.0,Turkey Brook at Albany Park,True,False,False,True,False
39001,0.8843239545822144,0.8728535771369934,0.8706508278846741,-0.011470377445220947,-0.013673126697540283,,42.53366313874224,,3.996985547524192,23.47,Thames at Kingston,True,False,False,True,False
39006,0.8758761882781982,0.8662848472595215,0.8879693150520325,-0.009591341018676758,0.012093126773834229,,45.94881179094841,,2.558216411281003,70.0,Windrush at Newbridge,True,True,False,False,False
39007,0.8183517456054688,0.8172000646591187,0.8322932720184326,-0.0011516809463500977,0.013941526412963867,SU64_28,26.078040570564347,Chalk,2.5560611590095323,13.62,Blackwater at Swallowfield,True,False,False,True,False
39010,-0.06832325458526611,0.12507253885269165,0.007919728755950928,0.19339579343795776,0.07624298334121704,SP90_26,24.721296487037247,Chalk,2.8608767964032977,17.91,Colne at Denham,True,False,False,True,True
39011,0.7670355439186096,0.771691620349884,0.7452138662338257,0.004656076431274414,-0.021821677684783936,SU82_63,18.276030750685443,Lower Greensand,2.5925320448535816,15.44,Wey at Tilford,True,False,False,True,False
39012,0.6095150709152222,0.5992169380187988,0.6209916472434998,-0.01029813289642334,0.011476576328277588,,41.42192454485909,,1.8627870982353443,32.44,Hogsmill at Kingston upon Thames,True,False,False,True,False
39014,-1.6287968158721924,-1.863405466079712,-1.0776917934417725,-0.23460865020751953,0.5511050224304199,TL11_9,17.776794142926896,Chalk,2.1288837020997735,15.3,Ver at Hansteads,True,False,False,True,False
39016,0.6758105754852295,0.656476616859436,0.7064685821533203,-0.019333958625793457,0.03065800666809082,SU64_28,30.368423156298384,Chalk,3.015942057262973,45.03,Kennet at Theale,True,False,False,True,False
39020,0.8714622855186462,0.8514837622642517,0.8727211952209473,-0.01997852325439453,0.0012589097023010254,,44.80785325141119,,2.030599721965951,83.19,Coln at Bibury,True,True,False,False,False
39021,0.42916280031204224,0.47292089462280273,0.47500932216644287,0.0437580943107605,0.045846521854400635,,45.66793047642952,,2.744652789820986,0.0,Cherwell at Enslow Mill,True,False,False,True,False
39022,0.8593500852584839,0.8611482381820679,0.8608034253120422,0.0017981529235839844,0.0014533400535583496,SU64_28,26.159086776873536,Chalk,2.24740856192157,38.67,Loddon at Sheepbridge,True,False,False,True,False
39023,-2.3271076679229736,-2.509504556655884,-1.5900547504425049,-0.18239688873291016,0.7370529174804688,SP90_26,22.653248111473992,Chalk,2.1276877875398506,40.59,Wye at Bourne End Hedsor,True,False,False,True,False
39025,0.8814305067062378,0.8813034296035767,0.8729885816574097,-0.0001270771026611328,-0.008441925048828125,SU35_14,25.055426019128074,Chalk,2.1523189274246453,15.66,Enborne at Brimpton,True,False,False,True,False
39027,0.17218703031539917,-0.07519972324371338,0.03105628490447998,-0.24738675355911255,-0.1411307454109192,SU64_28,36.09031171935205,Chalk,2.2447223227699977,44.36,Pang at Pangbourne,True,False,False,True,False
39028,0.3498684763908386,0.21097207069396973,0.32387977838516235,-0.1388964056968689,-0.02598869800567627,SU35_14,12.113021918580019,Chalk,2.00039068924991,34.0,Dun at Hungerford,True,False,False,True,False
39029,0.1426982283592224,0.15403562784194946,0.16088169813156128,0.01133739948272705,0.018183469772338867,SU82_63,25.34654232829401,Lower Greensand,1.7692295817365937,5.84,Tilling Bourne at Shalford,True,False,False,True,True
39034,0.8260312080383301,0.8083322048187256,0.8233534693717957,-0.017699003219604492,-0.002677738666534424,,49.32231285128466,,2.630570243320645,11.73,Evenlode at Cassington Mill,True,False,False,True,False
39035,0.5222203731536865,0.5058330297470093,0.5844140648841858,-0.016387343406677246,0.06219369173049927,ST77_8,35.125283486400505,Inferior Oolite Group,2.1029479680053735,82.71,Churn at Cerney Wick,True,True,True,False,False
39036,-5.886982440948486,-5.1796135902404785,-5.04036283493042,0.7073688507080078,0.8466196060180664,SU82_63,26.819880872218654,Lower Greensand,1.2060158767633447,0.0,Law Brook at Albury,True,False,False,True,False
39037,0.7237714529037476,0.7904938459396362,0.7509040832519531,0.06672239303588867,0.027132630348205566,SU35_14,18.89536414044461,Chalk,2.1349098791318784,74.18,Kennet at Marlborough,True,True,True,False,False
39042,0.7545129060745239,0.7642277479171753,0.7603057026863098,0.009714841842651367,0.005792796611785889,,44.125269404276736,,1.889917683436206,84.94,Leach at Priory Mill Lechlade,True,True,False,False,False
39052,0.8315863609313965,0.8232532143592834,0.8322921991348267,-0.008333146572113037,0.0007058382034301758,SU64_28,37.672803187445446,Chalk,1.6988831367525903,0.0,The Cut at Binfield,True,False,False,True,False
39061,0.6746384501457214,0.7050402164459229,0.6843916773796082,0.030401766300201416,0.009753227233886719,SU35_14,29.198741770836634,Chalk,0.6009728956867483,97.82,Letcombe Brook at Letcombe Bassett,True,True,True,False,False
39081,0.7713233828544617,0.7690220475196838,0.7848347425460815,-0.002301335334777832,0.013511359691619873,,42.922570903896236,,2.3684728384403617,10.28,Ock at Abingdon,True,False,False,True,False
40003,0.8688396215438843,0.8664596676826477,0.8735756874084473,-0.0023799538612365723,0.004736065864562988,TQ62_99,31.489537849895477,Hastings Beds,3.1008218389469513,0.52,Medway at Teston / East Farleigh,True,False,False,True,False
40004,0.8344350457191467,0.8289538621902466,0.8359790444374084,-0.0054811835289001465,0.0015439987182617188,TQ62_99,15.342610599242882,Hastings Beds,2.3109905271345785,0.0,Rother at Udiam,True,False,False,True,False
40005,0.8641951084136963,0.8721060156822205,0.8777888417243958,0.00791090726852417,0.013593733310699463,TQ62_99,28.550952698640373,Hastings Beds,2.4441228994129194,0.0,Beult at Stilebridge,True,False,False,True,False
40007,0.86278235912323,0.8616417646408081,0.8628131747245789,-0.001140594482421875,3.081560134887695e-05,TQ62_99,20.494316285253333,Hastings Beds,2.401521161385542,0.0,Medway at Chafford / Colliers Land Bridge,True,False,False,True,False
40009,0.787695586681366,0.7770148515701294,0.7795660495758057,-0.010680735111236572,-0.008129537105560303,TQ62_99,19.743353337262644,Hastings Beds,2.128722284338427,0.0,Teise at Stonebridge,True,False,False,True,False
40010,0.8712265491485596,0.8720210790634155,0.8730120658874512,0.000794529914855957,0.0017855167388916016,TQ62_99,23.13079998616563,Hastings Beds,2.3510615580323826,1.49,Eden at Penshurst / Vexour Bridge,True,False,False,True,False
40011,0.8717232346534729,0.8642435669898987,0.8616062998771667,-0.007479667663574219,-0.010116934776306152,,59.28478537533892,,2.5330853864405705,23.56,Great Stour at Horton,True,False,False,True,False
40012,0.7041497230529785,0.6757447719573975,0.6938272714614868,-0.028404951095581055,-0.0103224515914917,,49.48699130074488,,2.2725609638615567,30.82,Darent at Hawley,True,False,False,True,False
40013,0.6234043836593628,0.6029834747314453,0.6175016164779663,-0.02042090892791748,-0.005902767181396484,TQ62_99,36.8497528485606,Hastings Beds,1.9920672600276668,13.84,Darent at Otford,True,False,False,True,False
40016,0.37409186363220215,0.40194809436798096,0.4244653582572937,0.02785623073577881,0.05037349462509155,,52.87816616525198,,2.091631790626808,21.73,Cray at Crayford,True,False,False,True,False
40018,0.789972722530365,0.7825347185134888,0.7954279780387878,-0.007438004016876221,0.0054552555084228516,,42.41734457742493,,2.0872133412316147,20.6,Darent at Lullingstone,True,False,False,True,False
41001,0.48361796140670776,0.4934912323951721,0.47910839319229126,0.009873270988464355,-0.004509568214416504,TQ62_99,10.796676988777612,Hastings Beds,1.2332500095411003,0.0,Nunningham Stream at Tilley Bridge,True,False,False,True,False
41003,0.7902984619140625,0.7854456305503845,0.791522741317749,-0.0048528313636779785,0.0012242794036865234,TQ50_7,2.962145337420161,Chalk,2.1150443952584133,1.41,Cuckmere at Sherman Bridge,True,False,False,True,False
41005,0.867798388004303,0.8682742714881897,0.8706036806106567,0.00047588348388671875,0.0028052926063537598,TQ21_11A,16.7194469107085,Chalk,2.26164345331189,0.0,Ouse at Gold Bridge,True,False,False,True,False
41006,0.6921697854995728,0.6946671009063721,0.6832367777824402,0.0024973154067993164,-0.008933007717132568,TQ62_99,16.564080324606014,Hastings Beds,1.9501700598082001,0.0,Uck at Isfield,True,False,False,True,False
41011,0.8124518394470215,0.8050248622894287,0.8038573861122131,-0.0074269771575927734,-0.00859445333480835,SU82_63,4.2427486373811965,Lower Greensand,2.1957336482732113,11.48,Rother at Iping Mill,True,False,False,True,False
41012,0.7518541812896729,0.7599821090698242,0.7552264332771301,0.008127927780151367,0.0033722519874572754,TQ22_1,8.859934593438034,Hastings Beds,1.9713686367914234,4.15,Adur E Branch at Sakeham,True,False,False,True,False
41013,0.7840969562530518,0.7847785949707031,0.7840846180915833,0.0006816387176513672,-1.233816146850586e-05,TQ62_99,10.429961169630499,Hastings Beds,1.1516762308470478,0.0,Huggletts Stream at Henley Bridge,True,False,False,True,False
41014,0.842427670955658,0.8248819708824158,0.8409096598625183,-0.017545700073242188,-0.0015180110931396484,SU82_63,15.95361980868292,Lower Greensand,2.5986044970052267,0.0,Arun at Pallingham,True,False,False,True,False
41016,0.7889020442962646,0.7961252331733704,0.7822784781455994,0.007223188877105713,-0.006623566150665283,TQ62_99,7.791056475215669,Hastings Beds,1.2808059283936668,0.0,Cuckmere at Cowbeech,True,False,False,True,False
41019,0.8465064764022827,0.8422858119010925,0.8451711535453796,-0.0042206645011901855,-0.0013353228569030762,TQ22_1,12.959670674828123,Hastings Beds,2.1807564923035585,0.0,Arun at Alfoldean,True,False,False,True,False
41020,0.7934874296188354,0.7967960834503174,0.7951533794403076,0.0033086538314819336,0.001665949821472168,TQ21_11A,14.219679672904027,Chalk,1.5499836111596887,10.33,Bevern Stream at Clappers Bridge,True,False,False,True,False
41022,0.8511868715286255,0.8509649038314819,0.8496766090393066,-0.0002219676971435547,-0.0015102624893188477,SU82_63,5.079489836587922,Lower Greensand,1.7196626830180466,0.0,Lod at Halfway Bridge,True,False,False,True,False
41023,0.5916328430175781,0.6078709363937378,0.6666281223297119,0.016238093376159668,0.07499527931213379,SU82_63,18.688636226327485,Lower Greensand,1.9355072658247128,91.72,Lavant at Graylingwell,True,True,True,False,False
41025,0.8594513535499573,0.8540371656417847,0.8598113059997559,-0.005414187908172607,0.000359952449798584,TQ22_1,17.777574890856176,Hastings Beds,1.9685296443748395,0.0,Loxwood Stream at Drungewick,True,False,False,True,False
41027,0.7044516801834106,0.7039027214050293,0.6966570019721985,-0.0005489587783813477,-0.007794678211212158,SU82_63,11.817394975204984,Lower Greensand,1.5589484459780396,11.18,Rother at Princes Marsh,True,False,False,True,False
41028,0.7595125436782837,0.7636304497718811,0.7566788792610168,0.004117906093597412,-0.0028336644172668457,TQ21_11A,8.115758128480666,Chalk,1.3981136917305026,9.78,Chess Stream at Chess Bridge,True,False,False,True,False
42001,0.695366621017456,0.7024354338645935,0.6855365037918091,0.007068812847137451,-0.009830117225646973,SU51_1,9.398686929566278,Chalk,2.047975405279086,42.67,Wallington at North Fareham,True,False,False,True,False
42003,0.7984012961387634,0.8073642253875732,0.8105210065841675,0.008962929248809814,0.012119710445404053,SU51_1,31.177264151942516,Chalk,1.9994785336793102,0.0,Lymington at Brockenhurst,True,False,False,True,False
42004,0.6171427369117737,0.6075699925422668,0.5898087024688721,-0.009572744369506836,-0.02733403444290161,SU51_1,23.824938614821235,Chalk,3.0148186463653297,66.22,Test at Broadlands,True,True,True,False,False
42006,0.8464736938476562,0.85936439037323,0.8496504426002502,0.01289069652557373,0.003176748752593994,SU51_1,2.7470662532964143,Chalk,1.8798983243300098,71.64,Meon at Mislingford,True,True,True,False,False
42008,0.7281112670898438,0.715639054775238,0.7255663871765137,-0.012472212314605713,-0.002544879913330078,SU64_28,10.346867593624653,Chalk,1.8711641328029494,58.47,Cheriton Stream at Sewards Bridge,True,True,True,False,False
42010,0.7282804250717163,0.6771407723426819,0.7137305736541748,-0.051139652729034424,-0.014549851417541504,SU51_1,13.70388357364437,Chalk,2.531363941520202,67.32,Itchen at Highbridge & Allbrook Total,True,True,True,False,False
42011,0.7425872087478638,0.7340319156646729,0.7350972890853882,-0.008555293083190918,-0.007489919662475586,SU51_1,7.134330802535022,Chalk,1.7423322823571483,48.34,Hamble at Frogmill,True,False,False,True,False
43005,0.8689432144165039,0.8786613345146179,0.8803796768188477,0.009718120098114014,0.01143646240234375,SU35_14,23.50258815535004,Chalk,2.5138432792311174,68.13,Avon at Amesbury,True,True,True,False,False
43006,0.8756178021430969,0.8761998414993286,0.8698483109474182,0.0005820393562316895,-0.005769491195678711,SU35_14,34.74134368443454,Chalk,2.3337091828972722,36.55,Nadder at Wilton,True,False,False,True,False
43007,0.8454039692878723,0.8375615477561951,0.8481771945953369,-0.007842421531677246,0.0027732253074645996,,52.23835090237822,,3.026161319803131,27.16,Stour at Throop,True,False,False,True,False
43008,0.7514561414718628,0.7540013194084167,0.7339022159576416,0.002545177936553955,-0.01755392551422119,SU35_14,33.07888881144589,Chalk,2.651442781983703,79.02,Wylye at South Newton,True,True,True,False,False
43009,0.8937053084373474,0.8947791457176208,0.8970819711685181,0.0010738372802734375,0.0033766627311706543,ST64_33,37.039104862293854,Carboniferous Limestone,2.714958109720149,4.23,Stour at Hammoon,True,False,False,True,False
43014,0.6686202883720398,0.6828572750091553,0.6765923500061035,0.014236986637115479,0.00797206163406372,SU35_14,19.805363036309128,Chalk,1.933588510196653,34.8,East Avon at Upavon East,True,False,False,True,False
43017,0.7822933197021484,0.7903837561607361,0.796169102191925,0.008090436458587646,0.013875782489776611,SU35_14,19.803619694389205,Chalk,1.9275243408750287,55.89,West Avon at Upavon West,True,True,True,False,False
44001,0.7267681360244751,0.719612717628479,0.7265551090240479,-0.007155418395996094,-0.0002130270004272461,,64.61266013715888,,2.61761882260783,21.16,Frome at East Stoke Total,True,False,False,True,False
44002,0.825424075126648,0.8050068020820618,0.8285821080207825,-0.02041727304458618,0.0031580328941345215,,65.54865341866301,,2.2643218777630056,41.25,Piddle at Baggs Mill,True,False,False,True,False
44006,0.6942940950393677,0.6744447946548462,0.7087822556495667,-0.019849300384521484,0.014488160610198975,,48.308729252589536,,1.080987046910887,52.3,Sydling Water at Sydling St Nicholas,True,True,False,False,False
45001,0.92067551612854,0.9235756993293762,0.9216986894607544,0.0029001832008361816,0.0010231733322143555,,85.59916359404454,,2.7840107110782126,0.0,Exe at Thorverton,True,False,False,True,False
45003,0.8284134864807129,0.8328506350517273,0.8347088098526001,0.004437148571014404,0.006295323371887207,,76.23157669233925,,2.359664765369852,0.0,Culm at Woodmill,True,False,False,True,False
45004,0.7908157110214233,0.7918611764907837,0.8025082349777222,0.0010454654693603516,0.011692523956298828,,65.6960077934725,,2.4602511794543624,2.04,Axe at Whitford,True,False,False,True,False
45005,0.8037458658218384,0.8032538890838623,0.8104202151298523,-0.0004919767379760742,0.006674349308013916,,82.32666912975405,,2.3071321906557802,0.0,Otter at Dotton,True,False,False,True,False
45009,0.9135140776634216,0.9189759492874146,0.9182729721069336,0.00546187162399292,0.004758894443511963,,75.37096953734905,,2.1697038169945717,0.0,Exe at Pixton,True,False,False,True,False
45012,0.8255530595779419,0.822268009185791,0.8255077600479126,-0.003285050392150879,-4.5299530029296875e-05,,91.21618484676938,,2.4209948296439574,0.0,Creedy at Cowley,True,False,False,True,False
46003,0.8737963438034058,0.8751941323280334,0.8762675523757935,0.0013977885246276855,0.0024712085723876953,,122.15464635043564,,2.3979400086720375,0.0,Dart at Austins Bridge,True,False,False,True,False
46005,0.8045049905776978,0.8112804889678955,0.8077172636985779,0.006775498390197754,0.003212273120880127,,122.16350291310413,,1.347720217034038,0.0,East Dart at Bellever,True,False,False,True,False
47001,0.9282329678535461,0.9296349883079529,0.9307438135147095,0.0014020204544067383,0.00251084566116333,,144.23557156610156,,2.96389638739659,0.0,Tamar at Gunnislake,True,False,False,True,False
47004,0.9219262599945068,0.9214919209480286,0.923253059387207,-0.0004343390464782715,0.0013267993927001953,,154.45989201731302,,2.131265696780032,0.0,Lynher at Pillaton Mill,True,False,False,True,False
47008,0.8358027935028076,0.8295745849609375,0.8279746174812317,-0.006228208541870117,-0.007828176021575928,,140.43390240607857,,2.0520009801013,0.0,Thrushel at Tinhay,True,False,False,True,False
47009,0.9363503456115723,0.9395103454589844,0.9375039935112,0.0031599998474121094,0.0011536478996276855,,158.07114910697652,,1.57287160220048,0.0,Tiddy at Tideford,True,False,False,True,False
48004,0.8940241932868958,0.8981069922447205,0.89493727684021,0.004082798957824707,0.000913083553314209,,169.93946254475443,,1.402433346219312,0.0,Warleggan at Trengoffe,True,False,False,True,False
48005,0.9068745374679565,0.9044327735900879,0.9085776805877686,-0.0024417638778686523,0.0017031431198120117,,210.47654863428372,,1.2789821168654432,0.0,Kenwyn at Truro,True,False,False,True,False
48011,0.9056174159049988,0.9077488780021667,0.9043177366256714,0.0021314620971679688,-0.0012996792793273926,,177.6961038740017,,2.2232362731029975,0.0,Fowey at Restormel,True,False,False,True,False
49002,0.8784254193305969,0.8822163343429565,0.8800247311592102,0.003790915012359619,0.0015993118286132812,,239.451002090198,,1.6864575104691117,0.0,Hayle at St Erth,True,False,False,True,False
49004,0.8769983649253845,0.8786243200302124,0.8805661201477051,0.0016259551048278809,0.0035677552223205566,,203.09442675760457,,1.6108730003800518,0.0,Gannel at Gwills,True,False,False,True,False
50001,0.9269872307777405,0.92589271068573,0.9265832304954529,-0.001094520092010498,-0.00040400028228759766,,107.57122602722347,,2.920624146429142,0.0,Taw at Umberleigh,True,False,False,True,False
50002,0.8914532661437988,0.8909951448440552,0.8910046219825745,-0.00045812129974365234,-0.00044864416122436523,,119.30786613212055,,2.8223381011510074,0.0,Torridge at Torrington,True,False,False,True,False
50006,0.9222936034202576,0.9252514243125916,0.923541784286499,0.0029578208923339844,0.001248180866241455,,103.14786591103085,,2.514547752660286,0.0,Mole at Woodleigh,True,False,False,True,False
51001,0.8755161166191101,0.8794354200363159,0.8787143230438232,0.0039193034172058105,0.0031982064247131348,,56.97491315482631,,1.8705794605526849,0.0,Doniford Stream at Swill Bridge,True,False,False,True,False
52004,0.8434159755706787,0.8433814644813538,0.8499439358711243,-3.451108932495117e-05,0.006527960300445557,,41.48071046884322,,1.9415611202360707,0.94,Isle at Ashford Mill,True,False,False,True,False
52005,0.8854643702507019,0.8829181790351868,0.8860331773757935,-0.0025461912155151367,0.0005688071250915527,,50.502650474999825,,2.3088844144220166,0.0,Tone at Bishops Hull,True,False,False,True,False
52006,0.8535947799682617,0.8510563373565674,0.853607714176178,-0.002538442611694336,1.2934207916259766e-05,ST64_33,32.77891865208491,Carboniferous Limestone,2.3352572564345317,13.45,Yeo at Pen Mill,True,False,False,True,False
52007,0.8179678320884705,0.822373628616333,0.8146400451660156,0.004405796527862549,-0.003327786922454834,ST64_33,38.7443717719103,Carboniferous Limestone,1.87069645798925,10.46,Parrett at Chiselborough,True,False,False,True,False
52009,0.870735228061676,0.8769909143447876,0.8723987340927124,0.006255686283111572,0.001663506031036377,ST64_33,16.274002089221938,Carboniferous Limestone,1.7646243978509815,2.54,Sheppey at Fenny Castle,True,False,False,True,False
52010,0.810822606086731,0.8111345767974854,0.8123665452003479,0.00031197071075439453,0.0015439391136169434,ST64_33,17.443278705564502,Carboniferous Limestone,2.139438274158168,8.75,Brue at Lovington,True,False,False,True,False
52011,0.8425783514976501,0.8593977689743042,0.8622655868530273,0.016819417476654053,0.019687235355377197,ST64_33,24.583161330471718,Carboniferous Limestone,1.9275756546911105,0.15,Cary at Somerton,True,False,False,True,False
52016,0.8535667061805725,0.8570261597633362,0.8554013967514038,0.003459453582763672,0.0018346905708312988,,44.52207598484149,,1.1967287226232868,0.0,Currypool Stream at Currypool Farm,True,False,False,True,False
53005,0.8911216259002686,0.8930191397666931,0.90012526512146,0.0018975138664245605,0.009003639221191406,ST77_8,15.818153147570673,Inferior Oolite Group,2.1681142868195318,12.9,Midford Brook at Midford,True,False,False,True,False
53006,0.9016728401184082,0.9037387371063232,0.9026763439178467,0.002065896987915039,0.0010035037994384766,ST77_8,14.592000993695141,Inferior Oolite Group,2.180813775754397,1.56,Frome (Bristol) at Frenchay,True,False,False,True,False
53007,0.8880958557128906,0.8883176445960999,0.8911038637161255,0.00022178888320922852,0.0030080080032348633,ST64_33,17.183896240375756,Carboniferous Limestone,2.4212089341350964,7.01,Frome (Somerset) at Tellisford,True,False,False,True,False
53008,0.8589577078819275,0.8559707999229431,0.8524824380874634,-0.002986907958984375,-0.006475269794464111,ST77_8,19.26884918722444,Inferior Oolite Group,2.4845418376876873,68.37,Avon at Great Somerford,True,True,True,False,False
53009,0.9156351685523987,0.9192397594451904,0.9111705422401428,0.003604590892791748,-0.004464626312255859,ST64_33,13.153878287410144,Carboniferous Limestone,1.867113779831977,14.84,Wellow Brook at Wellow,True,False,False,True,False
53013,0.8537870049476624,0.8515424132347107,0.8561667799949646,-0.00224459171295166,0.002379775047302246,ST77_8,17.62193567687727,Inferior Oolite Group,1.9976484548962061,16.23,Marden at Stanley,True,False,False,True,False
53018,0.9156272411346436,0.9159559607505798,0.9151133298873901,0.0003287196159362793,-0.000513911247253418,ST77_8,9.798900856728778,Inferior Oolite Group,3.1957198117305765,31.1,Avon at Bathford,True,False,False,True,False
54001,0.8248575925827026,0.8344154357910156,0.8317248225212097,0.009557843208312988,0.00686722993850708,,99.34006090193422,,3.636477866341889,0.0,Severn at Bewdley,True,False,False,True,False
54002,0.8736171126365662,0.8714510202407837,0.8759567737579346,-0.0021660923957824707,0.002339661121368408,,71.67436871016025,,3.343989234378736,1.01,Avon at Evesham,True,False,False,True,False
54003,0.7010253667831421,0.696121096611023,0.6882402896881104,-0.004904270172119141,-0.012785077095031738,,151.8352082127199,,1.8694077493822019,0.0,Vyrnwy at Vyrnwy Reservoir,True,False,False,True,False
54004,0.8246181011199951,0.8263464570045471,0.8263021111488342,0.001728355884552002,0.0016840100288391113,,83.49920263691145,,2.4208300620261136,0.0,Sowe at Stoneleigh,True,False,False,True,False
54005,0.8767181634902954,0.8729661107063293,0.8698335886001587,-0.0037520527839660645,-0.006884574890136719,,116.23115632221852,,3.306806610078623,0.0,Severn at Montford,True,False,False,True,False
54007,0.6684333086013794,0.6500266790390015,0.6577013731002808,-0.01840662956237793,-0.010731935501098633,,82.52312647979353,,2.5062749712869747,0.0,Arrow at Broom,True,False,False,True,False
54008,0.9157798886299133,0.9143744111061096,0.9178062677383423,-0.001405477523803711,0.002026379108428955,,93.56139641967727,,3.051009664324265,0.0,Teme at Tenbury,True,False,False,True,False
54012,0.7960721254348755,0.7945494055747986,0.813671350479126,-0.0015227198600769043,0.01759922504425049,,100.96986084966147,,2.930256051276512,0.0,Tern at Walcot,True,False,False,True,False
54015,0.5295689105987549,0.5195664167404175,0.5258007049560547,-0.010002493858337402,-0.0037682056427001953,,70.90000869534502,,2.199508348896786,0.0,Bow Brook at Besford Bridge,True,False,False,True,False
54017,0.7716559171676636,0.7744042873382568,0.7783340215682983,0.0027483701705932617,0.006678104400634766,,46.52491134865278,,2.458501874686394,0.0,Leadon at Wedderburn Bridge,True,False,False,True,False
54018,0.8696027398109436,0.8734226226806641,0.8718599081039429,0.003819882869720459,0.0022571682929992676,,113.56139220703486,,2.2376945086640565,0.0,Rea Brook at Hookagate,True,False,False,True,False
54019,0.7197312116622925,0.7201440334320068,0.7276797890663147,0.00041282176971435547,0.007948577404022217,,82.33693213862173,,2.539151403445493,0.0,Avon at Stareton,True,False,False,True,False
54020,0.8497904539108276,0.856518566608429,0.858361005783081,0.006728112697601318,0.008570551872253418,,112.33306369898402,,2.274342616116883,0.0,Perry at Yeaton,True,False,False,True,False
54024,0.6340144276618958,0.6053787469863892,0.6435697674751282,-0.028635680675506592,0.009555339813232422,,98.01714951986719,,2.406931720475127,0.0,Worfe at Burcote,True,False,False,True,False
54025,0.9121220707893372,0.9089705944061279,0.9092987179756165,-0.0031514763832092285,-0.002823352813720703,,134.59059257243797,,1.7269715836828765,0.0,Dulas at Rhos-y-pentref,True,False,False,True,False
54027,0.8587455749511719,0.837523341178894,0.8602792620658875,-0.021222233772277832,0.0015336871147155762,ST77_8,28.197083625793642,Inferior Oolite Group,2.2938043599193367,71.37,Frome at Ebley Mill,True,True,True,False,False
54028,0.9031040668487549,0.9006630182266235,0.9008150100708008,-0.0024410486221313477,-0.0022890567779541016,,129.26684306890147,,2.8916155010160765,0.0,Vyrnwy at Llanymynech,True,False,False,True,False
54029,0.9121102690696716,0.9145427346229553,0.9128686785697937,0.0024324655532836914,0.0007584095001220703,,79.0589058866868,,3.171334388111691,0.0,Teme at Knightsford Bridge,True,False,False,True,False
54032,0.8405476212501526,0.8482945561408997,0.8487227559089661,0.00774693489074707,0.008175134658813477,,62.73433606885467,,3.836632950051533,0.0,Severn at Saxons Lode,True,False,False,True,False
54034,0.5988271236419678,0.6303859949111938,0.5920255780220032,0.031558871269226074,-0.0068015456199646,,99.6077185764236,,1.6450290647211425,0.0,Dowles Brook at Oak Cottage,True,False,False,True,False
54036,0.7794007658958435,0.7786118984222412,0.7803300619125366,-0.0007888674736022949,0.0009292960166931152,,68.23081696711537,,1.9676883504533125,15.14,Isbourne at Hinton on the Green,True,False,False,True,False
54044,0.7701647281646729,0.7445841431617737,0.7630428671836853,-0.02558058500289917,-0.007121860980987549,,89.89502155292027,,1.9810026899413997,0.0,Tern at Ternhill,True,False,False,True,False
54052,0.836926281452179,0.8377517461776733,0.8447829484939575,0.0008254647254943848,0.007856667041778564,,89.89181609023149,,1.5854607295085006,0.0,Bailey Brook at Ternhill,True,False,False,True,False
54057,0.8244200944900513,0.8221848011016846,0.8275214433670044,-0.0022352933883666992,0.003101348876953125,,51.42717341056185,,3.9949973224664905,0.47,Severn at Haw Bridge,True,False,False,True,False
55002,0.9055681228637695,0.9013793468475342,0.9041696786880493,-0.0041887760162353516,-0.0013984441757202148,,68.7882405720629,,3.277439588614276,0.0,Wye at Belmont,True,False,False,True,False
55007,0.9043592214584351,0.9040552973747253,0.9045174717903137,-0.0003039240837097168,0.0001582503318786621,,97.90917474884567,,3.1083586510049313,0.0,Wye at Erwood,True,False,False,True,False
55008,0.8240796327590942,0.8253594636917114,0.8226124048233032,0.0012798309326171875,-0.0014672279357910156,,143.26769138225131,,1.021189299069938,0.0,Wye at Cefn Brwyn,True,False,False,True,False
55013,0.9152023792266846,0.9176869988441467,0.9132980108261108,0.002484619617462158,-0.0019043684005737305,,93.50722838903954,,2.1000257301078626,0.0,Arrow at Titley Mill,True,False,False,True,False
55014,0.86775141954422,0.8672284483909607,0.8652735948562622,-0.0005229711532592773,-0.0024778246879577637,,97.35112544290384,,2.3065108056433825,0.0,Lugg at Byton,True,False,False,True,False
55016,0.8712010383605957,0.8702014684677124,0.8710595369338989,-0.0009995698928833008,-0.00014150142669677734,,110.96712360424596,,2.5550218584761524,0.0,Ithon at Disserth,True,False,False,True,False
55018,0.8136823177337646,0.8095174431800842,0.8103526830673218,-0.00416487455368042,-0.003329634666442871,,68.00753920706144,,2.1578494804529016,0.0,Frome at Yarkhill,True,False,False,True,False
55021,0.9226942658424377,0.9216753840446472,0.9198178648948669,-0.0010188817977905273,-0.0028764009475708008,,86.80686786193822,,2.5633386704130054,0.0,Lugg at Butts Bridge,True,False,False,True,False
55023,0.886847198009491,0.8921781778335571,0.8886581659317017,0.005330979824066162,0.0018109679222106934,,42.74831096078534,,3.6038196572149803,0.0,Wye at Redbrook,True,False,False,True,False
55025,0.8604699373245239,0.85969078540802,0.8604739308357239,-0.0007791519165039062,3.993511199951172e-06,,86.62673731013999,,2.1193548812964265,0.0,Llynfi at Three Cocks,True,False,False,True,False
55026,0.8767601847648621,0.8762841820716858,0.8748230934143066,-0.00047600269317626953,-0.00193709135055542,,121.4918980673197,,2.235831337410518,0.0,Wye at Ddol Farm,True,False,False,True,False
55029,0.826131284236908,0.8275341987609863,0.8279638290405273,0.0014029145240783691,0.0018325448036193848,,60.450165276862556,,2.55024058653017,0.0,Monnow at Grosmont,True,False,False,True,False
55032,0.7241290807723999,0.7169349789619446,0.7232177257537842,-0.007194101810455322,-0.0009113550186157227,,122.55769969283857,,2.2642982471902164,0.0,Elan at Caban Dam,True,False,False,True,False
56001,0.8980643153190613,0.8947019577026367,0.898567795753479,-0.0033623576164245605,0.0005034804344177246,,52.34914705131307,,2.9605896808839542,0.0,Usk at Chainbridge,True,False,False,True,False
56007,0.8874354958534241,0.8886430263519287,0.8904289603233337,0.0012075304985046387,0.002993464469909668,,98.38279730217067,,1.2855573090077739,0.0,Senni at Pont-Hen-Hafod,True,False,False,True,False
56013,0.9075112342834473,0.9079844355583191,0.905961811542511,0.00047320127487182617,-0.0015494227409362793,,94.62612899722782,,1.8030472104911286,0.0,Yscir at Pont-Ar-Yscir,True,False,False,True,False
57004,0.8640679121017456,0.8636057376861572,0.8678081035614014,-0.0004621744155883789,0.0037401914596557617,,72.87526482970748,,2.014058277424336,0.0,Cynon at Abercynon,True,False,False,True,False
57005,0.8670501112937927,0.8678902387619019,0.8707542419433594,0.0008401274681091309,0.0037041306495666504,,71.23914093389953,,2.6548404757885513,0.0,Taff at Pontypridd,True,False,False,True,False
57006,0.852137565612793,0.8566474914550781,0.8595739603042603,0.004509925842285156,0.007436394691467285,,74.10194737657035,,2.0115281538575394,0.0,Rhondda at Trehafod,True,False,False,True,False
57007,0.8067915439605713,0.803473174571991,0.814612090587616,-0.0033183693885803223,0.007820546627044678,,71.79996719358581,,2.2874658053432286,0.0,Taff at Fiddlers Elbow,True,False,False,True,False
57008,0.9055514931678772,0.9030452370643616,0.9077816605567932,-0.002506256103515625,0.0022301673889160156,,55.0952354382845,,2.268577971882843,0.0,Rhymney at Llanedeyrn,True,False,False,True,False
58001,0.8731688857078552,0.8687800168991089,0.8725970387458801,-0.004388868808746338,-0.0005718469619750977,,81.56458306152248,,2.1980519517243446,0.0,Ogmore at Bridgend,True,False,False,True,False
58006,0.844366192817688,0.8448110818862915,0.8485384583473206,0.0004448890686035156,0.004172265529632568,,92.33843495533156,,1.8150461760646306,0.0,Mellte at Pontneddfechan,True,False,False,True,False
58008,0.8602821826934814,0.8588954210281372,0.8595768809318542,-0.0013867616653442383,-0.0007053017616271973,,102.44192413753268,,1.6378898165807905,0.0,Dulais at Cilfrew,True,False,False,True,False
58009,0.8968105912208557,0.8968260288238525,0.8976829648017883,1.5437602996826172e-05,0.0008723735809326172,,79.60782229153112,,1.8011978344591488,0.0,Ewenny at Keepers Lodge,True,False,False,True,False
59001,0.8212346434593201,0.8194482326507568,0.8227114677429199,-0.0017864108085632324,0.0014768242835998535,,110.05236305050428,,2.3568859411659737,0.0,Tawe at Ynystanglws,True,False,False,True,False
60002,0.8203429579734802,0.8138564229011536,0.820744514465332,-0.00648653507232666,0.00040155649185180664,,135.40439357716573,,2.4752788388753837,0.0,Cothi at Felin Mynachdy,True,False,False,True,False
60003,0.880090057849884,0.8814868927001953,0.8794838190078735,0.0013968348503112793,-0.000606238842010498,,157.29173950656153,,2.3353174594448496,0.0,Taf at Clog-y-Fran,True,False,False,True,False
60005,0.884088397026062,0.8824508190155029,0.8854866623878479,-0.001637578010559082,0.0013982653617858887,,116.41448347177425,,1.8041394323353503,0.0,Bran at Llandovery,True,False,False,True,False
60006,0.8401867151260376,0.8381203413009644,0.8433675765991211,-0.002066373825073242,0.003180861473083496,,142.63105743490792,,2.1177682949263725,0.0,Gwili at Glangwili,True,False,False,True,False
60010,0.8713697791099548,0.8701544404029846,0.8708097338676453,-0.0012153387069702148,-0.0005600452423095703,,137.0061170057746,,3.0383816914676958,0.0,Tywi at Capel Dewi,True,False,False,True,False
61002,0.8719828724861145,0.8704311847686768,0.8750154972076416,-0.0015516877174377441,0.0030326247215270996,,172.11625588537535,,2.2597610667986645,0.0,Eastern Cleddau at Canaston Bridge,True,False,False,True,False
62001,0.8991459608078003,0.8990367650985718,0.8983008861541748,-0.00010919570922851562,-0.0008450746536254883,,167.0187159153129,,2.953082843912086,0.0,Teifi at Glanteifi,True,False,False,True,False
63001,0.8451834321022034,0.8436041474342346,0.8456730842590332,-0.00157928466796875,0.000489652156829834,,155.98181886681536,,2.230704313612569,0.0,Ystwyth at Pont Llolwyn,True,False,False,True,False
64002,0.7503530979156494,0.7567413449287415,0.7475125789642334,0.006388247013092041,-0.0028405189514160156,,173.5517974121847,,1.874655732598101,0.0,Dysynni at Pont-y-Garth,True,False,False,True,False
65001,0.8090202808380127,0.8088270425796509,0.8114995956420898,-0.0001932382583618164,0.0024793148040771484,,189.25039018453833,,1.8258154449852035,0.0,Glaslyn at Beddgelert,True,False,False,True,False
65005,0.7745087146759033,0.7745347619056702,0.7695668935775757,2.6047229766845703e-05,-0.004941821098327637,,208.93950644385086,,1.2882492255719862,0.0,Erch at Pencaenewydd,True,False,False,True,False
65008,0.7160475254058838,0.7163034677505493,0.7176581621170044,0.00025594234466552734,0.0016106367111206055,,184.1582850946435,,1.0141003215196205,0.0,Peris at Nant Peris,True,False,False,True,False
66001,0.890921950340271,0.8833329677581787,0.8824062347412109,-0.007588982582092285,-0.008515715599060059,,136.95529265055805,,2.606982940624488,0.0,Clwyd at Pont-y-Cambwll,True,False,False,True,False
66004,0.6576253175735474,0.6534035801887512,0.665962815284729,-0.004221737384796143,0.00833749771118164,,133.67163654642673,,1.7987196851850062,0.0,Wheeler at Bodfari,True,False,False,True,False
66011,0.8275064826011658,0.8283507227897644,0.8261018991470337,0.0008442401885986328,-0.00140458345413208,,166.73192138879705,,2.5316321704045124,0.0,Conwy at Cwmlanerch,True,False,False,True,False
67001,0.9025233387947083,0.9000598788261414,0.9013341665267944,-0.0024634599685668945,-0.0011891722679138184,,155.86320543989848,,2.419674935053872,0.0,Dee at Bala,True,False,False,True,False
67006,0.879066526889801,0.8805954456329346,0.8810843825340271,0.001528918743133545,0.0020178556442260742,,144.88864665321435,,2.268297087223767,0.0,Alwen at Druid,True,False,False,True,False
67008,0.851668119430542,0.8400213718414307,0.8500571250915527,-0.011646747589111328,-0.0016109943389892578,,114.6446539747929,,2.3534545838060428,0.0,Alyn at Pont-y-Capel,True,False,False,True,False
67015,0.918932318687439,0.9161447286605835,0.9140875339508057,-0.0027875900268554688,-0.004844784736633301,,114.7355348834876,,3.003770631717043,0.0,Dee at Manley Hall,True,False,False,True,False
67018,0.8604134321212769,0.8612940311431885,0.8585511445999146,0.0008805990219116211,-0.0018622875213623047,,163.33348282884316,,1.727378569451489,0.0,Dee at New Inn,True,False,False,True,False
68001,0.8750832676887512,0.8756682872772217,0.875149130821228,0.000585019588470459,6.586313247680664e-05,,80.89259601471572,,2.794271891287979,0.0,Weaver at Ashbrook,True,False,False,True,False
68003,0.8325256705284119,0.833331823348999,0.8338180780410767,0.0008061528205871582,0.001292407512664795,,82.05188946026776,,2.6153713079398946,0.0,Dane at Rudheath,True,False,False,True,False
68004,0.8090075850486755,0.8154506683349609,0.8006654977798462,0.0064430832862854,-0.008342087268829346,,80.75121113642815,,1.9546765869186435,0.0,Wistaston Brook at Marshfield Bridge,True,False,False,True,False
68005,0.7533150315284729,0.7571771144866943,0.7556781768798828,0.0038620829582214355,0.002363145351409912,,84.52696679758479,,2.304016336520766,0.0,Weaver at Audlem,True,False,False,True,False
69002,0.8554391860961914,0.8580541610717773,0.8586056232452393,0.0026149749755859375,0.0031664371490478516,,58.09710596923051,,2.7420806724102023,0.0,Irwell at Adelphi Weir,True,False,False,True,False
69015,0.8025972843170166,0.8044650554656982,0.803528904914856,0.0018677711486816406,0.0009316205978393555,,54.05343157469283,,2.17435059747938,0.0,Etherow at Compstall,True,False,False,True,False
69027,0.8572332262992859,0.8598600625991821,0.8603492975234985,0.0026268362998962402,0.0031160712242126465,,56.706864672630246,,2.164352855784437,0.0,Tame at Portwood,True,False,False,True,False
71001,0.8831716179847717,0.8821507692337036,0.8815363645553589,-0.0010208487510681152,-0.0016352534294128418,,69.67780183099923,,3.05869168281923,0.0,Ribble at Samlesbury,True,False,False,True,False
71004,0.8699405193328857,0.8724628686904907,0.873136043548584,0.0025223493576049805,0.003195524215698242,,55.606949853413106,,2.5016616504740847,0.0,Calder at Whalley Weir,True,False,False,True,False
71006,0.8880636096000671,0.8856658935546875,0.8869378566741943,-0.0023977160453796387,-0.0011257529258728027,,56.53421088155384,,2.6495003654268197,0.0,Ribble at Henthorn,True,False,False,True,False
72002,0.8340996503829956,0.828277587890625,0.8316551446914673,-0.0058220624923706055,-0.0024445056915283203,,82.46794107409254,,2.4373541278481747,0.0,Wyre at St Michaels,True,False,False,True,False
72004,0.8184083700180054,0.8168527483940125,0.8155165910720825,-0.00155562162399292,-0.0028917789459228516,,74.37181017697499,,2.993603743266894,0.0,Lune at Caton,True,False,False,True,False
72005,0.8177982568740845,0.8173478245735168,0.8169817328453064,-0.00045043230056762695,-0.0008165240287780762,,62.63109063396549,,2.3409197934001624,0.0,Lune at Killington,True,False,False,True,False
73005,0.8309516906738281,0.8360232710838318,0.8342767357826233,0.005071580410003662,0.003325045108795166,,73.756447650358,,2.326827236974273,0.0,Kent at Sedgwick,True,False,False,True,False
73010,0.9306738972663879,0.9329286813735962,0.9300970435142517,0.002254784107208252,-0.0005768537521362305,,88.00746837626907,,2.3943991420255912,0.0,Leven at Newby Bridge,True,False,False,True,False
73011,0.8603062629699707,0.8669090867042542,0.8660467863082886,0.006602823734283447,0.005740523338317871,,72.78176022191275,,1.8158432906632667,0.0,Mint at Mint Bridge,True,False,False,True,False
74001,0.8527896404266357,0.8449548482894897,0.8450048565864563,-0.007834792137145996,-0.007784783840179443,,105.16545868772693,,1.9306943876645353,0.0,Duddon at Duddon Hall,True,False,False,True,False
74006,0.8209583759307861,0.8204864263534546,0.8189442157745361,-0.00047194957733154297,-0.00201416015625,,122.62589645747754,,1.6423655808449733,0.0,Calder at Calder Hall,True,False,False,True,False
75003,0.8872408866882324,0.8832416534423828,0.882302463054657,-0.003999233245849609,-0.0049384236335754395,,114.75843167279693,,2.5599544785408606,0.0,Derwent at Ouse Bridge,True,False,False,True,False
75004,0.8834819197654724,0.8869338035583496,0.8842553496360779,0.0034518837928771973,0.0007734298706054688,,119.47398126788946,,2.0650566033560187,0.0,Cocker at Southwaite Bridge,True,False,False,True,False
76005,0.791375994682312,0.7925695776939392,0.7888303995132446,0.0011935830116271973,-0.002545595169067383,,77.29136665889665,,2.791143050790596,0.0,Eden at Temple Sowerby,True,False,False,True,False
76007,0.9084781408309937,0.9083781242370605,0.9071564674377441,-0.00010001659393310547,-0.0013216733932495117,,111.66729677483914,,3.3571722577230334,0.0,Eden at Sheepmount,True,False,False,True,False
76008,0.769978404045105,0.7656806707382202,0.7632763981819153,-0.004297733306884766,-0.006702005863189697,,104.5804471686749,,2.522991647169023,0.0,Irthing at Greenholme,True,False,False,True,False
76011,0.7786538004875183,0.7812683582305908,0.7676339149475098,0.0026145577430725098,-0.011019885540008545,,104.70752517369513,,0.21218760440395779,0.0,Coal Burn at Coalburn,True,False,False,True,False
77002,0.8560283780097961,0.8594826459884644,0.8590003252029419,0.003454267978668213,0.002971947193145752,,122.44184804632769,,2.694973534979556,0.0,Esk at Canonbie,True,False,False,True,False
78003,0.9012569189071655,0.9016215801239014,0.9021573066711426,0.00036466121673583984,0.0009003877639770508,,135.64435382646786,,2.9661417327390325,0.01,Annan at Brydekirk,True,False,False,True,False
78004,0.8086646795272827,0.8014539480209351,0.8090231418609619,-0.007210731506347656,0.0003584623336791992,,154.52567996291103,,1.8817839555933846,0.0,Kinnel Water at Redhall,True,False,False,True,False
79002,0.87787264585495,0.8790221214294434,0.8778313994407654,0.0011494755744934082,-4.124641418457031e-05,,165.75683019712943,,2.9018395920512297,0.08,Nith at Friars Carse,True,False,False,True,False
79003,0.8252653479576111,0.8225305080413818,0.8205053806304932,-0.002734839916229248,-0.00475996732711792,,201.6227611159018,,2.1847198151502716,0.0,Nith at Hall Bridge,True,False,False,True,False
79004,0.8652769327163696,0.8621695041656494,0.8668351769447327,-0.003107428550720215,0.0015582442283630371,,177.41235684134293,,2.1543935379569974,0.0,Scar Water at Capenoch,True,False,False,True,False
79005,0.8598678112030029,0.8572657704353333,0.8606929183006287,-0.0026020407676696777,0.0008251070976257324,,162.0243149684639,,2.3751329935171643,0.01,Cluden Water at Fiddlers Ford,True,False,False,True,False
79006,0.854588508605957,0.8550468683242798,0.8532189726829529,0.0004583597183227539,-0.0013695359230041504,,179.53455763445655,,2.6712006218574595,0.0,Nith at Drumlanrig,True,False,False,True,False
80001,0.8561720848083496,0.8607355356216431,0.8565593957901001,0.004563450813293457,0.0003873109817504883,,161.38618326238463,,2.2946205165874205,0.0,Urr at Dalbeattie,True,False,False,True,False
81003,0.8198868036270142,0.8158087134361267,0.81517493724823,-0.004078090190887451,-0.00471186637878418,,219.6796894981418,,2.2322335211147335,0.0,Luce at Airyhemming,True,False,False,True,False
82001,0.8504511713981628,0.8519619703292847,0.8509005308151245,0.0015107989311218262,0.0004493594169616699,,232.98674023428887,,2.3867307652098315,0.0,Girvan at Robstone,True,False,False,True,False
82003,0.815949022769928,0.8140844106674194,0.8138555288314819,-0.001864612102508545,-0.002093493938446045,,235.2457495577763,,2.5112682318257082,0.0,Stinchar at Balnowlart,True,False,False,True,False
83003,0.7845497131347656,0.7782220840454102,0.7813273668289185,-0.006327629089355469,-0.003222346305847168,,222.09595738103835,,2.2233661264398608,0.0,Ayr at Catrine,True,False,False,True,False
83004,0.8064320683479309,0.8044067621231079,0.8034749031066895,-0.002025306224822998,-0.002957165241241455,,221.0432132525222,,2.3092467972536714,0.0,Lugar Water at Langholm,True,False,False,True,False
84001,0.8855218291282654,0.8869521617889404,0.8876418471336365,0.0014303326606750488,0.0021200180053710938,,249.123962847816,,2.525329921743808,0.0,Kelvin at Killermont,True,False,False,True,False
84004,0.8785984516143799,0.8786654472351074,0.8779128193855286,6.699562072753906e-05,-0.0006856322288513184,,203.2448428005001,,2.8705677590753127,0.12,Clyde at Sills of Clyde,True,False,False,True,False
84005,0.8986324071884155,0.8968785405158997,0.8987343907356262,-0.0017538666725158691,0.00010198354721069336,,229.923178537963,,3.230285391495177,0.05,Clyde at Blairston,True,False,False,True,False
84008,0.8246136903762817,0.825137197971344,0.8274360299110413,0.0005235075950622559,0.0028223395347595215,,233.43931665852693,,1.7435881501599038,0.0,Rotten Calder Water at Redlees,True,False,False,True,False
84012,0.830905020236969,0.8278359174728394,0.8289456367492676,-0.0030691027641296387,-0.001959383487701416,,248.02865197392015,,2.3733901996274698,0.0,White Cart Water at Hawkhead,True,False,False,True,False
84013,0.9067590832710266,0.9032828211784363,0.9061225652694702,-0.003476262092590332,-0.0006365180015563965,,234.86783609511116,,3.279034658521766,0.05,Clyde at Daldowie,True,False,False,True,False
84014,0.8497427105903625,0.8506181836128235,0.8481547832489014,0.0008754730224609375,-0.0015879273414611816,,222.13211296433482,,2.4200548157787636,0.0,Avon Water at Fairholm,True,False,False,True,False
84016,0.8217499256134033,0.8166443109512329,0.8160963654518127,-0.00510561466217041,-0.005653560161590576,,238.36368282521562,,1.5482665451707454,0.0,Luggie Water at Condorrat,True,False,False,True,False
84017,0.8893805742263794,0.8843724727630615,0.8852565884590149,-0.005008101463317871,-0.004123985767364502,,253.86682718504204,,2.0135113334659,0.0,Black Cart Water at Milliken Park,True,False,False,True,False
84018,0.8804066181182861,0.8779878616333008,0.8795742392539978,-0.0024187564849853516,-0.0008323788642883301,,204.08259352526858,,2.972378742945708,0.1,Clyde at Tulliford Mill,True,False,False,True,False
84019,0.8293809294700623,0.8327906727790833,0.8330310583114624,0.003409743309020996,0.0036501288414001465,,234.82448285687758,,2.1116992775735506,0.0,North Calder Water at Calderpark,True,False,False,True,False
84020,0.8216063976287842,0.8232371807098389,0.8233699202537537,0.0016307830810546875,0.0017635226249694824,,246.56112791760182,,1.715334683792313,0.0,Glazert Water at Milton of Campsie,True,False,False,True,False
84022,0.803504228591919,0.803394079208374,0.804169774055481,-0.00011014938354492188,0.0006655454635620117,,191.30992239034546,,2.047975405279086,0.82,Duneaton at Maidencots,True,False,False,True,False
85001,0.8583964705467224,0.8526394367218018,0.8562244772911072,-0.005757033824920654,-0.0021719932556152344,,267.64563857832616,,2.895472271568371,0.0,Leven at Linnbrane,True,False,False,True,False
85002,0.800796627998352,0.8005061149597168,0.7977735996246338,-0.0002905130386352539,-0.0030230283737182617,,265.8249922956831,,2.340563083333371,0.0,Endrick Water at Gaidrew,True,False,False,True,False
85003,0.8342089056968689,0.8350459337234497,0.8363837599754333,0.0008370280265808105,0.002174854278564453,,301.1984217355729,,1.9026554752179259,0.0,Falloch at Glen Falloch,True,False,False,True,False
94001,0.917868971824646,0.9137770533561707,0.9147161245346069,-0.004091918468475342,-0.0031528472900390625,,458.2719689703921,,2.644635503768153,0.0,Ewe at Poolewe,True,False,False,True,False
97002,0.7452113032341003,0.740751326084137,0.7428504824638367,-0.004459977149963379,-0.002360820770263672,,481.53049075837345,,2.617503579279065,0.0,Thurso at Halkirk,True,False,False,True,False
101002,0.7557876706123352,0.7562676668167114,0.763437032699585,0.0004799962043762207,0.007649362087249756,SU51_1,30.051569842522373,Chalk,1.4858633295973347,4.28,Medina at Shide,True,False,False,True,False
