,mu,sd,q90,q95,q99
22001,0.5632889866828918,0.36496129631996155,0.9039999842643738,1.184499979019165,2.0968998908996577
22006,0.2828384041786194,0.18038737773895264,0.4970000088214874,0.6349999904632568,0.9550800037384051
22007,0.7060980796813965,0.36012139916419983,1.1390000581741333,1.319000005722046,1.7182999908924095
22009,0.5605472326278687,0.3322635293006897,0.9715000092983246,1.2369999885559082,1.8142000079154939
23001,1.0225121974945068,0.6578435897827148,1.8142000198364265,2.325000047683716,3.6672399520874004
23004,0.6135772466659546,0.4721875488758087,1.1790000200271606,1.625,2.5607999801635737
23006,0.4283038079738617,0.3057703673839569,0.8389999866485596,1.0721000194549546,1.5304399657249437
23007,0.2143661379814148,0.12290634959936142,0.33500000834465027,0.4350000023841858,0.7328199827671048
23008,0.47687655687332153,0.32194679975509644,0.8560000061988831,1.1267999887466424,1.7909600067138662
23011,0.3492140769958496,0.2549586296081543,0.6510000228881836,0.8828500181436543,1.3687299597263278
24001,0.5278127789497375,0.31215164065361023,0.8840000033378601,1.156000018119812,1.749679985046387
24003,0.40789803862571716,0.3626754879951477,0.9021000087261204,1.1660500109195702,1.7669999599456787
24004,0.32158154249191284,0.20472902059555054,0.5550000071525574,0.6990000009536743,1.0397799968719417
25001,0.8920413851737976,0.34031885862350464,1.3212999939918528,1.5800000429153442,2.1208899712562537
25006,0.35248035192489624,0.27418458461761475,0.7129999995231628,0.8999999761581421,1.2987999677658073
25012,0.3370738625526428,0.22560171782970428,0.6729999780654907,0.8130000233650208,1.0761399734020227
25020,0.24640648066997528,0.1968138962984085,0.41600000858306885,0.6150000095367432,1.2052900052070625
27001,0.22816167771816254,0.21146564185619354,0.4390000104904175,0.5899999737739563,0.9848000168800347
27003,0.8473857641220093,0.5983676314353943,1.4496000289916995,2.046999931335449,3.662419939041134
27006,0.4598156809806824,0.15914811193943024,0.6230000257492065,0.7400000095367432,1.0843800091743478
27007,0.4927973449230194,0.4032069742679596,1.0800000429153442,1.3461999654769887,1.8202000284194917
27009,1.3461261987686157,1.1284515857696533,3.059200000762939,3.969500088691713,5.1579999923706055
27021,0.6655589938163757,0.5918089151382446,1.2380000352859497,1.8020000457763672,3.2662399101257305
27023,0.3035720884799957,0.1743791699409485,0.5040000081062317,0.6489999890327454,0.9867999881505995
27025,0.6089400053024292,0.31390824913978577,0.9890000224113464,1.280000001192093,1.8910999715328203
27026,0.46162861585617065,0.2815401256084442,0.753000020980835,0.9846000075340257,1.6568000173568718
27029,0.5653961896896362,0.1834968626499176,0.796999990940094,0.9296500116586681,1.2602599871158584
27030,0.4080052971839905,0.19078828394412994,0.6430000066757202,0.7745499819517129,1.0857099866867057
27034,0.7973006367683411,0.6777088642120361,1.7029999494552612,2.284299969673156,3.398319978713989
27035,0.5638630390167236,0.43756842613220215,1.1109999418258667,1.5158000230789177,2.1946799373626638
27042,0.34886983036994934,0.18157419562339783,0.5199999809265137,0.6309999823570251,1.0343399524688777
27047,0.2897343039512634,0.24889177083969116,0.652999997138977,0.843999981880188,1.1432000160217293
27071,0.8087470531463623,0.8844205141067505,1.9910000562667847,2.923800039291381,4.331279830932618
28001,0.4349268078804016,0.2488657683134079,0.7749999761581421,0.973499983549118,1.4152000427246136
28008,0.39499765634536743,0.2371404618024826,0.6899999976158142,0.890999972820282,1.2990000247955322
28009,1.5567728281021118,0.6009009480476379,2.411299991607667,2.883149921894073,3.6404900288581845
28012,0.9053388833999634,0.3370956778526306,1.3489999771118164,1.6049500167369832,2.0789999961853027
28018,0.7600350975990295,0.33980104327201843,1.2489999532699585,1.418500006198883,1.97310004234314
28022,1.120192289352417,0.3885239064693451,1.5520000457763672,1.8329999446868896,2.8477999329566983
28024,1.5965646505355835,0.2743286192417145,1.898400020599365,2.2351999282836905,2.780440053939818
28026,0.306456983089447,0.25889119505882263,0.5789999961853027,0.859000027179718,1.3993399810791072
28031,0.2895306944847107,0.24109764397144318,0.5820000171661377,0.8120000064373016,1.2279000401496885
28039,0.2869551479816437,0.23242881894111633,0.6240000128746033,0.8040000200271606,1.1324000239372267
28040,0.20091402530670166,0.16815654933452606,0.4020000100135803,0.5419999957084656,0.8619999885559082
28043,1.1270192861557007,0.4124881625175476,1.5149999856948853,1.7170000076293945,2.294269955158234
28046,0.425577849149704,0.14047490060329437,0.6050000190734863,0.69114998281002,0.871999979019165
28048,0.4354105293750763,0.3373912274837494,0.718999981880188,1.1367499828338623,2.0789499998092658
28050,0.32101741433143616,0.1065184697508812,0.4262999951839458,0.5,0.765999972820282
28052,0.33539241552352905,0.13731980323791504,0.4745999991893772,0.5809999704360962,0.9399999976158142
28067,0.8042176961898804,0.2897240221500397,1.1929999589920044,1.3990000486373901,1.824019961357117
28080,0.5360952019691467,0.2292591780424118,0.8659999966621399,1.0522000312805164,1.3512800073623645
28082,0.7350572347640991,0.3422492444515228,1.1269999742507935,1.488499987125393,2.147920007705687
28085,0.7698202729225159,0.2245311737060547,1.0570000410079956,1.222700035572051,1.6185699892044065
29003,0.13826604187488556,0.0690486952662468,0.22499999403953552,0.26100000739097595,0.3580000102519989
30012,0.15810802578926086,0.1174258217215538,0.28200000524520874,0.3569999933242798,0.6299999952316284
30014,0.6387302875518799,0.49553051590919495,1.0859999656677246,1.1260000467300415,1.3104799461364742
32004,0.3048137128353119,0.18694888055324554,0.531000018119812,0.7016000151634202,1.0479999780654907
33007,0.20410075783729553,0.07167011499404907,0.29899999499320984,0.33399999141693115,0.4130399882793417
33012,1.159616470336914,0.17708928883075714,1.3969999551773071,1.5429999828338623,1.8514600050449364
33014,0.41117268800735474,0.16918671131134033,0.6146000146865849,0.7398000121116631,1.0369999408721924
33018,0.31742236018180847,0.18040411174297333,0.5419999957084656,0.6790000200271606,0.9724700093269287
33019,0.2861945927143097,0.1451401710510254,0.47999998927116394,0.5690000057220459,0.7509999871253967
33021,0.17974388599395752,0.10784626007080078,0.3089999854564667,0.3779999911785126,0.5433000117540315
33022,0.33096104860305786,0.15679986774921417,0.5210000276565552,0.6481999993324269,0.9384800171852108
33023,0.09711359441280365,0.08911706507205963,0.1979999989271164,0.26499998569488525,0.45500001311302185
33024,0.18846936523914337,0.1136246845126152,0.3070000112056732,0.40579999089240953,0.6808000183105498
33028,0.32241690158843994,0.10350790619850159,0.4449999928474426,0.5339999794960022,0.7107600140571596
33031,0.19286195933818817,0.12255969643592834,0.31700000166893005,0.4009999930858612,0.7653800082206728
33032,0.10592468827962875,0.04524832218885422,0.16599999368190765,0.19300000369548798,0.23100000619888306
33033,0.1416747123003006,0.0500512570142746,0.20160000622272528,0.23800000548362732,0.3261200052499761
33034,0.28259342908859253,0.13042525947093964,0.4489000022411343,0.5360000133514404,0.7383899939060206
33039,0.49682721495628357,0.2147291898727417,0.8090000152587891,0.9755500167608254,1.2170000076293945
33053,0.22386687994003296,0.2409500926733017,0.43700000643730164,1.0,1.0240000486373901
34003,0.2875581979751587,0.0925128161907196,0.39829999804496874,0.4620000123977661,0.6079999804496765
34010,0.23775599896907806,0.11171197146177292,0.3889999985694885,0.4410000145435333,0.5820000171661377
34011,0.39409616589546204,0.13341638445854187,0.5239999890327454,0.5419999957084656,0.5950000286102295
35003,0.1747843325138092,0.08444123715162277,0.26600000262260437,0.335999995470047,0.4747800084948528
35008,0.28789418935775757,0.16026495397090912,0.4569999873638153,0.5989999771118164,0.9389199954271299
36003,0.20294316112995148,0.12056566029787064,0.3326999992132185,0.4468499988317484,0.6991399991512293
36006,0.5825884342193604,0.2532719373703003,0.9370999813079838,1.1630999922752365,1.409000039100647
36009,0.10872308909893036,0.12580488622188568,0.23399999737739563,0.3479999899864197,0.6426900106668468
36010,0.11165204644203186,0.16285806894302368,0.23999999463558197,0.367000013589859,0.7118100148439402
36011,0.19852027297019958,0.13484057784080505,0.3630000054836273,0.47600001096725464,0.7417999863624566
36012,0.3321952819824219,0.22186163067817688,0.6539999842643738,0.7749999761581421,1.097529966831208
37001,0.33111315965652466,0.21948154270648956,0.6240000128746033,0.7990000247955322,1.0978399920463526
37005,0.4306587278842926,0.2432878464460373,0.7372999846935283,0.9570000171661377,1.383929948806763
37008,0.21164827048778534,0.11726108193397522,0.33799999952316284,0.4440000057220459,0.6850000023841858
37009,0.23520289361476898,0.08793772757053375,0.34299999475479126,0.41200000047683716,0.5691300040483467
37010,0.4362630844116211,0.1569184809923172,0.6274999976158142,0.755500003695488,0.993850010633469
37011,0.27447444200515747,0.20664732158184052,0.5239999890327454,0.7179999947547913,1.1319399738311773
37018,0.18992860615253448,0.09873068332672119,0.31200000643730164,0.38499999046325684,0.5764399957656865
37019,0.19844873249530792,0.1439562439918518,0.40700000524520874,0.5180000066757202,0.7149999737739563
37020,0.22013255953788757,0.09917891025543213,0.34299999475479126,0.421999990940094,0.5695199990272526
38003,0.4819546937942505,0.11572540551424026,0.6399999856948853,0.699999988079071,0.8098200047016141
38007,0.18996506929397583,0.2190844565629959,0.45659999251365696,0.652999997138977,1.1142599749565127
38014,0.1841832995414734,0.13071757555007935,0.36000001430511475,0.46399998664855957,0.6824000179767623
38017,0.07551471143960953,0.03758629411458969,0.11999999731779099,0.1379999965429306,0.1850000023841858
38018,0.2374461144208908,0.09282483905553818,0.35100001096725464,0.41499999165534973,0.5839999914169312
38021,0.159531369805336,0.13455381989479065,0.3140000104904175,0.4271999895572651,0.7099999785423279
39001,4.591021537780762,0.15914449095726013,4.776000022888184,4.945000171661377,5.238999843597412
39010,0.20406903326511383,0.06582967191934586,0.28999999165534973,0.3330000042915344,0.4309999942779541
39011,0.2780345678329468,0.22858618199825287,0.4180000126361847,0.702349984645843,1.4819999933242798
39012,0.24704769253730774,0.10528189688920975,0.3619999885559082,0.4590499922633164,0.6840300148725517
39014,0.19613498449325562,0.09090307354927063,0.3240000009536743,0.3580000102519989,0.43763999819755495
39016,0.45270007848739624,0.20563380420207977,0.7285999774932865,0.8880000114440918,1.1649999618530273
39020,0.1747904270887375,0.07840179651975632,0.28999999165534973,0.3330000042915344,0.3930000066757202
39023,0.20239385962486267,0.056338246911764145,0.27900001406669617,0.30399999022483826,0.3729699963331216
39025,0.29612112045288086,0.21894432604312897,0.5450000166893005,0.722000002861023,1.184119987487792
39027,0.18563731014728546,0.08864285796880722,0.2919999957084656,0.3499999940395355,0.5144200015068037
39028,0.09922770410776138,0.038648828864097595,0.1550000011920929,0.1770000010728836,0.21899999678134918
39029,0.13874183595180511,0.06925420463085175,0.1809999942779541,0.24310000091791098,0.47444000780582296
39035,0.29123950004577637,0.16605660319328308,0.515999972820282,0.5690000057220459,0.6234600198268881
39036,0.07759823650121689,0.020988276228308678,0.10000000149011612,0.11100000143051147,0.16200000047683716
39037,0.1590050607919693,0.10211540013551712,0.31200000643730164,0.3724000036716458,0.44507999420166006
39042,0.18088184297084808,0.12772038578987122,0.35539999604225214,0.4300000071525574,0.6267599773407003
39052,0.23033888638019562,0.08761020749807358,0.3440000116825104,0.4090000092983246,0.5479899781942366
39061,0.12403173744678497,0.03939516842365265,0.1850000023841858,0.19900000095367432,0.2150000035762787
39081,0.21348008513450623,0.15686601400375366,0.4189999997615814,0.5567999839782708,0.7917199993133557
40005,0.5222799181938171,0.4757736325263977,1.1136999845504767,1.4830000400543213,2.482139999866485
40009,0.31582996249198914,0.24671116471290588,0.5220000147819519,0.7360000014305115,1.3978799772262656
41005,0.4369588792324066,0.2849932909011841,0.6430000066757202,0.9058999776840189,1.86763997554779
41006,0.26038801670074463,0.30784380435943604,0.4819999933242798,0.7149999737739563,1.8765999507904074
41011,0.3892878293991089,0.18876557052135468,0.5820000171661377,0.7749999761581421,1.1385600376129146
41022,0.13148349523544312,0.16573277115821838,0.32350000739097595,0.46549998968839645,0.7912499904632568
41023,0.1336781084537506,0.15811194479465485,0.34700000286102295,0.4180000126361847,0.641780009269715
41027,0.15501102805137634,0.16074270009994507,0.2680000066757202,0.4090000092983246,0.9376400172710413
42001,0.2885468006134033,0.23293520510196686,0.5699999928474426,0.7580000162124634,1.2120000123977661
42008,0.23203229904174805,0.07238753885030746,0.3149999976158142,0.35600000619888306,0.48044999688863826
43005,0.3211429715156555,0.14667336642742157,0.5339999794960022,0.6209999918937683,0.7549999952316284
43006,0.18909302353858948,0.10021268576383591,0.3319999873638153,0.3970000147819519,0.5151200157403936
43007,0.5823350548744202,0.20946967601776123,0.8849999904632568,1.0091499507427213,1.2972300338745113
43008,0.30863624811172485,0.15538030862808228,0.5410000085830688,0.6340000033378601,0.7860000133514404
43009,0.5788981318473816,0.6245318055152893,1.5206000208854697,2.201449942588806,2.7973800683021537
43014,0.28003913164138794,0.09279165416955948,0.39399999380111694,0.46165000647306403,0.6385300046205518
43017,0.18022271990776062,0.12888576090335846,0.35199999809265137,0.4490000009536743,0.6425400125980377
44002,0.43657585978507996,0.19144399464130402,0.7415999889373783,0.8450000286102295,0.9539999961853027
44006,0.14180877804756165,0.06114833801984787,0.2280000001192093,0.26499998569488525,0.33500000834465027
45001,0.5527586936950684,0.3389890193939209,0.968999981880188,1.225000023841858,1.8799399960041032
45003,0.4489996135234833,0.3343982696533203,0.8221000254154209,1.1280999600887285,1.969820030927658
45004,0.48145774006843567,0.34560808539390564,0.906200015544892,1.327599978446959,1.8039200162887574
45005,0.39095205068588257,0.2380707710981369,0.6430000066757202,0.8889999985694885,1.4236400187015528
45009,0.3318118155002594,0.24154424667358398,0.6539999842643738,0.8149999976158142,1.2102999973297075
45012,0.4774738848209381,0.41224268078804016,0.972000002861023,1.2990000247955322,2.041299903392791
46003,0.6498979926109314,0.3909742832183838,1.1069999933242798,1.3980000019073486,2.198729901313781
46005,0.6555314660072327,0.24187873303890228,0.9650999784469608,1.1705499827861778,1.5916400122642511
47001,0.8929641842842102,0.5504302978515625,1.67610000371933,2.0345500111579886,2.6638200259208675
47004,0.4839300513267517,0.26905128359794617,0.8148999989032741,1.00600004196167,1.527189959287644
47008,0.366321861743927,0.2519673705101013,0.6930000185966492,0.8709999918937683,1.2409200525283814
47009,0.18896058201789856,0.12610633671283722,0.375,0.45100000500679016,0.5889099878072738
48004,0.34646499156951904,0.11424113065004349,0.4819999933242798,0.5389999747276306,0.6949999928474426
48005,0.26425108313560486,0.1547946035861969,0.46399998664855957,0.5379999876022339,0.7313600087165802
48011,0.4308418333530426,0.19550348818302155,0.6899999976158142,0.8080000281333923,1.0876199769973727
49002,0.40728217363357544,0.14413248002529144,0.6079999804496765,0.6759999990463257,0.7990000247955322
49004,0.16210158169269562,0.13440421223640442,0.3089999854564667,0.4059999883174896,0.7098399806022645
50001,0.6957374811172485,0.5093978643417358,1.375,1.7050000429153442,2.441549923419952
50002,1.040708303451538,0.6207525730133057,1.876100039482117,2.3519999980926514,3.2720000743865967
50006,0.6640815734863281,0.3704443871974945,1.1369999647140503,1.375,2.0297299695014948
51001,0.3171209394931793,0.13987882435321808,0.49300000071525574,0.5818000078201286,0.8325599956512464
52004,0.2409222424030304,0.29398632049560547,0.453000009059906,0.8333999991416927,1.7180800104141307
52005,0.26363614201545715,0.24547390639781952,0.492000013589859,0.6655500143766396,1.436310003995895
52006,0.46445754170417786,0.5892876982688904,1.0160000324249268,1.7039999961853027,3.2442000293731588
52007,0.2525867819786072,0.41016101837158203,0.5720000267028809,1.294300031661983,2.074219918251037
52009,0.23495393991470337,0.15214067697525024,0.42320000529289226,0.5460000038146973,0.8097600007057192
52010,0.32333123683929443,0.40076830983161926,0.7310000061988831,1.1362000107765169,2.130120105743407
53005,0.9620503187179565,0.42473652958869934,1.5140000581741333,1.809000015258789,2.4321199798584012
53006,0.6958234906196594,0.4135439395904541,1.2869999408721924,1.5800000429153442,2.056999921798706
53007,1.0585625171661377,0.5084673762321472,1.7649999856948853,2.1355999469757068,2.774840087890625
53008,0.405166894197464,0.22774678468704224,0.6959999799728394,0.847000002861023,1.1561999559402436
53009,0.6934930682182312,0.288540780544281,1.093999981880188,1.2695000171661377,1.6263000369071972
53013,0.7422546744346619,0.328202486038208,1.159999966621399,1.4034500181674947,1.9160000085830688
53018,1.0468225479125977,0.3770535886287689,1.49399995803833,1.8179999589920044,2.534599947929381
54001,1.0829379558563232,0.8580076694488525,2.384000062942505,2.8929998874664307,3.8510000705718994
54002,0.7322574853897095,0.42367544770240784,1.2009999752044678,1.6307500004768372,2.490250051021576
54005,1.8042703866958618,1.2763251066207886,3.8590999603271507,4.605849957466126,5.704969925880431
54007,0.2784211039543152,0.22578194737434387,0.48500001430511475,0.7110000252723694,1.3123699593543978
54008,0.9270269274711609,0.5444976091384888,1.5770000219345093,2.0,2.992050099372863
54012,0.5789617896080017,0.28961747884750366,0.8790000081062317,1.1895500361919396,1.8241300415992712
54015,0.5468534231185913,0.4267131984233856,1.0549999475479126,1.5105999827384935,2.2210599517822263
54017,0.49100059270858765,0.4496965706348419,1.0081000089645389,1.6145499885082237,2.322729952335357
54018,0.40188756585121155,0.24723929166793823,0.7160000205039978,0.9100000262260437,1.3093699634075135
54019,0.3145083487033844,0.252290278673172,0.6240000128746033,0.8370000123977661,1.2899800014495846
54020,0.2461884319782257,0.15103837847709656,0.453000009059906,0.574999988079071,0.7900300210714347
54024,0.22806322574615479,0.119780033826828,0.36399999260902405,0.4519999921321869,0.6457300257682796
54027,0.3381996154785156,0.14021366834640503,0.5120000243186951,0.578000009059906,0.7155600130558027
54029,1.0499985218048096,0.7861706614494324,1.9190000295639038,2.6589999198913574,4.5229997634887695
54032,1.1805577278137207,1.0842113494873047,2.8989999294281006,3.9154999256134033,4.908699941635133
54034,0.20719918608665466,0.14063534140586853,0.3630000054836273,0.4659999907016754,0.7599999904632568
54036,0.22407853603363037,0.3044458329677582,0.3869999945163727,0.6930000185966492,1.7210599780082607
54057,1.680288553237915,1.1536316871643066,3.478400039672853,4.323999881744385,4.998000144958496
55002,1.160960078239441,1.066986322402954,2.6410000324249268,3.5517499446868896,5.027250051498413
55013,0.30008330941200256,0.24389326572418213,0.6100000143051147,0.7889999747276306,1.1823499691486352
55014,0.533560037612915,0.20918121933937073,0.8209999799728394,0.9503499835729593,1.20700997710228
55018,0.42836055159568787,0.33272451162338257,0.722000002861023,1.0301999688148487,2.097220044136047
55021,1.085151195526123,0.3674371838569641,1.5205000042915344,1.8855000138282776,2.646500051021576
68001,0.6888675689697266,0.47232216596603394,1.340999960899353,1.7669999599456787,2.4519800615310663
68003,0.5406559109687805,0.36069560050964355,0.8809999823570251,1.1710000038146973,2.1704399299621477
68004,0.3548523485660553,0.20210963487625122,0.5534999966621399,0.7210000157356262,1.2302999556064598
68005,0.4121299386024475,0.37116968631744385,0.8700000047683716,1.2419999837875366,1.9285499966144573
69015,0.22010944783687592,0.16706429421901703,0.41999998688697815,0.5410000085830688,0.8859999775886536
69027,0.2518920600414276,0.17369605600833893,0.45100000500679016,0.5951500266790386,0.9729999899864197
71001,1.4978852272033691,0.7100734710693359,2.448399972915651,2.969300079345699,4.148340034484856
71004,0.6656575202941895,0.44281357526779175,1.1692000150680548,1.583199954032895,2.54108009338378
71006,0.733590304851532,0.44008252024650574,1.3350000381469727,1.6430000066757202,2.3127800416946416
72002,0.6903809309005737,0.7006379961967468,1.561800026893615,2.3191499710082932,3.6455599141120887
72004,0.9423497319221497,0.798221230506897,2.02129991054535,2.7209999561309814,3.9160998916625998
72005,0.5929732322692871,0.38256433606147766,1.0946000099182132,1.3819999694824219,1.9393600130081146
73005,0.5855103731155396,0.29688581824302673,0.972000002861023,1.1670000553131104,1.6220399785041817
73010,0.8650086522102356,0.30397140979766846,1.2580000162124634,1.3684499979019153,1.5771800196170809
73011,0.4837968647480011,0.2739621102809906,0.8538999736309048,1.0420000553131104,1.3960000276565552
74001,0.48757538199424744,0.32025283575057983,0.9241000235080723,1.1180000305175781,1.5281100022792822
74006,0.3598848879337311,0.2048654407262802,0.6269999742507935,0.8059999942779541,1.121630005836486
75003,0.8957111835479736,0.4144257605075836,1.5,1.7384999692440033,2.1874499320983913
75004,0.5864053964614868,0.23606520891189575,0.9039999842643738,1.0525000095367432,1.3777000069618233
76005,0.6719501614570618,0.5595717430114746,1.3890000581741333,1.8769999742507935,2.8399999141693115
76007,1.2832930088043213,0.6741398572921753,2.1468000411987314,2.647900009155273,3.75278003692627
76008,0.5196453332901001,0.37709277868270874,0.9429000139236446,1.224449998140334,2.134430027008055
76011,0.22425681352615356,0.16843582689762115,0.47099998593330383,0.5973499983549112,0.7530100011825563
