gid,direct_L1,flowmap_L1,persist_L1,direct_L2,flowmap_L2,persist_L2,direct_L3,flowmap_L3,persist_L3
22001,0.7986744,0.76558334,0.54567325,0.5779318,0.5640608,0.047801495,0.51585615,0.503861,-0.12708664
22006,0.8800159,0.85321397,0.7537163,0.7261319,0.70408666,0.4525621,0.6642877,0.64134014,0.30023414
22007,0.88280576,0.86598444,0.7859316,0.7739014,0.748122,0.55400264,0.72030735,0.6824651,0.44682366
22009,0.8129519,0.79493105,0.58123827,0.631222,0.62663496,0.18243653,0.5719693,0.5630638,0.03392148
23001,0.8170166,0.7951857,0.47366357,0.62887,0.62841237,0.045592606,0.5740286,0.56705415,-0.09586322
23004,0.7387276,0.6922001,0.31566077,0.5567199,0.5272975,-0.1285032,0.50023043,0.46545494,-0.2674433
23006,0.71383804,0.7139215,0.36746466,0.5531362,0.5736599,-0.046284318,0.4877655,0.5061995,-0.20102727
23007,0.722536,0.66196203,0.4957146,0.5568032,0.4734372,0.15345389,0.50394523,0.37908143,0.013464153
23008,0.7820159,0.7671006,0.48074484,0.58881575,0.5882845,0.017419815,0.54556733,0.54275584,-0.1219424
23011,0.6040938,0.59371114,0.17591959,0.46004194,0.47315693,-0.26201594,0.42525882,0.4314537,-0.38161933
24001,0.8017788,0.77398187,0.5065636,0.62262964,0.6260351,0.13604927,0.571627,0.54573035,-0.022185206
24003,0.73118955,0.720855,0.45988977,0.5857504,0.5892327,0.102152646,0.52773976,0.5112946,-0.047522426
24004,0.7718047,0.7606909,0.5760248,0.64423674,0.6317475,0.2746749,0.59184146,0.57432944,0.14393926
25001,0.81083906,0.7888057,0.4926617,0.6556716,0.65769136,0.13138503,0.5850183,0.58293355,-0.02837801
25006,0.7727778,0.7571052,0.503724,0.6400434,0.61715114,0.14928162,0.57472396,0.55320585,-0.013497829
25012,0.6466497,0.6471195,0.31877875,0.52646226,0.54131234,-0.040411353,0.46450514,0.47895324,-0.18784249
25020,0.83076465,0.7398159,0.7372278,0.6501864,0.5454667,0.40955943,0.54775536,0.41244978,0.17336023
27001,0.80030805,0.78231895,0.48698437,0.59406686,0.61862016,0.010815203,0.5158306,0.5296047,-0.20813179
27003,0.8931632,0.8788353,0.7206923,0.7358979,0.73314,0.3864566,0.6527819,0.657882,0.18032944
27006,0.68660986,0.66530377,0.39042825,0.53120553,0.5301361,-0.0032125711,0.46162856,0.45828092,-0.14249623
27007,0.8557273,0.81842786,0.6074228,0.67617476,0.66778815,0.22022527,0.61160624,0.60788214,0.0354625
27009,0.95374805,0.9152464,0.84795105,0.8640355,0.8205528,0.6110908,0.7860011,0.74045455,0.4204129
27021,0.86974144,0.8438212,0.6760648,0.6912278,0.6751522,0.28915167,0.59475845,0.58713555,0.07656735
27023,0.79247725,0.77261025,0.5948307,0.63554204,0.62073565,0.26098228,0.5703604,0.5533021,0.13883823
27025,0.8045466,0.76812017,0.5685868,0.6099442,0.59212047,0.14754623,0.519154,0.5152098,-0.047617078
27026,0.70253706,0.6489227,0.39564508,0.5263462,0.5018872,0.0034150481,0.4659332,0.43734694,-0.15015173
27029,0.78218734,0.7758594,0.56130505,0.6581823,0.67450005,0.2724765,0.6041498,0.62274873,0.13245887
27030,0.8364575,0.7834523,0.64117044,0.6747872,0.62963986,0.2941752,0.59723973,0.54529834,0.13376194
27034,0.7941781,0.7797037,0.47278744,0.60890144,0.6315017,0.057201028,0.5494945,0.57097805,-0.112293124
27035,0.84260154,0.83798873,0.65276253,0.69112265,0.6955232,0.30561316,0.63407767,0.64475363,0.11654729
27042,0.7007567,0.6589643,0.41133833,0.54192966,0.5274922,0.04087025,0.46412295,0.45116514,-0.13193262
27047,0.6118928,0.5797504,0.25738323,0.5032121,0.47652733,-0.14053357,0.46113992,0.41454136,-0.28565693
27071,0.91035587,0.8216479,0.74426293,0.7766287,0.7085455,0.40023732,0.67650133,0.61448354,0.18770903
28001,0.8048713,0.7304945,0.71657,0.6719124,0.53705657,0.4671055,0.60135967,0.4556036,0.33367968
28008,0.8044821,0.7168639,0.54824066,0.6450944,0.54509664,0.252976,0.59499526,0.4992472,0.11661315
28009,0.96414995,0.9259263,0.90747523,0.90429497,0.83931327,0.7546252,0.84827036,0.76736945,0.6080549
28012,0.94516015,0.7188767,0.88142616,0.8432609,0.6189996,0.6960449,0.7629761,0.556501,0.52817225
28018,0.90609515,0.82717955,0.72606,0.7622077,0.650563,0.41260648,0.68325174,0.57593656,0.2469576
28022,0.96701086,0.8912622,0.92223406,0.90153503,0.7771765,0.77321064,0.84001195,0.6912329,0.61879075
28024,0.9043648,0.83351374,0.8016101,0.7774507,0.72155106,0.5241504,0.68152523,0.62741923,0.30645782
28026,0.921362,0.8873996,0.77840847,0.7802337,0.736649,0.45167875,0.6688582,0.62922895,0.22641659
28031,0.7231157,0.71240914,0.41149378,0.5747365,0.572091,0.09976637,0.5133052,0.52212626,-0.038297653
28039,0.5253918,0.40424013,0.016318083,0.4102704,0.2772317,-0.32253754,0.309215,0.18091482,-0.4873184
28040,0.673996,0.6322,0.40992707,0.50997126,0.44778013,-0.016468406,0.42789096,0.35716522,-0.1971699
28043,0.7891462,0.6768397,0.6194919,0.6430707,0.5361335,0.28900063,0.57733274,0.47562325,0.1349228
28046,0.87436205,0.84259176,0.7523896,0.77521056,0.7212685,0.56818414,0.7329236,0.68703234,0.47994316
28048,0.7248359,0.68979204,0.40856487,0.5590085,0.52566123,0.011687577,0.48043633,0.4601292,-0.15789533
28050,0.8524084,0.3007037,0.8875789,0.7185625,0.22601312,0.7086071,0.62804234,0.15902275,0.556739
28052,0.889433,0.74755895,0.8558293,0.76019424,0.6865355,0.6465778,0.69175065,0.63942283,0.48416847
28067,0.934508,0.9164879,0.83064127,0.8318752,0.8072888,0.62247306,0.7679674,0.7493672,0.48582035
28080,0.72539157,0.65837485,0.35574132,0.5691179,0.48778188,-0.025364041,0.4684652,0.38549477,-0.20876396
28082,0.89907944,0.7600277,0.7819656,0.76831245,0.663834,0.49578935,0.6946076,0.603732,0.31851864
28085,0.8977844,0.84345526,0.76663685,0.77077657,0.71031785,0.51228416,0.7057768,0.647146,0.37695342
29003,0.7913769,0.7184785,0.61652607,0.7068564,0.6378082,0.42756695,0.6604154,0.59402335,0.37591004
30012,0.7891891,0.76770115,0.60808975,0.6443849,0.61035705,0.30104244,0.55938005,0.5385026,0.17188752
30014,0.42930412,-49.36289,0.44348472,-0.14387381,-49.74332,0.066064954,-0.46101284,-49.752228,-0.0649215
32004,0.85960543,0.83031625,0.7453598,0.7491435,0.71345645,0.4783756,0.67058235,0.63426673,0.27801216
33007,0.9713204,0.9184426,0.960977,0.9414008,0.8677783,0.90125525,0.9145397,0.8157437,0.85336965
33012,0.89930886,0.8008959,0.79269063,0.7466583,0.56276166,0.5186822,0.6524434,0.43576092,0.3198027
33014,0.932112,0.8833033,0.8758565,0.84670925,0.7728384,0.71447253,0.78156036,0.6691061,0.60720015
33018,0.8706738,0.8394977,0.73030126,0.7529154,0.6943762,0.47701246,0.6995637,0.6096327,0.3740095
33019,0.9408758,0.89690864,0.9589462,0.8990145,0.83689445,0.92558527,0.8769541,0.7869266,0.8794761
33021,0.96056736,0.86041194,0.94176894,0.8840044,0.71476895,0.8481437,0.8084354,0.5881381,0.77233136
33022,0.9466518,0.9025918,0.84074044,0.8277548,0.7426372,0.6256368,0.7415607,0.6112828,0.4938678
33023,0.90986985,0.68960714,0.785584,0.78466344,0.50666153,0.56275976,0.7063664,0.3583908,0.47658443
33024,0.9260307,0.8589566,0.8034211,0.81133264,0.6759118,0.55488443,0.71332794,0.5440661,0.43605423
33028,0.8668865,0.80315375,0.71213114,0.6956252,0.5068371,0.41768456,0.5795303,0.26157224,0.26738256
33031,0.72978514,0.6745242,0.5547184,0.53659606,0.42180735,0.15026265,0.43480718,0.2686591,-0.04053414
33032,0.97382027,0.80185795,0.97846967,0.9531443,0.65106106,0.9648307,0.93873525,0.56531703,0.9587883
33033,0.8307579,0.792356,0.72591484,0.68871903,0.6028939,0.48543996,0.6292621,0.4291582,0.37669837
33034,0.93845206,0.8970387,0.95593685,0.89056313,0.8090021,0.917456,0.87273914,0.74192667,0.87286246
33039,0.9304575,0.88408214,0.92034215,0.8554906,0.7353099,0.7900083,0.7858519,0.6149092,0.651242
33053,0.85343885,0.66346526,0.77002287,0.6813771,0.4862795,0.5459429,0.5112456,0.31834644,0.455225
34003,0.9096276,0.728825,0.80911314,0.78754336,0.4719568,0.57433987,0.6967441,0.23937303,0.43071693
34010,0.93727976,0.73719335,0.8949428,0.8473819,0.6462828,0.7256342,0.768379,0.5912235,0.5937176
34011,0.52084965,-1.040956,0.5384742,0.23847055,-1.0898237,0.21924907,-0.0028979778,-1.0711668,0.0790655
35003,0.8854834,0.7591728,0.80759513,0.76408327,0.5748681,0.58029044,0.68039155,0.49226373,0.4155723
35008,0.86177456,0.8272674,0.72278214,0.7077906,0.67621875,0.4167682,0.609398,0.5785863,0.271016
36003,0.8832799,0.80467784,0.74768174,0.7409232,0.55241966,0.5052124,0.63835454,0.35937285,0.39235276
36006,0.91801906,0.8486685,0.87622416,0.83359754,0.6966274,0.69643545,0.7491816,0.57364273,0.5577005
36009,0.85254264,0.77465826,0.7474911,0.71206474,0.611809,0.49081564,0.62162304,0.5276681,0.38707423
36010,0.7303456,0.6711168,0.46836162,0.5612869,0.51088697,0.14020497,0.47025645,0.4389531,0.07385665
36011,0.590006,0.4862426,0.24471664,0.4362436,0.31311065,-0.14761817,0.3354153,0.22675467,-0.26074862
36012,0.7790351,0.74200046,0.60262036,0.58373964,0.5563909,0.23950565,0.4817431,0.44982886,0.08591306
37001,0.8857248,0.8634771,0.8533447,0.80602175,0.7619704,0.6676382,0.73172,0.6737955,0.49912858
37005,0.9335026,0.87723714,0.8769261,0.83785397,0.6966208,0.6924341,0.7227597,0.53167415,0.5526006
37008,0.9091605,0.8536997,0.8388244,0.8150544,0.7278172,0.6062629,0.7186158,0.6186942,0.43637925
37009,0.80775195,0.7506352,0.6493747,0.6482229,0.5484797,0.2982459,0.53715324,0.40836394,0.12329328
37010,0.9098179,0.8480736,0.85317045,0.7991848,0.6145255,0.6630939,0.6969307,0.42615557,0.51283
37011,0.894794,0.8606356,0.77158463,0.76634455,0.68329537,0.48760396,0.6662028,0.57767665,0.3428154
37018,0.6423211,0.58188516,0.2783718,0.4528343,0.3972897,-0.15248549,0.4093305,0.31165928,-0.28347492
37019,0.52843535,0.41435838,0.08553052,0.37388796,0.26009887,-0.30238652,0.32255065,0.16220051,-0.41455853
37020,0.7529074,0.77483153,0.71281445,0.593912,0.6112119,0.3742779,0.5035838,0.48771638,0.14035106
38003,0.76080567,0.660403,0.5562282,0.684766,0.479118,0.38344377,0.66216564,0.3158632,0.35208666
38007,0.3872375,0.28195035,-0.16593385,0.21059757,0.15207547,-0.5170603,0.1764769,0.09578109,-0.6215366
38014,0.56265205,0.46488386,0.12780386,0.43986148,0.35001266,-0.21479857,0.38522196,0.27119172,-0.36907637
38017,0.9471027,0.5309148,0.940879,0.9264105,0.17013133,0.9222143,0.9147519,-0.0506227,0.91957766
38018,0.8689288,0.846518,0.78753567,0.7700834,0.7209382,0.57099706,0.7198887,0.6430894,0.44366604
38021,0.7443713,0.69765234,0.5044822,0.596403,0.54551554,0.1554991,0.53175974,0.4619633,0.009390414
39001,0.8029644,0.5955937,0.75368315,0.69236696,0.5615391,0.5410414,0.59796256,0.51889503,0.3447606
39010,0.94837266,0.7668083,0.9308034,0.8964132,0.606517,0.86325806,0.86549324,0.40929055,0.814673
39011,0.85847014,0.8117728,0.6560607,0.674191,0.60899866,0.25179893,0.5890233,0.5122348,0.06837481
39012,0.50773156,0.39918333,0.0004028678,0.37440324,0.20944178,-0.43772662,0.33018363,0.14858961,-0.52153695
39014,0.9351511,0.81930494,0.9183856,0.8992,0.64307296,0.86935514,0.8764657,0.51880056,0.84141934
39016,0.9646493,0.9034,0.9306279,0.9188135,0.8610143,0.84087265,0.88992614,0.8168648,0.78100395
39020,0.9894895,0.9731696,0.994795,0.9813647,0.94611675,0.9876107,0.971106,0.9281857,0.97875756
39023,0.7322903,0.5280937,0.5304438,0.65603936,0.3573051,0.38811797,0.62669903,0.19498515,0.3736729
39025,0.89533126,0.8733406,0.74699986,0.7742072,0.7558401,0.48550266,0.7289245,0.7144159,0.3718943
39027,0.9311426,0.7898649,0.9552558,0.8699533,0.69746935,0.88235945,0.8130836,0.61391115,0.8037446
39028,0.9742677,0.8840405,0.9778507,0.9549624,0.80121964,0.95965207,0.94119376,0.71853614,0.94653934
39029,0.7785599,0.6238421,0.566023,0.57171524,0.025747597,0.074132085,0.4865808,-0.18752337,-0.14649963
39035,0.9733977,0.89363325,0.9668446,0.95731306,0.8896338,0.94795376,0.94197863,0.88295686,0.93601644
39036,0.72997004,0.42408168,0.52686626,0.61650956,-0.32027292,0.25347388,0.5890695,-0.7817664,0.16863471
39037,0.9878229,0.96162385,0.98830795,0.97712326,0.93052596,0.97527766,0.9635668,0.89445966,0.9650521
39042,0.97689545,0.9238742,0.98463947,0.9605844,0.8930478,0.9626154,0.93404984,0.8663834,0.9363801
39052,0.60852116,0.52602637,0.31000364,0.4663871,0.38800925,-0.057516336,0.41870534,0.3231045,-0.21905327
39061,0.98139876,0.962193,0.9911044,0.9704384,0.94446087,0.98524433,0.95675904,0.9178849,0.97937584
39081,0.935361,0.7827072,0.9304786,0.8650464,0.722062,0.8076717,0.82010627,0.6181738,0.68249756
40005,0.916378,0.74093014,0.74220574,0.79324234,0.59289193,0.3933847,0.6909443,0.4831288,0.16914964
40009,0.73976636,0.6541951,0.48283845,0.5651539,0.502234,0.12677181,0.519001,0.4786414,0.009815276
41005,0.8555238,0.82715434,0.6089919,0.67874336,0.6625855,0.23903829,0.6181412,0.6038102,0.11201364
41006,0.72172976,0.62390816,0.30825227,0.5420531,0.47985417,-0.027326465,0.49118096,0.42606038,-0.11435461
41011,0.7969377,0.7892026,0.5467291,0.66284883,0.66395015,0.21216482,0.6300671,0.64269257,0.13422555
41022,0.81444347,0.79932743,0.49806362,0.6631675,0.6614773,0.1571464,0.63706994,0.6415378,0.05357486
41023,0.9870566,0.529377,0.99491215,0.9751879,0.46786404,0.9885488,0.9623179,0.45233,0.9810178
41027,0.63126427,0.6178986,0.23167771,0.46578282,0.481642,-0.14874351,0.4415272,0.46757823,-0.22541595
42001,0.8218759,0.6132047,0.54316074,0.67218995,0.4785096,0.26352596,0.6249754,0.4218945,0.18236798
42008,0.95519406,0.91644824,0.94835544,0.9472294,0.8706535,0.9377293,0.93860084,0.83264756,0.92979187
43005,0.98379576,0.9649751,0.98645043,0.967307,0.93157744,0.96288836,0.9512866,0.8914055,0.9409203
43006,0.93957853,0.9242418,0.859431,0.8786627,0.84369045,0.70859927,0.8370433,0.7975955,0.6421667
43007,0.94618267,0.91509634,0.9142089,0.90634775,0.8641778,0.77606153,0.87850577,0.8353326,0.66308016
43008,0.98658663,0.96923786,0.98970336,0.9753931,0.9259555,0.97429395,0.9650643,0.88690007,0.9611751
43009,0.9070833,0.88947403,0.7291639,0.7921963,0.7706484,0.3880189,0.70151234,0.68899953,0.18479091
43014,0.88886553,0.84329253,0.76224756,0.799371,0.76305795,0.57394725,0.76200616,0.67418724,0.4966135
43017,0.9540145,0.93333197,0.90410835,0.90222037,0.8564974,0.7893698,0.8677907,0.8243021,0.7164683
44002,0.9706034,0.93148357,0.9568952,0.94578505,0.9059191,0.9155871,0.9314788,0.88943547,0.8898211
44006,0.92064124,0.8881199,0.87263036,0.89553815,0.85821784,0.8267081,0.8802081,0.8234579,0.81203043
45001,0.8600403,0.84352386,0.7179204,0.7161201,0.7331924,0.50513804,0.65275526,0.6819413,0.36684567
45003,0.8070023,0.7750033,0.5077112,0.61415994,0.60160077,0.12852538,0.53292227,0.5277957,-0.028875828
45004,0.7977276,0.7832184,0.5028561,0.6190352,0.64192593,0.121172965,0.5491559,0.5779666,-0.022096038
45005,0.770669,0.7336293,0.41371334,0.5890331,0.57007253,0.025231123,0.50368255,0.49438888,-0.12408948
45009,0.8839853,0.88353205,0.82434636,0.78554136,0.7967925,0.666893,0.7202772,0.7405851,0.5313258
45012,0.8395712,0.8054679,0.61549705,0.69374645,0.6762406,0.3682518,0.649369,0.6377445,0.2554776
46003,0.7327116,0.73581743,0.43738508,0.60630286,0.6329161,0.19500375,0.5600997,0.5959082,0.0922209
46005,0.6339381,0.66906226,0.26854217,0.5071907,0.5743405,-0.071079135,0.45244795,0.5262661,-0.18327057
47001,0.9127107,0.86636543,0.7553,0.81583804,0.78170335,0.5544548,0.7841108,0.74537754,0.4540643
47004,0.8567539,0.8477093,0.7215736,0.7680843,0.7799161,0.5363414,0.73316646,0.7468772,0.44498533
47008,0.7972362,0.7677839,0.561903,0.68630624,0.6732544,0.33005303,0.6576078,0.6434496,0.23019415
47009,0.92079073,0.91443276,0.871539,0.87360305,0.8694313,0.76639605,0.8354945,0.83732504,0.6736684
48004,0.83569705,0.8221974,0.70769846,0.75831544,0.7591785,0.52720416,0.72886,0.7399061,0.4694305
48005,0.8325018,0.8078697,0.6984508,0.80285305,0.77392215,0.6124105,0.77255553,0.7608135,0.561441
48011,0.86007714,0.85058594,0.7383405,0.7648185,0.76784056,0.54326344,0.7289663,0.7402829,0.45517367
49002,0.951098,0.94499975,0.9233369,0.9222792,0.90879494,0.87055403,0.9049447,0.88909686,0.84378666
49004,0.72543657,0.6519064,0.43645597,0.66860855,0.58451945,0.28781307,0.628198,0.5464091,0.2413314
50001,0.901878,0.8837269,0.7435918,0.78514516,0.78580236,0.5372855,0.7444851,0.74399185,0.43246567
50002,0.8835517,0.86001676,0.663358,0.7610359,0.75553983,0.4024306,0.71784246,0.7130823,0.288908
50006,0.8563783,0.854377,0.73286927,0.7444953,0.7645482,0.5453623,0.6984286,0.7154515,0.4202031
51001,0.87394077,0.86148053,0.7551502,0.7978838,0.7805469,0.6341168,0.7431818,0.7352098,0.5783813
52004,0.72577,0.7139684,0.3254422,0.54342586,0.53567374,-0.037068367,0.4892335,0.47298807,-0.15963662
52005,0.8011908,0.78832203,0.54404336,0.64400977,0.6322491,0.28480732,0.58132684,0.55963695,0.14986253
52006,0.800309,0.7639233,0.4679708,0.6176414,0.5863823,0.0921458,0.5519161,0.5229254,-0.048617482
52007,0.7878915,0.78468335,0.5327031,0.6075514,0.62672824,0.12642133,0.5360891,0.5515901,-0.04545009
52009,0.84423304,0.8291244,0.71512836,0.72711116,0.71089256,0.49708426,0.67620933,0.6549605,0.35778618
52010,0.7710628,0.7263519,0.37933522,0.6019621,0.58964324,0.03685206,0.542119,0.52087724,-0.10120833
53005,0.8998282,0.88445985,0.7723162,0.81421036,0.80808693,0.61927503,0.77214766,0.7678574,0.51678944
53006,0.84908366,0.82356274,0.7046485,0.74724114,0.71498215,0.45489764,0.68488514,0.6339288,0.28467757
53007,0.8895669,0.8760074,0.7178121,0.7859833,0.78428036,0.5024114,0.7389443,0.741743,0.37961942
53008,0.943295,0.9313234,0.87066066,0.87722427,0.85744643,0.73960495,0.83793235,0.8102288,0.66842914
53009,0.89143306,0.86704516,0.7820782,0.81949246,0.8069421,0.6488241,0.77530146,0.7690064,0.5437697
53013,0.8733252,0.8457396,0.7042393,0.76579744,0.7554934,0.479164,0.7196356,0.7033652,0.37841755
53018,0.9412638,0.9063854,0.84416926,0.8525298,0.82484615,0.6404245,0.7891813,0.75006837,0.48223054
54001,0.9613648,0.91314375,0.93878615,0.9104456,0.849321,0.82288027,0.8713869,0.80686855,0.6970912
54002,0.93992096,0.919691,0.83097935,0.8284731,0.79715043,0.5733688,0.73306334,0.68152833,0.35652912
54005,0.9632261,0.93600863,0.9074544,0.8963223,0.87360847,0.76226753,0.8312239,0.8233012,0.62669414
54007,0.795167,0.761181,0.5189862,0.6154855,0.59605587,0.053827643,0.52109087,0.491288,-0.10729909
54008,0.9283829,0.9142214,0.8290708,0.8197679,0.8214839,0.6121683,0.7585025,0.75244784,0.47802097
54012,0.94022095,0.7383747,0.90402305,0.8430444,0.7105015,0.7442489,0.7522087,0.66561186,0.5868509
54015,0.91080844,0.78413635,0.79672456,0.7732922,0.6303154,0.48231614,0.6836424,0.52935207,0.2658679
54017,0.91931796,0.9182734,0.8462813,0.80457103,0.80165887,0.62560666,0.72879744,0.72595936,0.4707091
54018,0.91020125,0.898165,0.7874806,0.78539604,0.7811755,0.5695192,0.7106859,0.70063615,0.45058894
54019,0.906543,0.8524397,0.82080555,0.82851577,0.7245476,0.5363832,0.7307136,0.62606,0.33971214
54020,0.9596341,0.9362809,0.92501605,0.8900229,0.82558167,0.80636466,0.8356267,0.7773572,0.7086446
54024,0.9335578,0.8507626,0.8310729,0.84673035,0.66677195,0.5842018,0.75521445,0.5617026,0.41972005
54027,0.943351,0.9210329,0.90685344,0.9121629,0.86641365,0.8550061,0.8900168,0.8461348,0.8269983
54029,0.9205008,0.79807365,0.7873918,0.789695,0.6497762,0.5180585,0.7044751,0.5731063,0.34778017
54032,0.9723184,0.9231319,0.943782,0.9191586,0.8470843,0.833848,0.8704759,0.80540395,0.7116269
54034,0.75832164,0.73276806,0.54886377,0.6449506,0.62929845,0.24095994,0.56988716,0.5588399,0.13162589
54036,0.74134994,0.7388793,0.4028371,0.5557703,0.5371622,0.0006425977,0.46411222,0.41179353,-0.13370585
54057,0.96029335,0.91731054,0.9426143,0.88753134,0.8432809,0.82761765,0.8313539,0.7960316,0.6991098
55002,0.9386537,0.91828907,0.7939973,0.8391499,0.8307508,0.55245304,0.76353663,0.76434267,0.37722993
55013,0.90708894,0.8855462,0.80811507,0.8068,0.79680425,0.6515579,0.75928956,0.74771726,0.5416757
55014,0.9566661,0.9501431,0.92328066,0.9055574,0.89075416,0.82486165,0.868502,0.8540805,0.7476299
55018,0.85313165,0.8337028,0.6183846,0.70359373,0.6920309,0.2670402,0.62188834,0.5891743,0.13429219
55021,0.9407843,0.9195096,0.89184,0.86040074,0.8464787,0.7534269,0.80517477,0.79754835,0.6409364
68001,0.914125,0.9090867,0.833185,0.7955761,0.789423,0.60044813,0.71113855,0.7034198,0.41459793
68003,0.82253355,0.7979873,0.55361116,0.6074492,0.6151668,0.14204073,0.521227,0.52911043,-0.032250524
68004,0.68554705,0.60642767,0.5016527,0.51194227,0.37508428,0.126001,0.44392586,0.30100775,-0.06856847
68005,0.9128837,0.9271574,0.86597645,0.80897355,0.82282495,0.70116425,0.74328256,0.75520283,0.5884884
69015,0.7431005,0.7434621,0.53633624,0.57967997,0.5917072,0.21987647,0.51146615,0.53140366,0.080112636
69027,0.71545583,0.70034134,0.38061547,0.5431716,0.5275177,-0.025364757,0.46107495,0.458219,-0.19464183
71001,0.8051169,0.796541,0.49971473,0.64284277,0.6569743,0.112136245,0.588731,0.60604954,-0.048332334
71004,0.68855536,0.68444,0.34523654,0.54514956,0.54866195,-0.034612894,0.4829638,0.49937165,-0.18662488
71006,0.804384,0.7993604,0.5337242,0.64862156,0.6657677,0.15490133,0.59963876,0.60897756,-0.01904881
72002,0.7133154,0.68601656,0.3373887,0.5207312,0.5099464,-0.1376121,0.4750113,0.45887327,-0.28693342
72004,0.7687179,0.75711477,0.38385713,0.5997916,0.6098319,-0.03864491,0.5526196,0.5502796,-0.1918447
72005,0.6951666,0.71318537,0.39697552,0.55612636,0.61410505,0.046420693,0.51159227,0.55231035,-0.08564782
73005,0.7656003,0.75879693,0.5024439,0.62560546,0.64626193,0.17389345,0.5832039,0.58923143,0.026830256
73010,0.95811164,0.9485155,0.93682605,0.9085401,0.90747297,0.8268328,0.86244714,0.8563935,0.7014659
73011,0.73860866,0.7446505,0.47258592,0.6238067,0.64602834,0.168782,0.5808971,0.591661,0.031895816
74001,0.66225886,0.68495107,0.3419069,0.5216917,0.5772957,-0.040335894,0.48581564,0.53008616,-0.1805594
74006,0.56547487,0.53226423,0.1333555,0.41751385,0.40062356,-0.28345144,0.39350694,0.3431195,-0.3751284
75003,0.9653748,0.90654147,0.9396276,0.9056259,0.867626,0.8188782,0.8350022,0.81977254,0.67553496
75004,0.8510705,0.83801687,0.74698013,0.70160234,0.71226335,0.4429208,0.63030005,0.6269425,0.21858007
76005,0.81739116,0.81120974,0.5123599,0.66690165,0.69611216,0.1360569,0.604926,0.6294416,-0.03585148
76007,0.9048816,0.86688447,0.6647513,0.7695391,0.74278235,0.31852245,0.7121377,0.6780075,0.1685456
76008,0.71538854,0.69477284,0.28438163,0.4770285,0.4898265,-0.2800449,0.42986262,0.44261688,-0.3937261
76011,0.73596334,0.7183514,0.533044,0.5836061,0.5534995,0.09956503,0.5219548,0.47705525,-0.095191
