gid,wy,date,obs,miss_tree,miss_lstm,tree_q99_ratio,miss_both,month,area_log10
10002,2011,2010-12-11,24.28,True,True,0.734112,True,12,2.5128444261207994
10002,2016,2016-01-08,34.75,True,True,0.9733789,True,1,2.5128444261207994
10002,2021,2021-01-22,16.22,True,True,0.8090958,True,1,2.5128444261207994
12001,2012,2011-12-22,14.76,True,True,0.8742004,True,12,3.139894821423499
15010,2021,2021-02-20,32.33,True,True,0.88769037,True,2,2.560826880071928
15012,2012,2011-12-22,21.25,True,True,0.89927995,True,12,3.2217584069681595
15012,2015,2015-03-07,26.52,True,True,0.75180346,True,3,3.2217584069681595
15013,2014,2014-02-23,47.39,True,True,0.9697769,True,2,2.238798562713917
15013,2015,2014-11-06,30.2,True,True,0.6762851,True,11,2.238798562713917
15013,2017,2017-02-26,17.94,True,True,0.8923698,True,2,2.238798562713917
15013,2019,2018-12-18,29.35,True,True,0.65016747,True,12,2.238798562713917
15013,2020,2020-02-21,43.96,True,True,0.9439996,True,2,2.238798562713917
15013,2022,2022-09-08,35.49,True,True,0.6303016,True,9,2.238798562713917
16003,2014,2014-02-22,51.64,True,True,0.9240729,True,2,2.0046222657007826
17001,2020,2020-02-21,68.13,True,True,0.8878199,True,2,2.083287569327283
18002,2013,2012-12-21,31.76,True,True,0.8696182,True,12,2.252100248832793
18002,2015,2015-02-26,18.81,True,True,0.84965026,True,2,2.252100248832793
18002,2021,2020-12-05,24.66,True,True,0.66270053,True,12,2.252100248832793
21015,2017,2016-11-22,20.51,True,True,0.9990712,True,11,2.3786159020312243
21016,2022,2021-12-04,18.09,True,True,0.8788339,True,12,2.0750357259221905
21018,2012,2012-09-25,16.78,True,True,0.9419041,True,9,2.2405242881123635
21023,2014,2013-12-30,19.09,True,True,0.66508853,True,12,2.052886235256382
21023,2016,2015-12-05,43.15,True,True,0.45077184,True,12,2.052886235256382
21023,2018,2018-01-24,25.99,True,True,0.4242143,True,1,2.052886235256382
21023,2020,2020-02-09,34.67,True,True,0.54867196,True,2,2.052886235256382
21023,2022,2021-10-28,24.48,True,True,0.76490337,True,10,2.052886235256382
23001,2016,2015-12-05,57.67,True,True,0.88123786,True,12,3.3369317974628796
23008,2019,2019-08-10,45.25,True,True,0.74294007,True,8,2.538058205908395
24001,2016,2015-12-05,33.71,True,True,0.5309877,True,12,2.8203197081465268
24001,2022,2022-02-20,23.13,True,True,0.8372202,True,2,2.8203197081465268
25001,2017,2017-03-19,14.47,True,True,0.79351336,True,3,2.928237059917442
25001,2022,2022-02-20,32.92,True,True,0.93890166,True,2,2.928237059917442
27007,2015,2014-12-23,13.25,True,True,0.950403,True,12,2.9602757055405062
27007,2016,2015-12-06,46.39,True,True,0.69571155,True,12,2.9602757055405062
27007,2018,2017-10-14,14.01,True,True,0.7948597,True,10,2.9602757055405062
27009,2015,2014-12-23,5.86,True,True,0.9594124,True,12,3.518619210629076
27025,2015,2015-01-01,6.18,True,True,0.80966306,True,1,2.5501427090794015
27026,2015,2015-01-01,7.55,True,True,0.8789552,True,1,2.222794481113707
27038,2019,2019-05-28,19.33,True,True,0.4032778,True,5,0.9469432706978254
27038,2020,2019-10-26,28.51,True,True,0.8310316,True,10,0.9469432706978254
27038,2022,2022-05-31,12.01,True,True,0.68062705,True,5,0.9469432706978254
27051,2014,2013-10-28,9.82,True,True,0.89847517,True,10,0.9122220565324155
28026,2013,2012-11-25,19.07,True,True,0.9500943,True,11,2.570052330393215
28026,2014,2014-01-16,9.02,True,True,0.7489192,True,1,2.570052330393215
28026,2020,2020-02-16,17.22,True,True,0.8194314,True,2,2.570052330393215
28039,2018,2018-05-27,18.77,True,True,0.8380433,True,5,1.8674085565227911
28067,2016,2016-02-09,11.09,True,True,0.94239813,True,2,3.0706362261828377
28067,2019,2019-03-17,11.95,True,True,0.9522356,True,3,3.0706362261828377
29005,2011,2010-12-16,13.48,True,True,0.62702775,True,12,1.8011978344591488
29005,2012,2012-07-07,11.65,True,True,0.7673605,True,7,1.8011978344591488
29005,2014,2014-07-20,8.62,True,True,0.82787764,True,7,1.8011978344591488
29005,2016,2016-01-07,16.11,True,True,0.620189,True,1,1.8011978344591488
29005,2017,2017-08-09,14.34,True,True,0.8479354,True,8,1.8011978344591488
29005,2018,2017-12-30,17.89,True,True,0.42840776,True,12,1.8011978344591488
29005,2019,2019-09-29,22.81,True,True,0.73919773,True,9,1.8011978344591488
29005,2020,2019-11-11,24.03,True,True,0.6808629,True,11,1.8011978344591488
29005,2022,2022-08-17,11.51,True,True,0.58711594,True,8,1.8011978344591488
30004,2013,2012-12-20,11.32,True,True,0.8534734,True,12,1.7788022040132387
30011,2022,2022-08-17,4.94,True,True,0.84175456,True,8,1.809896246602439
30012,2011,2010-10-03,10.94,True,True,0.49197984,True,10,1.582290682718994
30012,2014,2014-01-22,4.77,True,True,0.9888927,True,1,1.582290682718994
31010,2013,2013-01-27,11.99,True,True,0.7690417,True,1,1.8376515578463926
31021,2015,2014-12-27,6.78,True,True,0.94103503,True,12,2.3928551693895352
31023,2011,2010-11-08,3.1,True,True,0.9535363,True,11,0.6414741105040995
32003,2016,2016-03-09,23.67,True,True,0.8120694,True,3,1.8479426388452236
32003,2021,2020-12-23,30.66,True,True,0.84198105,True,12,1.8479426388452236
32004,2022,2022-03-17,5.91,True,True,0.94456726,True,3,2.2886068903909687
33012,2015,2014-11-17,7.63,True,True,0.90836775,True,11,2.1403823245594022
33012,2017,2017-02-23,4.12,True,True,0.629494,True,2,2.1403823245594022
33021,2022,2022-03-04,1.43,True,True,0.8291411,True,3,2.4886212131294285
33026,2021,2020-12-26,6.77,True,True,0.9720171,True,12,3.4093074239519776
33031,2013,2012-12-20,12.7,True,True,0.99507344,True,12,1.8455321174935755
33031,2020,2020-01-15,10.08,True,True,0.99111503,True,1,1.8455321174935755
33031,2022,2021-10-02,4.99,True,True,0.37998545,True,10,1.8455321174935755
33033,2015,2015-07-24,1.47,True,True,0.905941,True,7,2.0529246837077286
33039,2021,2020-12-26,9.11,True,True,0.5339732,True,12,3.220709404879566
34005,2017,2017-03-02,2.36,True,True,0.9902926,True,3,1.857995495560924
34007,2014,2014-02-07,12.46,True,True,0.8960052,True,2,2.1441693000416664
34007,2016,2016-06-24,11.28,True,True,0.55047065,True,6,2.1441693000416664
34007,2018,2018-04-02,10.66,True,True,0.76624745,True,4,2.1441693000416664
34010,2022,2021-12-14,3.49,True,True,0.3244169,True,12,2.176438555741045
35003,2012,2012-03-06,19.68,True,True,0.6326979,True,3,1.7977521286507108
35003,2013,2013-01-27,24.5,True,True,0.4558619,True,1,1.7977521286507108
35003,2014,2014-02-07,19.68,True,True,0.705433,True,2,1.7977521286507108
35003,2015,2014-11-24,21.2,True,True,0.5281118,True,11,1.7977521286507108
35003,2016,2016-01-08,12.91,True,True,0.66056794,True,1,1.7977521286507108
35003,2018,2018-04-02,15.69,True,True,0.60813916,True,4,1.7977521286507108
35003,2020,2019-11-28,18.58,True,True,0.30402425,True,11,1.7977521286507108
35003,2021,2020-12-24,32.34,True,True,0.5411188,True,12,1.7977521286507108
36009,2016,2016-04-14,8.62,True,True,0.34453315,True,4,1.4075608494863625
36009,2021,2020-12-04,20.76,True,True,0.77829313,True,12,1.4075608494863625
36012,2016,2016-06-25,12.4,True,True,0.7873609,True,6,1.884512159190394
37018,2012,2012-07-08,20.28,True,True,0.92239934,True,7,1.6506959797606109
37018,2016,2016-06-23,28.97,True,True,0.8596475,True,6,1.6506959797606109
37018,2021,2021-01-14,23.79,True,True,0.8045513,True,1,1.6506959797606109
37019,2016,2016-06-23,22.97,True,True,0.8969682,True,6,1.7121444142148858
37020,2014,2014-02-07,14.31,True,True,0.91953784,True,2,2.1253185781235264
39007,2015,2015-08-27,4.44,True,True,0.9351219,True,8,2.5560611590095323
39007,2016,2016-06-24,5.55,True,True,0.9227701,True,6,2.5560611590095323
39012,2015,2014-11-23,8.75,True,True,0.7998303,True,11,1.8627870982353443
39012,2016,2016-06-23,11.85,True,True,0.98367155,True,6,1.8627870982353443
39023,2020,2020-08-13,1.16,True,True,0.9640737,True,8,2.1276877875398506
39025,2015,2015-01-15,8.21,True,True,0.77697724,True,1,2.1523189274246453
39025,2016,2016-01-11,8.15,True,True,0.8429496,True,1,2.1523189274246453
39061,2015,2015-04-14,5.15,True,True,0.65304804,True,4,0.6009728956867483
39061,2018,2018-04-21,6.82,True,True,0.7906746,True,4,0.6009728956867483
39081,2014,2014-02-08,9.17,True,True,0.82760584,True,2,2.3684728384403617
40005,2015,2015-01-16,10.5,True,True,0.7755774,True,1,2.4441228994129194
40005,2021,2020-12-28,14.14,True,True,0.7420555,True,12,2.4441228994129194
40013,2013,2012-11-04,8.52,True,True,0.5324935,True,11,1.9920672600276668
40013,2016,2016-06-25,7.16,True,True,0.8805115,True,6,1.9920672600276668
41001,2018,2017-12-31,32.66,True,True,0.9408696,True,12,1.2332500095411003
41001,2020,2020-03-05,58.74,True,True,0.64746505,True,3,1.2332500095411003
41001,2021,2020-11-15,46.98,True,True,0.71046424,True,11,1.2332500095411003
41001,2022,2021-10-20,44.07,True,True,0.87524235,True,10,1.2332500095411003
41003,2017,2017-02-01,16.69,True,True,0.9554107,True,2,2.1150443952584133
41003,2022,2021-10-21,17.78,True,True,0.93994147,True,10,2.1150443952584133
41006,2016,2016-01-03,24.42,True,True,0.98430157,True,1,1.9501700598082001
41006,2020,2020-02-16,34.79,True,True,0.75218,True,2,1.9501700598082001
41006,2021,2020-11-15,31.95,True,True,0.8549026,True,11,1.9501700598082001
41006,2022,2021-10-20,20.98,True,True,0.91985846,True,10,1.9501700598082001
41012,2017,2017-02-01,20.27,True,True,0.7801219,True,2,1.9713686367914234
41012,2018,2017-12-27,20.63,True,True,0.75956726,True,12,1.9713686367914234
41012,2022,2021-10-21,22.27,True,True,0.91343004,True,10,1.9713686367914234
41022,2019,2019-02-08,13.66,True,True,0.9794382,True,2,1.7196626830180466
41027,2017,2016-11-19,5.93,True,True,0.8978564,True,11,1.5589484459780396
41027,2021,2021-01-20,27.36,True,True,0.85318446,True,1,1.5589484459780396
42003,2012,2012-04-29,14.01,True,True,0.84264714,True,4,1.9994785336793102
42003,2013,2012-12-20,22.84,True,True,0.831664,True,12,1.9994785336793102
42003,2016,2016-01-27,22.32,True,True,0.7474261,True,1,1.9994785336793102
42003,2017,2017-01-31,11.74,True,True,0.75366557,True,1,1.9994785336793102
42011,2021,2021-07-12,18.59,True,True,0.486204,True,7,1.7423322823571483
43006,2022,2021-10-21,6.84,True,True,0.9596392,True,10,2.3337091828972722
43007,2012,2012-07-09,13.69,True,True,0.6677662,True,7,3.026161319803131
43007,2021,2021-01-22,6.42,True,True,0.82087666,True,1,3.026161319803131
43007,2022,2021-11-02,7.42,True,True,0.48608318,True,11,3.026161319803131
45001,2015,2014-12-19,13.75,True,True,0.75519276,True,12,2.7840107110782126
45012,2018,2018-03-04,14.84,True,True,0.70506644,True,3,2.4209948296439574
45012,2020,2019-11-23,16.95,True,True,0.8045476,True,11,2.4209948296439574
48005,2019,2019-03-05,11.81,True,True,0.8659316,True,3,1.2789821168654432
49004,2012,2012-04-29,10.46,True,True,0.88580287,True,4,1.6108730003800518
49004,2018,2018-03-14,14.55,True,True,0.8730773,True,3,1.6108730003800518
50006,2018,2018-01-21,27.0,True,True,0.8008847,True,1,2.514547752660286
52009,2015,2015-08-23,7.47,True,True,0.75315166,True,8,1.7646243978509815
52010,2015,2015-02-22,7.14,True,True,0.8396652,True,2,2.139438274158168
52010,2017,2016-11-21,22.12,True,True,0.89813507,True,11,2.139438274158168
52010,2018,2018-01-21,14.36,True,True,0.9243413,True,1,2.139438274158168
52010,2020,2019-10-13,13.3,True,True,0.9096809,True,10,2.139438274158168
52011,2012,2012-07-09,9.24,True,True,0.8454214,True,7,1.9275756546911105
53008,2018,2018-04-02,9.29,True,True,0.83675146,True,4,2.4845418376876873
53008,2021,2020-12-27,12.88,True,True,0.9395506,True,12,2.4845418376876873
53013,2016,2016-01-09,8.08,True,True,0.6550558,True,1,1.9976484548962061
53013,2018,2018-03-12,6.64,True,True,0.63849026,True,3,1.9976484548962061
53013,2022,2021-10-31,8.7,True,True,0.9459332,True,10,1.9976484548962061
54001,2011,2011-02-08,6.72,True,True,0.5788973,True,2,3.636477866341889
54001,2019,2019-03-19,5.54,True,True,0.8018792,True,3,3.636477866341889
54001,2022,2022-02-23,9.78,True,True,0.8227399,True,2,3.636477866341889
54003,2011,2011-02-05,84.73,True,True,0.9848146,True,2,1.8694077493822019
54004,2013,2012-11-25,20.59,True,True,0.8951279,True,11,2.4208300620261136
54007,2014,2014-06-04,10.77,True,True,0.74582094,True,6,2.5062749712869747
54007,2020,2019-11-14,26.5,True,True,0.70750386,True,11,2.5062749712869747
54007,2022,2021-10-31,11.74,True,True,0.9088048,True,10,2.5062749712869747
54015,2012,2012-07-07,11.65,True,True,0.9324559,True,7,2.199508348896786
54015,2013,2012-11-25,40.9,True,True,0.4874778,True,11,2.199508348896786
54015,2015,2014-11-09,5.87,True,True,0.9156125,True,11,2.199508348896786
54015,2018,2017-12-27,42.54,True,True,0.3090851,True,12,2.199508348896786
54015,2020,2019-11-14,31.3,True,True,0.52405214,True,11,2.199508348896786
54017,2015,2015-01-15,11.09,True,True,0.9134965,True,1,2.458501874686394
54017,2018,2018-03-06,11.63,True,True,0.5656145,True,3,2.458501874686394
54017,2019,2019-06-14,9.89,True,True,0.86635125,True,6,2.458501874686394
54017,2022,2021-11-01,7.45,True,True,0.82109,True,11,2.458501874686394
54018,2014,2014-02-05,9.6,True,True,0.9777328,True,2,2.2376945086640565
54019,2021,2020-12-24,12.27,True,True,0.996935,True,12,2.539151403445493
54028,2016,2015-11-30,31.19,True,True,0.91321564,True,11,2.8916155010160765
54029,2022,2022-02-21,10.72,True,True,0.9301072,True,2,3.171334388111691
54032,2011,2011-02-09,4.14,True,True,0.65586007,True,2,3.836632950051533
54034,2012,2012-07-13,30.52,True,True,0.49556217,True,7,1.6450290647211425
54034,2020,2020-02-15,60.97,True,True,0.35412028,True,2,1.6450290647211425
54036,2012,2012-04-29,10.42,True,True,0.9959457,True,4,1.9676883504533125
54036,2015,2015-01-15,5.78,True,True,0.9813252,True,1,1.9676883504533125
55002,2017,2017-02-23,10.81,True,True,0.6147982,True,2,3.277439588614276
55007,2017,2017-02-22,16.16,True,True,0.71974695,True,2,3.1083586510049313
55016,2017,2016-11-21,17.72,True,True,0.74245614,True,11,2.5550218584761524
55018,2018,2018-03-06,11.85,True,True,0.688725,True,3,2.1578494804529016
55018,2021,2021-01-30,13.71,True,True,0.74814045,True,1,2.1578494804529016
55023,2020,2020-02-18,17.53,True,True,0.71593297,True,2,3.6038196572149803
55023,2022,2022-02-22,11.55,True,True,0.77196044,True,2,3.6038196572149803
55025,2020,2020-02-15,40.89,True,True,0.92685556,True,2,2.1193548812964265
55029,2014,2013-12-23,27.01,True,True,0.8266538,True,12,2.55024058653017
55029,2019,2019-04-05,12.56,True,True,0.88037676,True,4,2.55024058653017
55029,2021,2020-12-23,28.96,True,True,0.74354917,True,12,2.55024058653017
56001,2013,2012-12-29,25.35,True,True,0.9256112,True,12,2.9605896808839542
57006,2017,2017-02-25,26.59,True,True,0.905882,True,2,2.0115281538575394
57007,2020,2020-02-15,95.83,True,True,0.72942024,True,2,2.2874658053432286
58001,2012,2012-07-18,23.04,True,True,0.9899078,True,7,2.1980519517243446
58008,2012,2012-05-10,35.02,True,True,0.94284433,True,5,1.6378898165807905
60002,2016,2015-12-19,69.33,True,True,0.99873537,True,12,2.4752788388753837
60002,2017,2017-06-10,17.62,True,True,0.9932235,True,6,2.4752788388753837
60003,2012,2012-08-05,16.22,True,True,0.688332,True,8,2.3353174594448496
60003,2017,2017-02-03,20.91,True,True,0.910425,True,2,2.3353174594448496
60003,2022,2021-10-30,26.91,True,True,0.95200795,True,10,2.3353174594448496
60010,2020,2020-02-16,52.4,True,True,0.9483556,True,2,3.0383816914676958
64002,2018,2017-11-22,59.75,True,True,0.85415184,True,11,1.874655732598101
64002,2020,2020-07-03,54.79,True,True,0.82617986,True,7,1.874655732598101
65005,2012,2012-09-25,29.94,True,True,0.9910346,True,9,1.2882492255719862
65008,2021,2020-11-01,207.65,True,True,0.74066323,True,11,1.0141003215196205
66001,2011,2011-02-06,10.46,True,True,0.9309901,True,2,2.606982940624488
67015,2011,2011-02-06,31.61,True,True,0.7127483,True,2,3.003770631717043
67015,2019,2019-03-16,22.3,True,True,0.90401715,True,3,3.003770631717043
68004,2016,2016-01-03,7.73,True,True,0.95555246,True,1,1.9546765869186435
69002,2016,2015-12-26,74.43,True,True,0.7224363,True,12,2.7420806724102023
72005,2016,2015-12-05,180.5,True,True,0.48244023,True,12,2.3409197934001624
73005,2016,2015-12-05,159.17,True,True,0.51626664,True,12,2.326827236974273
76005,2013,2012-12-31,23.62,True,True,0.8886979,True,12,2.791143050790596
76005,2016,2015-12-05,126.34,True,True,0.52714264,True,12,2.791143050790596
76005,2018,2017-11-22,39.83,True,True,0.86682963,True,11,2.791143050790596
76005,2021,2021-03-28,30.3,True,True,0.98647684,True,3,2.791143050790596
79005,2017,2017-06-29,17.58,True,True,0.58695066,True,6,2.3751329935171643
80001,2018,2018-01-23,24.19,True,True,0.85119647,True,1,2.2946205165874205
80001,2020,2019-12-10,35.91,True,True,0.8365022,True,12,2.2946205165874205
82003,2022,2021-10-31,24.61,True,True,0.94850343,True,10,2.5112682318257082
84008,2013,2013-04-17,27.11,True,True,0.84733826,True,4,1.7435881501599038
85002,2013,2012-11-19,40.98,True,True,0.85834116,True,11,2.340563083333371
85002,2019,2019-02-08,23.76,True,True,0.9448441,True,2,2.340563083333371
85002,2021,2021-02-19,29.08,True,True,0.84722644,True,2,2.340563083333371
