,gain,mean_donor_km
6007,0.03916889429092407,21.263744978210113
7001,0.20737802982330322,18.853132034542515
7002,0.1038055419921875,19.022452109192233
7003,0.05606889724731445,19.471876195049024
8004,0.2003888487815857,15.965461938635377
8005,0.0675438642501831,17.466622223732244
8006,0.05262041091918945,18.43779115219819
8009,0.20531433820724487,15.562710571838045
9002,0.09752380847930908,22.494189901904623
9003,0.05027347803115845,17.393247251896174
9005,0.2177254557609558,18.095594199053366
10002,0.051761507987976074,34.60763332379356
11001,0.0640096664428712,18.634835134776353
11003,0.10435986518859863,20.36933902801936
12001,0.11381632089614868,11.538004402244274
12002,0.11872237920761108,15.693601231506905
14001,0.03166574239730835,14.378848255736793
14002,0.045566439628601074,17.078677550121938
15006,0.026404857635498047,9.687192941875233
15007,0.05466479063034069,11.213879232820211
15010,0.06687778234481812,8.641192446437293
15011,0.14000952243804932,11.684784345291282
15012,0.04721194505691528,11.170725987281275
15013,0.10012000799179077,12.527601718031084
16001,0.07880747318267833,14.90985986885938
16003,0.09227210283279419,17.40668655572574
16004,0.05546283721923817,11.645624799454708
17001,0.06567502021789551,7.686855936557447
17003,0.0736042857170105,7.9000813135582675
17005,0.04795640707015991,13.0381574774038
18001,0.08366090059280396,9.791872117496723
18002,0.0467182993888855,8.867784383021721
18003,0.033444225788116455,7.191253623209814
19001,0.054942309856414795,6.742375176905483
19006,0.03581547737121582,6.120918637599094
19010,0.03207111358642578,9.374629302044786
20002,0.01057058572769165,15.430432237743686
20003,0.09910833835601807,12.427413259142284
20007,0.049999892711639404,13.241502094603007
21003,0.0463443398475647,16.343405570207043
21006,0.03966462612152111,7.072123899191695
21008,0.039685726165771484,14.52787993507765
21009,-0.014817535877227783,8.827651707299244
21011,0.07969629764556885,11.048715603643345
21012,0.05212903022766102,15.524473761561064
21013,0.08332765102386475,7.860203582275386
21015,0.057011425495147705,11.344573759489142
21016,0.06038236618041992,14.212038997618976
21017,0.08556681871414185,15.91558480496379
21018,0.006883859634399414,19.31214518164454
21022,0.08959382772445679,7.96036689087084
21023,0.14990967512130737,13.103300421582967
21024,0.08796727657318115,14.079423462198244
22001,0.08609747886657704,20.347456647341627
22006,0.06085813045501709,14.870253539845118
22007,0.09524351358413707,15.891552398004931
22009,0.09529602527618408,21.056484557095118
23001,0.026147842407226562,18.07421867177941
23004,0.08627325296401966,18.60397146944352
23006,0.07982760667800892,18.159141957109455
23007,0.03823435306549072,15.884929032551744
23008,0.03805196285247803,20.678342755624076
23011,0.07888728380203247,22.40700682033045
24001,-0.021709084510803223,8.665878110684439
24003,0.08568310737609863,17.996123742896135
24004,0.054231107234954834,15.445477707567706
24005,0.048897743225097656,9.397017433456286
25001,0.028607606887817383,16.350621296977828
25006,0.10413622856140148,23.49632421932877
25012,0.07258528470993053,15.928104420689015
25020,0.02505314350128174,10.051677160546786
26003,0.20571815967559814,8.416134161160004
27001,0.029337286949157715,11.654173960748984
27003,0.036230266094207764,12.236578032434485
27006,0.04762178659439087,12.445845640820664
27007,0.026672959327697754,13.958571210771886
27009,0.04212921857833862,13.15891854200648
27021,0.04327261447906494,10.023988349065874
27023,0.10806971788406372,16.6251395192886
27025,0.0755576491355896,11.847274198887817
27026,0.08861541748046864,14.345036719282888
27029,0.04053473472595204,15.905368759742784
27030,0.09641975164413463,12.45347999160383
27032,-0.18911969661712652,17.997956376396917
27034,0.06348896026611317,26.372744091730215
27035,0.024940371513366588,8.693418758472374
27038,-0.1031080484390259,8.28935988311238
27042,0.016753554344177246,9.598949594160294
27047,0.04748159646987915,23.318191831264034
27051,0.009014904499053955,16.88867484187525
27071,0.03670144081115723,15.960315555662078
28001,0.10954272747039795,17.78268712052638
28008,0.07688283920288086,13.257706248637916
28009,0.014245212078094482,14.772928880159244
28012,0.03661376237869263,18.928314344252524
28018,0.045230329036712646,15.336186493533695
28022,0.028751492500305176,14.6599067218787
28024,0.04874861240386963,9.252954256677375
28026,-0.061250925064086914,14.706939682944716
28031,0.1038714051246642,10.001625699321247
28039,0.11785620450973511,13.260237629959079
28040,0.08208256959915161,22.077582726626293
28043,0.07543039321899425,13.4654995090222
28046,0.03723883628845215,10.182421169436346
28048,0.08454596996307373,14.835437338578748
28050,0.05284613370895386,11.58718075330273
28052,-0.015114545822143555,23.83227883033001
28067,0.056819379329681396,11.793001221537319
28080,0.05282759666442871,7.471818885017725
28082,0.039361536502838024,17.663280006495796
28085,0.04139012098312367,10.944222027170774
29002,0.07832294702529907,13.49591163517376
29003,0.11180567741394043,15.14173923037454
29005,0.06452065706253052,15.924975589223266
30001,0.05754387378692627,14.657222942012154
30004,0.10219687223434448,17.563653957615934
30005,0.09518003463745117,9.729129976587494
30011,0.05748707056045532,14.195457298234421
30012,0.05439680814743042,16.439098656226907
30014,0.049033403396606445,17.942342885231028
31002,0.10905200242996216,14.30229827361972
31006,0.23424839973449713,11.928289110196511
31010,0.09984982013702393,12.446546387135378
31021,0.04028487205505371,17.683484031917917
31023,0.1298956274986267,10.436083222408
32003,0.06629520654678345,18.521205848702415
32004,0.04636049270629883,18.476394625699715
32006,0.0626577138900758,13.847959808690378
32008,0.06630915403366089,17.754780091241614
33006,0.03671741485595703,12.525883503562342
33007,0.08933943510055542,13.840974604286224
33012,0.03365856409072876,8.972606211166147
33013,0.3088172674179077,8.751504482456419
33014,0.054776787757873535,13.112915854374089
33018,0.06081283092498779,14.848220341777145
33019,0.12059932947158813,7.739245238008724
33021,0.06882083415985107,11.89965531131512
33022,0.046636343002319336,8.83776564818853
33023,-0.3336142301559448,18.423249737132142
33024,0.18907415866851807,10.069907747119537
33026,0.10897749662399292,8.886527812349723
33028,0.04884791374206543,10.297225678775789
33029,0.04159665107727051,10.357532386153009
33031,0.16767048835754395,17.627923217221365
33032,0.1941034197807312,17.851624646354413
33033,0.06415075063705444,11.464863004605272
33034,0.14940756559371948,8.223892476499946
33035,0.0032808780670166016,16.384747691263158
33039,0.08794337511062622,8.859855764867818
33053,0.16282033920288086,10.086218403568635
34002,0.11617004871368408,15.207232286436303
34003,0.2652157545089722,16.520240487162752
34004,0.014669001102447454,10.931421211351617
34005,0.23483949899673462,11.083820078813963
34006,0.08522176742553711,10.587456391847544
34007,0.08860903978347778,10.191716327702329
34008,1.0814167261123657,19.25204359934037
34010,-0.00019234418869018555,10.02080254452041
34011,0.7227135896682739,21.514415777390088
34012,1.1036791801452637,18.612711279195832
35003,0.09359538555145264,25.437585817656824
35008,0.09967011213302623,19.725962064338884
36003,0.05671447515487671,11.085051779299846
36006,0.07497620582580566,12.04645242376286
36009,0.10858714580535889,17.584087359133274
36010,0.17623168230056774,8.51455107925817
36011,0.13570272922515858,8.57259793017934
36012,0.08393490314483643,9.028012860698086
37001,-0.08527624607086182,10.318879910585782
37003,0.08815586566925049,6.987713533397881
37005,0.11879408359527599,12.595972123538836
37008,0.04362219572067261,11.354371983805207
37009,0.05016285181045532,6.969597842429174
37010,0.06346744298934937,8.758626210285327
37011,0.03937554359436035,13.716376407934312
37018,0.09559094905853271,9.962428694079696
37019,0.09365946054458618,8.329992110495539
37020,0.11936312913894653,11.04806144445218
38001,0.07987874746322632,6.913324930768851
38003,0.17192870378494252,5.306879885272394
38007,-0.014133751392364502,7.032864391814741
38014,0.13899487257003773,9.107297190301411
38017,0.7153134346008301,12.62256540705152
38018,0.075009286403656,5.6470681906201134
38021,0.09866183996200562,9.249886551028654
39001,-0.08053946495056152,8.38713386422814
39006,0.008800864219665527,8.972166173216262
39007,0.02956700325012207,7.973811835045322
39010,0.5714279413223267,11.910604895483303
39011,0.11619234085083008,11.613787231718481
39012,0.07369256019592285,8.406989051652202
39014,1.5877230167388916,14.047814407524484
39016,0.09136617183685303,8.35516575459316
39020,0.05010056495666493,10.054095828867922
39021,0.3325721621513367,12.551687259521819
39022,0.021524131298065186,7.773023795550597
39023,0.9443178176879883,14.751063910536821
39025,-0.02892380952835083,11.358707650617049
39027,0.22333103418350223,11.233170548160333
39028,0.010929465293884277,15.323125613497405
39029,0.10496938228607178,11.468418874809707
39034,0.07811921834945668,6.541273329638493
39035,0.04482853412628174,7.095320602069516
39036,2.623785972595215,12.023887129995872
39037,0.06619656085968018,13.655808011351729
39042,0.09077709913253784,13.275078233702358
39052,0.007815182209014893,14.17245949311601
39061,0.019855022430419922,16.651791595752503
39081,0.08693456649780273,11.921875500671781
40003,0.037435829639434925,9.597161570091027
40004,0.01833266019821167,10.071722231069838
40005,0.021518230438232422,9.636563536680384
40007,0.060930192470550426,7.225307345929671
40009,0.05533599853515625,11.61969573581566
40010,-0.031522393226623535,7.619380132847186
40011,0.03301924467086792,32.93079769482372
40012,-0.022815585136413574,8.844353727413788
40013,0.04617875814437866,11.136159326375264
40016,-0.021920442581176702,8.739031609698607
40018,0.04390609264373779,8.071607492335707
41001,0.1253106594085694,5.131709207998838
41003,0.041428327560424805,11.815097428801328
41005,0.023384511470794678,5.225375600519464
41006,0.14311152696609497,4.40483718237851
41011,0.04716634750366211,11.160138325974188
41012,0.07636427879333496,12.267124783995639
41013,0.08703398704528809,5.687883329404241
41014,-0.010560393333435059,8.272526840658275
41016,0.11495381593704213,5.246687259116964
41019,0.0354955792427063,11.331767177028233
41020,0.09007501602172852,3.846439699130498
41022,0.05034118890762329,10.228379449976636
41023,0.057286977767944336,16.496265611945166
41025,0.03560751676559448,9.15188030663924
41027,0.10343813896179199,14.925013868110108
41028,0.05148029327392578,12.625990835261172
42001,0.10586869716644287,9.622808184618272
42003,-0.021627187728881836,18.857070637087517
42004,0.10969245433807373,15.200752754897122
42006,0.014142274856567383,9.175515066395922
42008,0.060975074768066406,13.366159461576041
42010,0.074099600315094,10.702098208065815
42011,0.01311182975769043,8.434705938442638
43005,0.05590599775314331,12.060194203304206
43006,0.022260427474975586,13.637362787912897
43007,0.006421804428100586,12.492867176285671
43008,0.05375802516937256,11.821323504349621
43009,0.004693746566772461,24.075208422693237
43014,0.06332868337631226,9.481234440891631
43017,0.06315219402313232,9.480657285978715
44001,0.12503886222839355,14.909009390230125
44002,0.027108430862426758,14.152930543132408
44006,0.07642656564712524,18.78093833998175
45001,-0.008859753608703613,11.817438304272352
45003,0.07020044326782227,14.33192832047231
45004,0.1073904037475586,23.53223252056458
45005,0.09506022930145264,19.135036848933428
45009,0.02082270383834839,23.04259780910644
45012,0.07821094989776611,13.785238164293588
46003,0.09121376276016224,19.00403214910143
46005,0.12377381324768066,17.544979051695965
47001,0.025855362415313943,11.29481329018543
47004,0.04192352294921875,10.215020487905607
47008,0.0870678424835204,7.210007525410627
47009,0.021046340465545654,12.258718360700348
48004,0.047955334186553844,14.057673746793268
48005,0.03306466341018677,17.86362959966788
48011,0.048128902912140004,14.192239168136595
49002,0.024730324745178223,35.15947437465831
49004,0.03771132230758667,17.44949178200564
50001,0.03616529703140281,11.956466659991387
50002,0.0529823899269104,15.208595983016162
50006,0.015416085720062256,12.120234459314515
51001,0.031175315380096325,19.428887104704476
52004,0.06120651960372925,14.925479616182535
52005,0.04271930456161488,17.100924953423576
52006,0.06374669075012207,13.98688362824741
52007,0.06910699605941772,12.466599474683084
52009,0.021165430545806885,19.240519974703957
52010,0.0615311861038208,13.466971992314617
52011,0.011611342430114746,13.089879767130101
52016,-0.0007555484771728516,17.07878409759748
53005,0.053522229194641,4.950989523567179
53006,0.025960981845855824,13.582888135253578
53007,0.045234858989715576,7.920973379879894
53008,0.054485440254211315,11.897253916830138
53009,0.044943273067474254,5.886919154266699
53013,0.011165380477905273,13.52050630284022
53018,0.02368628978729248,4.917272354723365
54001,-0.022211313247680664,9.988756031229222
54002,0.02366536855697632,8.645283893247724
54003,0.054332733154296875,20.181049485126753
54004,-0.01131582260131836,9.344612043555673
54005,-0.007434844970703125,9.835082615976381
54007,0.09742289781570435,14.255238182103975
54008,0.04399120807647716,17.112222041779813
54012,0.05838656425476074,8.139530154728897
54015,0.0504150390625,10.786171353762994
54017,-0.07258164882659912,15.201127647292552
54018,-0.028060615062713623,10.321569937048688
54019,0.08143007755279541,8.391835167123917
54020,0.03510701656341553,10.683545077975111
54024,0.1081852912902832,15.936554722306752
54025,0.01821756362915039,10.683592319999384
54027,0.015462756156921387,20.464058759747584
54028,0.009299516677856445,12.556393410569825
54029,-0.009557664394378662,15.95981708158365
54032,0.059851109981536865,12.341205746128331
54034,-0.0018749237060546875,10.46807994589887
54036,0.05862760543823242,9.660009002104706
54044,-0.01931619644165039,9.856686086058076
54052,0.007557570934295654,9.856672881624926
54057,0.0670880675315857,13.211920323263646
55002,-0.023626208305358998,16.449166743043705
55007,0.035291552543640026,13.814147411843626
55008,0.06582492589950562,12.976170504015807
55013,0.02470219135284424,16.578864735186418
55014,0.04066091775894165,15.247481446144135
55016,0.044606149196624645,12.33358180797142
55018,-0.012513399124145508,17.01323947164768
55021,0.027416527271270752,15.284446475028632
55023,0.004709422588348389,21.478982676731903
55025,0.038750648498535156,16.82972904465615
55026,0.04102611541748036,10.565208667683251
55029,0.01787203550338745,17.425718805274595
55032,0.06815445423126221,11.301503375789324
56001,0.0315043330192567,17.93689850871509
56007,0.05548936128616333,13.050151196436921
56013,0.033225178718567006,14.079094635547852
57004,0.09847038984298717,4.14700489941234
57005,0.1095239520072937,4.793094213830625
57006,0.09306758642196666,4.626412662964707
57007,0.1267825961112975,4.063119117319361
57008,0.06585496664047241,11.815632264769972
58001,0.07296562194824219,12.808675395219096
58006,0.10503566265106201,11.641345774623701
58008,0.09596395492553711,7.65169482890035
58009,0.015541493892669678,13.33895655825699
59001,0.12156111001968395,11.587031881937742
60002,0.1092546582221986,12.211061031766215
60003,0.05948781967163075,20.60291121487486
60005,0.042196035385131836,19.021171759060802
60006,0.07404375076293945,11.196522894824108
60010,0.05289500951766957,11.2579886668493
61002,0.041649460792541504,28.172873358141768
62001,0.0163305401802063,28.070834058876375
63001,0.06803166866302501,24.73907549912754
64002,0.07048743963241577,24.057103970001027
65001,0.11875164508819569,12.339011860650006
65005,0.10032731294631958,17.316102193989384
65008,0.15225958824157715,11.696054264129623
66001,0.012712061405181774,14.274801680897525
66004,0.054904937744140625,15.756811509014668
66011,0.10479182004928578,18.744865726264976
67001,0.011127412319183239,10.921857977292317
67006,0.02291750907897938,17.89237797395024
67008,0.018512427806854248,12.74768392414252
67015,-0.018775999546051025,9.228850652490914
67018,0.07825058698654175,12.90429905216556
68001,0.0508251190185548,12.390098292914297
68003,0.03937506675720215,15.181989496557904
68004,0.04883265495300293,12.4242966968775
68005,0.02770918607711792,11.984834598707442
69002,0.05385136604309082,9.084657251668702
69015,0.049034953117370605,7.078284978059649
69027,0.0731431245803833,7.487341565600681
71001,0.054949700832367054,10.441064979959767
71004,0.04401183128356945,7.608200173237517
71006,0.06589680910110485,6.96847415501945
72002,0.0751475691795348,11.943932373525614
72004,0.05653524398803711,9.158309049938254
72005,0.08030527830123901,11.445591238151044
73005,0.0788627862930299,9.231418466103731
73010,0.011329412460327148,16.289235612632
73011,0.07233738899230968,6.538872024989462
74001,0.0791478157043457,16.425181655094026
74006,0.08775603771209706,12.209704467831065
75003,0.03056269884109497,17.129584748414324
75004,0.05398648977279663,14.655742491541238
76005,0.016217827796936035,14.812420061190446
76007,0.011404871940612793,14.566221501790523
76008,0.07096320390701294,15.89952858251619
76011,0.07328563928604126,17.58436012635131
77002,0.06921833753585827,10.844210639295362
78003,0.05095505714416493,16.87753920755236
78004,0.1066625714302063,15.42117566206624
79002,0.07513767480850209,10.994719652151458
79003,0.10271692276000977,20.764382401140157
79004,0.08716481924056996,11.346839038363322
79005,0.07876390218734752,12.989987818855539
79006,0.08706939220428456,14.008596036486006
80001,0.0809003710746764,17.904515640006792
81003,0.05775773525238037,22.739897366648666
82001,0.04259234666824341,25.027573103964567
82003,0.10526353120803844,23.701841792247965
83003,0.13211429119110119,10.142758589073702
83004,0.1042886972427367,11.57705349264279
84001,0.04758274555206299,8.006026288025838
84004,0.07302361726760853,10.767810633242698
84005,0.045119524002075306,4.527056329680048
84008,0.053656697273254395,2.3439448975545862
84012,0.08715713024139404,9.399583487691814
84013,0.05111676454544056,2.544612381976021
84014,0.09884566068649303,9.906891966826931
84016,0.07967543601989746,10.737891272040093
84017,0.032025814056396595,14.414583412707278
84018,0.06131601333618164,9.206808884111952
84019,0.04698038101196289,2.7975254197931725
84020,0.07403266429901123,10.169163395061481
84022,0.09695756435394287,17.333131638959447
85001,0.021317005157470703,13.973376370497718
85002,0.025349080562591553,13.429064562982772
85003,0.06822347640991211,17.583718664996738
94001,0.008949816226959229,43.005777100740715
97002,0.08354020118713379,36.52653832578369
101002,0.06956678628921509,16.531098658474722
