gid,nse_gauged,nse_ung_raw,nse_ung_now,chalk,gauge_name,pen_raw,pen_now
6007,0.8587746024131775,0.7925757765769958,0.8329797983169556,False,Ness at Ness-side,0.06619882583618164,0.025794804096221924
7001,0.6715590953826904,0.5760707855224609,0.692290186882019,False,Findhorn at Shenachie,0.09548830986022949,-0.020731091499328613
7002,0.6846078634262085,0.6439996957778931,0.7404450178146362,False,Findhorn at Forres,0.04060816764831543,-0.055837154388427734
7003,0.7578054666519165,0.6944131851196289,0.6500611305236816,False,Lossie at Sheriffmills,0.0633922815322876,0.10774433612823486
8004,0.6891534924507141,0.6743152141571045,0.8802034258842468,False,Avon at Delnashaugh,0.01483827829360962,-0.19104993343353271
8005,0.7197362184524536,0.480595052242279,-0.05470931529998779,False,Spey at Boat of Garten,0.23914116621017462,0.7744455337524414
8006,0.7430554628372192,0.6239715814590454,0.6709942817687988,False,Spey at Boat o Brig,0.11908388137817383,0.07206118106842041
8009,0.6740823984146118,0.6280243396759033,0.7954310774803162,False,Dulnain at Balnaan Bridge,0.046058058738708496,-0.12134867906570435
9002,0.7950109839439392,0.7908321022987366,0.8669039011001587,False,Deveron at Muiresk,0.004178881645202637,-0.07189291715621948
9003,0.7898980975151062,0.7798327207565308,0.7901493310928345,False,Isla at Grange,0.01006537675857544,-0.0002512335777282715
9005,0.6748462915420532,0.6148536205291748,0.8672089576721191,False,Allt Deveron at Cabrach,0.05999267101287842,-0.19236266613006592
10002,0.7577994465827942,0.7396602630615234,0.7914060354232788,False,Ugie at Inverugie,0.018139183521270752,-0.03360658884048462
11001,0.8499066829681396,0.8126047849655151,0.895585298538208,False,Don at Parkhill,0.03730189800262451,-0.04567861557006836
11003,0.7634883522987366,0.7387996912002563,0.8370840549468994,False,Don at Bridge of Alford,0.024688661098480225,-0.07359570264816284
12001,0.7086609601974487,0.6710847616195679,0.7060627937316895,False,Dee at Woodend,0.03757619857788086,0.0025981664657592773
12002,0.7700648903846741,0.7452560663223267,0.8101197481155396,False,Dee at Park,0.024808824062347412,-0.04005485773086548
14001,0.904593288898468,0.9034273028373718,0.924991250038147,False,Eden at Kemback,0.0011659860610961914,-0.020397961139678955
14002,0.8538455963134766,0.8319088220596313,0.8729537725448608,False,Dighty Water at Balmossie Mill,0.021936774253845215,-0.019108176231384277
15006,0.8819364309310913,0.8533650040626526,0.874679684638977,False,Tay at Ballathie,0.02857142686843872,0.007256746292114258
15007,0.8923454284667969,0.7660565972328186,0.6829023957252502,False,Tay at Pitnacree,0.12628883123397827,0.20944303274154663
15010,0.8244328498840332,0.8254774212837219,0.8441087603569031,False,Isla at Wester Cardean,-0.0010445713996887207,-0.019675910472869873
15011,0.7129493951797485,0.4757475256919861,0.1815704107284546,False,Lyon at Comrie Bridge,0.23720186948776245,0.531378984451294
15012,0.8337042927742004,0.6228524446487427,0.7668648958206177,False,Tummel at Pitlochry,0.21085184812545776,0.06683939695358276
15013,0.7624183297157288,0.7157086730003357,0.7746527791023254,False,Almond at Almondbank,0.046709656715393066,-0.01223444938659668
16001,0.8808640241622925,0.8705970644950867,0.9297120571136475,False,Earn at Kinkell Bridge,0.01026695966720581,-0.04884803295135498
16003,0.7989590167999268,0.6856751441955566,0.7612667679786682,False,Ruchill Water at Cultybraggan,0.11328387260437012,0.037692248821258545
16004,0.9019893407821656,0.8807141780853271,0.9274048805236816,False,Earn at Forteviot Bridge,0.02127516269683849,-0.025415539741516002
17001,0.8164653778076172,0.7816393375396729,0.8253592252731323,False,Carron at Headswood,0.034826040267944336,-0.008893847465515137
17003,0.8048651218414307,0.7902584075927734,0.7744835615158081,False,Bonny Water at Bonnybridge,0.014606714248657227,0.03038156032562256
17005,0.8797832727432251,0.8657076358795166,0.8870733380317688,False,Avon at Polmonthill,0.014075636863708496,-0.007290065288543701
18001,0.7996048927307129,0.7874693274497986,0.833778440952301,False,Allan Water at Kinbuck,0.012135565280914307,-0.034173548221588135
18002,0.7832297086715698,0.7838183641433716,0.7956286072731018,False,Devon at Glenochil,-0.0005886554718017578,-0.012398898601531982
18003,0.8844290971755981,0.8385151624679565,0.8859687447547913,False,Teith at Bridge of Teith,0.0459139347076416,-0.0015396475791931152
19001,0.8453986644744873,0.8285738229751587,0.8444033861160278,False,Almond at Craigiehall,0.016824841499328613,0.0009952783584594727
19006,0.843696653842926,0.8363524675369263,0.8291637301445007,False,Water of Leith at Murrayfield,0.007344186305999756,0.014532923698425293
19010,0.5993131399154663,0.6359823942184448,0.6392135620117188,False,Braid Burn at Liberton,-0.036669254302978516,-0.03990042209625244
20002,0.743852972984314,0.7318755984306335,0.7365074157714844,False,West Peffer Burn at Luffness,0.01197737455368042,0.00734555721282959
20003,0.7640916109085083,0.7462550401687622,0.8392307162284851,False,Tyne at Spilmersford,0.017836570739746094,-0.0751391053199768
20007,0.8344414234161377,0.8028130531311035,0.8823534846305847,False,Gifford Water at Lennoxlove,0.03162837028503418,-0.04791206121444702
21003,0.8774638772010803,0.8735625743865967,0.8967025876045227,False,Tweed at Peebles,0.0039013028144836426,-0.019238710403442383
21006,0.8737713694572449,0.8753011226654053,0.8962319493293762,False,Tweed at Boleside,-0.0015297532081604004,-0.022460579872131348
21008,0.8468739986419678,0.8384522795677185,0.866661548614502,False,Teviot at Ormiston Mill,0.008421719074249268,-0.01978754997253418
21009,0.8958886861801147,0.8884539604187012,0.8523269891738892,False,Tweed at Norham,0.007434725761413574,0.043561697006225586
21011,0.8061915636062622,0.6464654207229614,0.5583027601242065,False,Yarrow Water at Philiphaugh,0.15972614288330078,0.24788880348205566
21012,0.8626540899276733,0.8237738609313965,0.8882248401641846,False,Teviot at Hawick,0.038880228996276855,-0.02557075023651123
21013,0.8086512088775635,0.8095560073852539,0.8613518476486206,False,Gala Water at Galashiels,-0.0009047985076904297,-0.05270063877105713
21015,0.7460974454879761,0.7428539395332336,0.7288646101951599,False,Leader Water at Earlston,0.0032435059547424316,0.017232835292816162
21016,0.777742862701416,0.7624742984771729,0.8131917715072632,False,Eye Water at Eyemouth Mill,0.015268564224243164,-0.03544890880584717
21017,0.8471405506134033,0.73964524269104,0.8832660913467407,False,Ettrick Water at Brockhoperig,0.10749530792236328,-0.0361255407333374
21018,0.8162961006164551,0.8220001459121704,0.7140418887138367,False,Lyne Water at Lyne Station,-0.005704045295715332,0.10225421190261841
21022,0.7893584370613098,0.7824074029922485,0.8681551814079285,False,Whiteadder Water at Hutton Castle,0.006951034069061279,-0.07879674434661865
21023,0.5210555791854858,0.4291540384292602,0.5075938701629639,False,Leet Water at Coldstream,0.09190154075622564,0.013461709022521973
21024,0.8194705247879028,0.8046246767044067,0.8894362449645996,False,Jed Water at Jedburgh,0.014845848083496094,-0.06996572017669678
22001,0.8456252813339233,0.8342463970184326,0.9250978231430054,False,Coquet at Morwick,0.011378884315490723,-0.07947254180908203
22006,0.8434042930603027,0.8407483696937561,0.8802526593208313,False,Blyth at Hartford Bridge,0.002655923366546631,-0.036848366260528564
22007,0.8286720514297485,0.8223509192466736,0.9176174402236938,False,Wansbeck at Mitford,0.006321132183074951,-0.08894538879394531
22009,0.8220276236534119,0.7821483612060547,0.9016229510307312,False,Coquet at Rothbury,0.03987926244735718,-0.07959532737731934
23001,0.8653668761253357,0.8645618557929993,0.8402747511863708,False,Tyne at Bywell,0.0008050203323364258,0.025092124938964844
23004,0.8422224521636963,0.813693106174469,0.9077379703521729,False,South Tyne at Haydon Bridge,0.028529345989227295,-0.06551551818847656
23006,0.8353042006492615,0.8115421533584595,0.878757119178772,False,South Tyne at Featherstone,0.023762047290802002,-0.0434529185295105
23007,0.8062993884086609,0.724506139755249,0.7473400831222534,False,Derwent at Rowlands Gill,0.08179324865341187,0.05895930528640747
23008,0.8074567317962646,0.802951455116272,0.819473922252655,False,Rede at Rede Bridge,0.004505276679992676,-0.01201719045639038
23011,0.8144111037254333,0.78936368227005,0.872065007686615,False,Kielder Burn at Kielder,0.0250474214553833,-0.05765390396118164
24001,0.8444902896881104,0.8301209211349487,0.7976052761077881,False,Wear at Sunderland Bridge,0.014369368553161621,0.046885013580322266
24003,0.7998621463775635,0.7658594846725464,0.8833315372467041,False,Wear at Stanhope,0.03400266170501709,-0.08346939086914062
24004,0.8351766467094421,0.8284978270530701,0.8774507641792297,False,Bedburn Beck at Bedburn,0.00667881965637207,-0.0422741174697876
24005,0.7705209255218506,0.7304286360740662,0.7019617557525635,False,Browney at Burnhall,0.040092289447784424,0.06855916976928711
25001,0.8398851752281189,0.8426618576049805,0.7849433422088623,False,Tees at Darlington Broken Scar,-0.0027766823768615723,0.05494183301925659
25006,0.7979220747947693,0.6926174163818359,0.7637428045272827,False,Greta at Rutherford Bridge,0.10530465841293335,0.03417927026748657
25012,0.8500757217407227,0.6148236989974976,0.847375750541687,False,Harwood Beck at Harwood,0.2352520227432251,0.0026999711990356445
25020,0.8018262386322021,0.7964708209037781,0.8099731802940369,False,Skerne at Preston le Skerne,0.005355417728424072,-0.008146941661834717
26003,0.6371787786483765,0.3441172242164612,0.7887506484985352,True,Foston Beck at Foston Mill,0.2930615544319153,-0.1515718698501587
27001,0.8568820953369141,0.8532050251960754,0.8713151216506958,False,Nidd at Hunsingore Weir,0.003677070140838623,-0.014433026313781738
27003,0.9067401885986328,0.8990856409072876,0.9165480732917786,False,Aire at Beal,0.007654547691345215,-0.009807884693145752
27006,0.8344828486442566,0.785408079624176,0.8405802249908447,False,Don at Sheffield Hadfields,0.049074769020080566,-0.006097376346588135
27007,0.8451747894287109,0.8336623311042786,0.8611485362052917,False,Ure at Westwick,0.011512458324432373,-0.01597374677658081
27009,0.8444874286651611,0.821215808391571,0.862916111946106,False,Ouse at Skelton,0.023271620273590088,-0.018428683280944824
27021,0.8691937923431396,0.8213514685630798,0.9052439332008362,False,Don at Doncaster,0.047842323780059814,-0.03605014085769653
27023,0.8084352016448975,0.7856185436248779,0.8822335004806519,False,Dearne at Barnsley Weir,0.02281665802001953,-0.0737982988357544
27025,0.7981934547424316,0.782070517539978,0.8225423693656921,False,Rother at Woodhouse Mill,0.016122937202453613,-0.024348914623260498
27026,0.8141670227050781,0.8009313941001892,0.8920808434486389,False,Rother at Whittington,0.013235628604888916,-0.07791382074356079
27029,0.8871965408325195,0.8731372356414795,0.9184532761573792,False,Calder at Elland,0.014059305191040039,-0.03125673532485962
27030,0.8045716881752014,0.7339254021644592,0.873879611492157,False,Dearne at Adwick,0.07064628601074219,-0.06930792331695557
27032,-0.0662159919738769,-23.058687210083008,-19.982995986938477,False,Hebden Beck at Hebden,22.99247121810913,19.9167799949646
27034,0.8545443415641785,0.8383060097694397,0.875593364238739,False,Ure at Kilgram Bridge,0.01623833179473877,-0.021049022674560547
27035,0.8824671506881714,0.8617637157440186,0.8469439744949341,False,Aire at Kildwick Bridge,0.020703434944152832,0.035523176193237305
27038,0.11387699842453,-5.5205841064453125,-5.507950782775879,False,Costa Beck at Gatehouses,5.6344611048698425,5.621827781200409
27042,0.8213276863098145,0.7783956527709961,0.7383502721786499,False,Dove at Kirkby Mills,0.04293203353881836,0.08297741413116455
27047,0.8673909306526184,0.7695649862289429,0.8698865175247192,False,Snaizeholme Beck at Low Houses,0.09782594442367554,-0.00249558687210083
27051,0.836574912071228,0.7841155529022217,0.719417929649353,False,Crimple at Burn Bridge,0.05245935916900635,0.117156982421875
27071,0.8172096014022827,0.7791506052017212,0.8209139108657837,False,Swale at Crakehill,0.03805899620056152,-0.0037043094635009766
28001,0.6096096634864807,0.1982194185256958,0.23844444751739502,False,Derwent at Yorkshire Bridge,0.4113902449607849,0.3711652159690857
28008,0.8604312539100647,0.8144131898880005,0.8953527212142944,False,Dove at Rocester Weir,0.04601806402206421,-0.034921467304229736
28009,0.8694016337394714,0.8696532249450684,0.8191012144088745,False,Trent at Colwick,-0.00025159120559692383,0.050300419330596924
28012,0.7958291172981262,0.7878978252410889,0.7620997428894043,False,Trent at Yoxall,0.007931292057037354,0.033729374408721924
28018,0.8836408257484436,0.8625267744064331,0.8749797940254211,False,Dove at Marston on Dove,0.021114051342010498,0.008661031723022461
28022,0.8340030908584595,0.8246353268623352,0.8235281705856323,False,Trent at North Muskham,0.009367763996124268,0.010474920272827148
28024,0.8267924785614014,0.8247188329696655,0.8716471195220947,False,Wreake at Syston Mill,0.00207364559173584,-0.04485464096069336
28026,0.799685001373291,0.7635908126831055,0.634297251701355,False,Anker at Polesworth,0.03609418869018555,0.16538774967193604
28031,0.826366126537323,0.767329216003418,0.8420473337173462,False,Manifold at Ilam,0.05903691053390503,-0.015681207180023193
28039,0.7208184003829956,0.415423035621643,0.6568460464477539,False,Rea at Calthorpe Park,0.3053953647613526,0.0639723539352417
28040,0.7892324328422546,0.6334701776504517,0.7463430762290955,False,Trent at Stoke-On-Trent,0.15576225519180298,0.04288935661315918
28043,0.8479262590408325,0.8120216131210327,0.873077929019928,False,Derwent at Chatsworth,0.035904645919799805,-0.02515166997909546
28046,0.848414957523346,0.6466180682182312,0.5509886741638184,False,Dove at Izaak Walton,0.20179688930511475,0.2974262833595276
28048,0.7849900722503662,0.7693317532539368,0.8443925380706787,False,Amber at Wingfield Park,0.015658318996429443,-0.0594024658203125
28050,0.7514420747756958,0.6630814075469971,0.7519015073776245,False,Torne at Auckley,0.08836066722869873,-0.00045943260192871094
28052,0.7686808109283447,0.766804039478302,0.6052075624465942,False,Sow at Great Bridgeford,0.0018767714500427246,0.1634732484817505
28067,0.8598531484603882,0.8556410670280457,0.8922252058982849,False,Derwent at Church Wilne,0.004212081432342529,-0.03237205743789673
28080,0.7912848591804504,0.1869232058525085,0.22081667184829712,False,Tame at Lea Marston Lakes,0.6043616533279419,0.5704681873321533
28082,0.8653265237808228,0.8633043169975281,0.9098793268203735,False,Soar at Littlethorpe,0.0020222067832946777,-0.04455280303955078
28085,0.905135989189148,0.9055098295211792,0.9273350238800049,False,Derwent at St Mary's Bridge,-0.00037384033203125,-0.022199034690856934
29002,0.6888939142227173,0.6582069993019104,0.6822682619094849,True,Great Eau at Claythorpe Mill,0.030686914920806885,0.006625652313232422
29003,0.7064652442932129,0.6909641027450562,0.6490696668624878,True,Lud at Louth,0.015501141548156738,0.0573955774307251
29005,0.3064011335372925,0.2235973477363586,0.29330527782440186,False,Rase at Bishopbridge,0.0828037858009339,0.013095855712890625
30001,0.8384559750556946,0.8086341023445129,0.8617419004440308,False,Witham at Claypole Mill,0.02982187271118164,-0.02328592538833618
30004,0.6556258797645569,0.5571422576904297,0.5222319960594177,False,Lymn at Partney Mill,0.0984836220741272,0.13339388370513916
30005,0.7766292095184326,0.7696043848991394,0.7773969173431396,True,Witham at Saltersford Total,0.007024824619293213,-0.0007677078247070312
30011,0.7962015867233276,0.8066504597663879,0.8641259670257568,False,Bain at Goulceby Bridge,-0.010448873043060303,-0.0679243803024292
30012,0.7557295560836792,0.7609509825706482,0.7805572748184204,False,Stainfield Beck at Cream Poke Farm,-0.005221426486968994,-0.02482771873474121
30014,0.7501037120819092,0.7290824055671692,0.7779691815376282,False,Pointon Lode at Pointon,0.02102130651473999,-0.027865469455718994
31002,0.7052291631698608,0.3742843270301819,0.48568880558013916,False,Glen at Kates Br & King St Br,0.33094483613967896,0.21954035758972168
31006,-0.2769409418106079,-1.922537326812744,-2.253627061843872,False,Gwash at Belmesthorpe,1.645596385002136,1.9766861200332642
31010,0.7444839477539062,0.5986796617507935,0.6713483929634094,False,Chater at Fosters Bridge,0.1458042860031128,0.07313555479049683
31021,0.7824755907058716,0.7865327596664429,0.8392952680587769,False,Welland at Ashley,-0.004057168960571289,-0.05681967735290527
31023,0.6378710865974426,0.486157476902008,0.449036180973053,False,West Glen at Easton Wood,0.15171360969543463,0.18883490562438965
32003,0.7240424752235413,0.6984940767288208,0.7606992721557617,False,Harpers Brook at Old Mill Bridge,0.02554839849472046,-0.03665679693222046
32004,0.8115738034248352,0.7912139296531677,0.8642247915267944,False,Ise Brook at Harrowden,0.02035987377166748,-0.05265098810195923
32006,0.8484240174293518,0.7936093807220459,0.8023924827575684,False,Nene/Kislingbury at Upton Total,0.05481463670730591,0.04603153467178345
32008,0.8663110136985779,0.8598974943161011,0.9204238057136536,False,Nene/Kislingbury at Dodford,0.006413519382476807,-0.054112792015075684
33006,0.550249457359314,0.4147167801856994,0.5217338800430298,False,Wissey at Northwold Total,0.13553267717361456,0.02851557731628418
33007,0.7580540776252747,0.4768874049186706,0.6814940571784973,False,Nar at Marham,0.28116667270660406,0.07656002044677734
33012,0.7924656867980957,0.7521377801895142,0.7235327959060669,False,Kym at Meagre Farm,0.04032790660858154,0.06893289089202881
33013,0.3194342851638794,0.0180934071540832,0.4762251377105713,False,Sapiston at Rectory Bridge,0.3013408780097962,-0.1567908525466919
33014,0.7951651811599731,0.7560969591140747,0.7800382971763611,False,Lark at Temple,0.03906822204589844,0.01512688398361206
33018,0.8277930021286011,0.8346025943756104,0.8927790522575378,False,Tove at Cappenham Bridge,-0.006809592247009277,-0.06498605012893677
33019,0.7051686644554138,0.6091691255569458,0.7880716323852539,False,Thet at Melford Bridge,0.09599953889846802,-0.08290296792984009
33021,0.7079434394836426,0.6107228398323059,0.738431453704834,True,Rhee at Burnt Mill,0.09722059965133667,-0.030488014221191406
33022,0.8441079258918762,0.832583487033844,0.8496516346931458,False,Ivel at Blunham,0.011524438858032227,-0.005543708801269531
33023,0.2421978712081909,-2.2195611000061035,-3.251098155975342,False,Lea Brook at Beck Bridge,2.4617589712142944,3.4932960271835327
33024,0.609374463558197,0.4189236760139465,0.600426971912384,False,Cam at Dernford,0.19045078754425054,0.008947491645812988
33026,0.7915940284729004,0.767188310623169,0.8896535634994507,False,Bedford Ouse at Offord,0.024405717849731445,-0.09805953502655029
33028,0.7836199402809143,0.3955049514770508,0.7313581705093384,False,Flit at Shefford,0.3881149888038635,0.05226176977157593
33029,0.7686913013458252,0.6786121129989624,0.6921277046203613,True,Stringside at Whitebridge,0.09007918834686279,0.07656359672546387
33031,0.6091389656066895,0.5861968994140625,0.7058837413787842,False,Broughton Brook at Broughton,0.022942066192626953,-0.09674477577209473
33032,0.2108997106552124,-0.7515387535095215,-0.8098107576370239,False,Heacham at Heacham,0.9624384641647339,1.0207104682922363
33033,0.687096118927002,0.698856770992279,0.7158633470535278,False,Hiz at Arlesey,-0.0117606520652771,-0.02876722812652588
33034,0.6903283596038818,0.6784708499908447,0.7220063209533691,False,Little Ouse at Abbey Heath,0.01185750961303711,-0.031677961349487305
33035,0.7788534164428711,0.7742369174957275,0.7161685228347778,False,Ely Ouse at Denver Complex,0.004616498947143555,0.06268489360809326
33039,0.7015807628631592,0.6385424137115479,0.674241840839386,False,Bedford Ouse at Roxton,0.06303834915161133,0.027338922023773193
33053,0.5626929998397827,-0.1054954528808593,-0.13862121105194092,False,Granta at Stapleford,0.668188452720642,0.7013142108917236
34002,0.7910326719284058,0.680522084236145,0.8684207201004028,False,Tas at Shotesham,0.11051058769226074,-0.07738804817199707
34003,0.4570844173431396,0.0551573634147644,0.5320092439651489,False,Bure at Ingworth,0.4019270539283752,-0.07492482662200933
34004,0.4801056385040283,0.2730498909950256,0.3021737337112427,False,Wensum at Costessey Mill,0.20705574750900274,0.17793190479278564
34005,0.5686324238777161,0.3342556357383728,0.7429730892181396,False,Tud at Costessey Park,0.23437678813934326,-0.17434066534042358
34006,0.7734735608100891,0.767951488494873,0.8619827628135681,False,Waveney at Needham Mill,0.0055220723152160645,-0.088509202003479
34007,0.7029913067817688,0.6826214790344238,0.8133739829063416,False,Dove at Oakley Park,0.02036982774734497,-0.11038267612457275
34008,-0.8810106515884399,-2.2337725162506104,-1.609090805053711,False,Ant at Honing Lock,1.3527618646621704,0.728080153465271
34010,0.6168071031570435,0.575508713722229,0.5109003782272339,False,Waveney at Billingford Bridge,0.04129838943481445,0.10590672492980957
34011,-0.1943757534027099,-1.2349200248718262,0.43425947427749634,False,Wensum at Fakenham,1.0405442714691162,-0.6286352276802063
34012,-1.3927695751190186,-8.038351058959961,-3.9910240173339844,False,Burn at Burnham Overy,6.645581483840942,2.598254442214966
35003,0.4836846590042114,0.4427803158760071,0.544833779335022,False,Alde at Farnham,0.040904343128204346,-0.06114912033081055
35008,0.8175605535507202,0.8176789879798889,0.9066076278686523,False,Gipping at Stowmarket,-0.00011843442916870117,-0.08904707431793213
36003,0.7489699125289917,0.6926265358924866,0.7726784944534302,False,Box at Polstead,0.05634337663650513,-0.023708581924438477
36006,0.6091916561126709,0.565807580947876,0.583350658416748,False,Stour at Langham,0.04338407516479492,0.02584099769592285
36009,0.7481012344360352,0.7084413170814514,0.7996640205383301,False,Brett at Cockfield,0.03965991735458374,-0.05156278610229492
36010,0.7253429889678955,0.7120170593261719,0.8406785130500793,False,Bumpstead Brook at Broad Green,0.013325929641723633,-0.11533552408218384
36011,0.7683448791503906,0.6992751359939575,0.8471269011497498,False,Stour Brook at Sturmer,0.0690697431564331,-0.07878202199935913
36012,0.5970938205718994,0.469496488571167,0.5324442386627197,False,Stour at Kedington,0.12759733200073242,0.06464958190917969
37001,0.8005572557449341,0.7406450510025024,0.5798900723457336,False,Roding at Redbridge,0.05991220474243164,0.22066718339920044
37003,0.6478902101516724,0.6206684112548828,0.7389049530029297,False,Ter at Crabbs Bridge,0.02722179889678955,-0.09101474285125732
37005,0.7927951812744141,0.7503229379653931,0.8929776549339294,False,Colne at Lexden,0.042472243309020996,-0.10018247365951538
37008,0.779721200466156,0.7837687730789185,0.7883000373840332,False,Chelmer at Springfield,-0.004047572612762451,-0.008578836917877197
37009,0.7914565205574036,0.7133548855781555,0.8096507787704468,False,Brain at Guithavon Valley,0.07810163497924805,-0.018194258213043213
37010,0.7216789722442627,0.70350581407547,0.739769458770752,False,Blackwater at Appleford Bridge,0.018173158168792725,-0.018090486526489258
37011,0.8192087411880493,0.8159329891204834,0.8506193161010742,False,Chelmer at Churchend,0.003275752067565918,-0.0314105749130249
37018,0.6700857281684875,0.6420911550521851,0.7492607831954956,False,Ingrebourne at Gaynes Park,0.02799457311630249,-0.07917505502700806
37019,0.712708592414856,0.6785725355148315,0.8025311231613159,False,Beam at Bretons Farm,0.034136056900024414,-0.08982253074645996
37020,0.7413135170936584,0.7395468950271606,0.8750225305557251,False,Chelmer at Felsted,0.0017666220664978027,-0.13370901346206665
38001,0.7317596077919006,0.3933497071266174,0.5061300992965698,False,Lee at Feildes Weir,0.33840990066528326,0.2256295084953308
38003,-0.0730111598968505,-0.091612696647644,-0.6354809999465942,False,Mimram at Panshanger Park,0.0186015367507935,0.5624698400497438
38007,0.7916401028633118,0.7409088611602783,0.6031976938247681,False,Canons Brook at Elizabeth Way,0.05073124170303345,0.1884424090385437
38014,0.7744259834289551,0.7551541328430176,0.8724590539932251,False,Salmon Brook at Edmonton,0.0192718505859375,-0.09803307056427002
38017,-2.6224586963653564,-6.749467372894287,-14.231438636779785,False,Mimram at Whitwell,4.127008676528931,11.608979940414429
38018,0.759274423122406,0.6277939081192017,0.6989119052886963,False,Upper Lee at Water Hall,0.13148051500320435,0.06036251783370972
38021,0.7970314025878906,0.7588487267494202,0.8503751158714294,False,Turkey Brook at Albany Park,0.03818267583847046,-0.05334371328353882
39001,0.8843239545822144,0.7835559248924255,0.4471450448036194,False,Thames at Kingston,0.10076802968978882,0.43717890977859497
39006,0.8758761882781982,0.8362486958503723,0.8878540992736816,True,Windrush at Newbridge,0.03962749242782593,-0.011977910995483398
39007,0.8183517456054688,0.791057825088501,0.7886455655097961,False,Blackwater at Swallowfield,0.027293920516967773,0.029706180095672607
39010,-0.0683232545852661,-1.145812749862671,-0.18489396572113037,False,Colne at Denham,1.0774894952774048,0.11657071113586427
39011,0.7670355439186096,0.6821364164352417,0.7066614627838135,False,Wey at Tilford,0.08489912748336792,0.06037408113479614
39012,0.6095150709152222,-0.6629558801651001,-0.6120721101760864,False,Hogsmill at Kingston upon Thames,1.2724709510803223,1.2215871810913086
39014,-1.6287968158721924,-9.580540657043455,-3.2790164947509766,False,Ver at Hansteads,7.951743841171263,1.6502196788787842
39016,0.6758105754852295,0.6558731198310852,0.7015710473060608,False,Kennet at Theale,0.019937455654144287,-0.0257604718208313
39020,0.8714622855186462,0.7108010053634644,0.7895448207855225,True,Coln at Bibury,0.16066128015518188,0.08191746473312378
39021,0.4291628003120422,0.2389741539955139,0.7530277967453003,False,Cherwell at Enslow Mill,0.1901886463165283,-0.3238649964332581
39022,0.8593500852584839,0.4147080779075622,0.48576945066452026,False,Loddon at Sheepbridge,0.4446420073509217,0.3735806345939636
39023,-2.3271076679229736,-4.570725917816162,-2.34182071685791,False,Wye at Bourne End Hedsor,2.2436182498931885,0.014713048934936523
39025,0.8814305067062378,0.8319385647773743,0.7835906147956848,False,Enborne at Brimpton,0.049491941928863525,0.09783989191055298
39027,0.1721870303153991,-3.1718978881835938,-1.0677988529205322,False,Pang at Pangbourne,3.344084918498993,1.2399858832359314
39028,0.3498684763908386,-0.2380256652832031,-0.7771992683410645,False,Dun at Hungerford,0.5878941416740417,1.127067744731903
39029,0.1426982283592224,-0.5516788959503174,-0.5217260122299194,False,Tilling Bourne at Shalford,0.6943771243095398,0.6644242405891418
39034,0.8260312080383301,0.7603408098220825,0.8661724328994751,False,Evenlode at Cassington Mill,0.06569039821624756,-0.04014122486114502
39035,0.5222203731536865,0.2929614782333374,0.3032578229904175,True,Churn at Cerney Wick,0.22925889492034912,0.21896255016326904
39036,-5.886982440948486,-22.640941619873047,-31.826190948486328,False,Law Brook at Albury,16.75395917892456,25.939208507537842
39037,0.7237714529037476,0.3491142988204956,0.5618680715560913,True,Kennet at Marlborough,0.37465715408325195,0.16190338134765625
39042,0.7545129060745239,0.6631898880004883,0.7195067405700684,True,Leach at Priory Mill Lechlade,0.09132301807403564,0.035006165504455566
39052,0.8315863609313965,0.8313088417053223,0.8068352937698364,False,The Cut at Binfield,0.00027751922607421875,0.02475106716156006
39061,0.6746384501457214,-0.3119874000549316,-0.36998820304870605,True,Letcombe Brook at Letcombe Bassett,0.9866258502006531,1.0446266531944275
39081,0.7713233828544617,0.7482501268386841,0.8160291314125061,False,Ock at Abingdon,0.023073256015777588,-0.044705748558044434
40003,0.8688396215438843,0.8745103478431702,0.8956713676452637,False,Medway at Teston / East Farleigh,-0.005670726299285889,-0.026831746101379395
40004,0.8344350457191467,0.8249536156654358,0.7767228484153748,False,Rother at Udiam,0.009481430053710938,0.05771219730377197
40005,0.8641951084136963,0.8628706336021423,0.8673964738845825,False,Beult at Stilebridge,0.001324474811553955,-0.0032013654708862305
40007,0.86278235912323,0.8645092844963074,0.9247349500656128,False,Medway at Chafford / Colliers Land Bridge,-0.0017269253730773926,-0.06195259094238281
40009,0.787695586681366,0.7044267654418945,0.6753647923469543,False,Teise at Stonebridge,0.08326882123947144,0.11233079433441162
40010,0.8712265491485596,0.8592676520347595,0.7563568353652954,False,Eden at Penshurst / Vexour Bridge,0.011958897113800049,0.11486971378326416
40011,0.8717232346534729,0.7737337350845337,0.8107144832611084,False,Great Stour at Horton,0.09798949956893921,0.0610087513923645
40012,0.7041497230529785,0.4473863244056701,0.215898334980011,False,Darent at Hawley,0.2567633986473084,0.48825138807296753
40013,0.6234043836593628,0.585357666015625,0.584800124168396,False,Darent at Otford,0.03804671764373779,0.0386042594909668
40016,0.3740918636322021,-5.753954887390137,-5.494312286376953,False,Cray at Crayford,6.128046751022339,5.868404150009155
40018,0.789972722530365,0.7736538052558899,0.5667957067489624,False,Darent at Lullingstone,0.016318917274475098,0.2231770157814026
41001,0.4836179614067077,0.4048187136650085,0.4701986312866211,False,Nunningham Stream at Tilley Bridge,0.07879924774169922,0.013419330120086614
41003,0.7902984619140625,0.8325966000556946,0.8542547821998596,False,Cuckmere at Sherman Bridge,-0.04229813814163208,-0.06395632028579712
41005,0.867798388004303,0.8414217233657837,0.818434476852417,False,Ouse at Gold Bridge,0.026376664638519287,0.049363911151885986
41006,0.6921697854995728,0.6281237006187439,0.7701448202133179,False,Uck at Isfield,0.06404608488082886,-0.07797503471374512
41011,0.8124518394470215,0.748974084854126,0.7705774307250977,False,Rother at Iping Mill,0.06347775459289551,0.04187440872192383
41012,0.7518541812896729,0.6712390780448914,0.7645222544670105,False,Adur E Branch at Sakeham,0.0806151032447815,-0.012668073177337646
41013,0.7840969562530518,0.7784751653671265,0.772846519947052,False,Huggletts Stream at Henley Bridge,0.005621790885925293,0.011250436305999756
41014,0.842427670955658,0.8126522898674011,0.8395504951477051,False,Arun at Pallingham,0.029775381088256836,0.002877175807952881
41016,0.7889020442962646,0.7560984492301941,0.8824794888496399,False,Cuckmere at Cowbeech,0.03280359506607056,-0.09357744455337524
41019,0.8465064764022827,0.830738365650177,0.8726745843887329,False,Arun at Alfoldean,0.015768110752105713,-0.026168107986450195
41020,0.7934874296188354,0.7783204317092896,0.8539335131645203,False,Bevern Stream at Clappers Bridge,0.015166997909545898,-0.060446083545684814
41022,0.8511868715286255,0.8306125402450562,0.875775933265686,False,Lod at Halfway Bridge,0.020574331283569336,-0.024589061737060547
41023,0.5916328430175781,-0.6150274276733398,-0.6385172605514526,True,Lavant at Graylingwell,1.206660270690918,1.2301501035690308
41025,0.8594513535499573,0.7500246167182922,0.796977162361145,False,Loxwood Stream at Drungewick,0.10942673683166504,0.062474191188812256
41027,0.7044516801834106,0.635826587677002,0.7212778925895691,False,Rother at Princes Marsh,0.06862509250640869,-0.016826212406158447
41028,0.7595125436782837,0.746355414390564,0.763578474521637,False,Chess Stream at Chess Bridge,0.013157129287719727,-0.0040659308433532715
42001,0.695366621017456,0.2730212211608886,0.4892469644546509,False,Wallington at North Fareham,0.42234539985656744,0.20611965656280518
42003,0.7984012961387634,0.7985122799873352,0.5585861802101135,False,Lymington at Brockenhurst,-0.00011098384857177734,0.2398151159286499
42004,0.6171427369117737,0.3390452265739441,0.26844143867492676,True,Test at Broadlands,0.2780975103378296,0.3487012982368469
42006,0.8464736938476562,0.7702828645706177,0.670876145362854,True,Meon at Mislingford,0.07619082927703857,0.17559754848480225
42008,0.7281112670898438,0.2776873707771301,0.14152377843856812,True,Cheriton Stream at Sewards Bridge,0.4504238963127136,0.5865874886512756
42010,0.7282804250717163,-0.5366177558898926,-0.027967095375061035,True,Itchen at Highbridge & Allbrook Total,1.2648981809616089,0.7562475204467773
42011,0.7425872087478638,0.6978948712348938,0.660478949546814,False,Hamble at Frogmill,0.04469233751296997,0.0821082592010498
43005,0.8689432144165039,0.7989179491996765,0.8476202487945557,True,Avon at Amesbury,0.07002526521682739,0.021322965621948242
43006,0.8756178021430969,0.7586784362792969,0.6848061084747314,False,Nadder at Wilton,0.11693936586380005,0.19081169366836548
43007,0.8454039692878723,0.8011411428451538,0.8047850728034973,False,Stour at Throop,0.044262826442718506,0.040618896484375
43008,0.7514561414718628,0.4411300420761108,0.20259076356887817,True,Wylye at South Newton,0.310326099395752,0.5488653779029846
43009,0.8937053084373474,0.8769587278366089,0.7516292333602905,False,Stour at Hammoon,0.016746580600738525,0.14207607507705688
43014,0.6686202883720398,0.6536498069763184,0.6073133945465088,False,East Avon at Upavon East,0.014970481395721436,0.061306893825531006
43017,0.7822933197021484,0.7057449221611023,0.7295742034912109,True,West Avon at Upavon West,0.07654839754104614,0.0527191162109375
44001,0.7267681360244751,0.5164259672164917,0.8247445821762085,False,Frome at East Stoke Total,0.2103421688079834,-0.0979764461517334
44002,0.825424075126648,0.775812566280365,0.8030794858932495,False,Piddle at Baggs Mill,0.04961150884628296,0.022344589233398438
44006,0.6942940950393677,-0.2074983119964599,-0.22281217575073242,True,Sydling Water at Sydling St Nicholas,0.9017924070358276,0.9171062707901001
45001,0.92067551612854,0.9112221002578736,0.8582244515419006,False,Exe at Thorverton,0.009453415870666393,0.062451064586639404
45003,0.8284134864807129,0.8255877494812012,0.8642258644104004,False,Culm at Woodmill,0.0028257369995117188,-0.0358123779296875
45004,0.7908157110214233,0.7582165598869324,0.8576937913894653,False,Axe at Whitford,0.03259915113449097,-0.06687808036804199
45005,0.8037458658218384,0.7461588382720947,0.8494053483009338,False,Otter at Dotton,0.05758702754974365,-0.04565948247909546
45009,0.9135140776634216,0.9036667943000792,0.8810523152351379,False,Exe at Pixton,0.009847283363342396,0.03246176242828369
45012,0.8255530595779419,0.7602683901786804,0.8363851308822632,False,Creedy at Cowley,0.06528466939926147,-0.010832071304321289
46003,0.8737963438034058,0.8621180057525635,0.9530035257339478,False,Dart at Austins Bridge,0.011678338050842285,-0.07920718193054199
46005,0.8045049905776978,0.7268698215484619,0.8327013850212097,False,East Dart at Bellever,0.07763516902923584,-0.028196394443511963
47001,0.928232967853546,0.9302693009376526,0.9431016445159912,False,Tamar at Gunnislake,-0.0020363330841065563,-0.01486867666244518
47004,0.9219262599945068,0.8864524960517883,0.9300246238708496,False,Lynher at Pillaton Mill,0.035473763942718506,-0.008098363876342773
47008,0.8358027935028076,0.7446365356445312,0.8561493754386902,False,Thrushel at Tinhay,0.09116625785827637,-0.02034658193588257
47009,0.9363503456115724,0.8881470561027527,0.913439929485321,False,Tiddy at Tideford,0.04820328950881969,0.02291041612625133
48004,0.8940241932868958,0.4205426573753357,0.28448599576950073,False,Warleggan at Trengoffe,0.47348153591156006,0.609538197517395
48005,0.9068745374679564,0.8678146600723267,0.8558664917945862,False,Kenwyn at Truro,0.03905987739562977,0.05100804567337025
48011,0.9056174159049988,0.8450630903244019,0.8879299163818359,False,Fowey at Restormel,0.060554325580596924,0.017687499523162842
49002,0.8784254193305969,0.7963422536849976,0.821074366569519,False,Hayle at St Erth,0.08208316564559937,0.05735105276107788
49004,0.8769983649253845,0.8883362412452698,0.9092910289764404,False,Gannel at Gwills,-0.011337876319885254,-0.03229266405105591
50001,0.9269872307777404,0.9247796535491944,0.958896815776825,False,Taw at Umberleigh,0.0022075772285459205,-0.031909584999084584
50002,0.8914532661437988,0.8712881803512573,0.926895260810852,False,Torridge at Torrington,0.020165085792541504,-0.03544199466705322
50006,0.9222936034202576,0.9191279411315918,0.9163214564323425,False,Mole at Woodleigh,0.0031656622886657715,0.005972146987915039
51001,0.8755161166191101,0.8543499708175659,0.8705762624740601,False,Doniford Stream at Swill Bridge,0.02116614580154419,0.004939854145050049
52004,0.8434159755706787,0.8233151435852051,0.8732925653457642,False,Isle at Ashford Mill,0.020100831985473633,-0.02987658977508545
52005,0.8854643702507019,0.8446294069290161,0.9261513352394104,False,Tone at Bishops Hull,0.04083496332168579,-0.040686964988708496
52006,0.8535947799682617,0.8328548669815063,0.9053348898887634,False,Yeo at Pen Mill,0.02073991298675537,-0.05174010992050171
52007,0.8179678320884705,0.7856568098068237,0.841905415058136,False,Parrett at Chiselborough,0.03231102228164673,-0.023937582969665527
52009,0.870735228061676,0.7851796746253967,0.8096061944961548,False,Sheppey at Fenny Castle,0.0855555534362793,0.06112903356552124
52010,0.810822606086731,0.7819876670837402,0.8207371234893799,False,Brue at Lovington,0.028834939002990723,-0.009914517402648926
52011,0.8425783514976501,0.8368865251541138,0.815563440322876,False,Cary at Somerton,0.005691826343536377,0.02701491117477417
52016,0.8535667061805725,0.8368222713470459,0.8430930376052856,False,Currypool Stream at Currypool Farm,0.01674443483352661,0.010473668575286865
53005,0.8911216259002686,0.8676726818084717,0.9279581308364868,False,Midford Brook at Midford,0.023448944091796875,-0.03683650493621826
53006,0.9016728401184082,0.8884468674659729,0.917178213596344,False,Frome (Bristol) at Frenchay,0.013225972652435303,-0.015505373477935791
53007,0.8880958557128906,0.8916679620742798,0.9295274615287781,False,Frome (Somerset) at Tellisford,-0.00357210636138916,-0.04143160581588745
53008,0.8589577078819275,0.8067442178726196,0.821639358997345,True,Avon at Great Somerford,0.05221349000930786,0.03731834888458252
53009,0.9156351685523988,0.787304162979126,0.8255749940872192,False,Wellow Brook at Wellow,0.12833100557327282,0.09006017446517955
53013,0.8537870049476624,0.7481115460395813,0.784006655216217,False,Marden at Stanley,0.10567545890808105,0.06978034973144531
53018,0.9156272411346436,0.8689432144165039,0.9125884771347046,False,Avon at Bathford,0.04668402671813965,0.003038763999938965
54001,0.8248575925827026,0.8072123527526855,0.6776862144470215,False,Severn at Bewdley,0.01764523983001709,0.14717137813568115
54002,0.8736171126365662,0.8516998291015625,0.8700204491615295,False,Avon at Evesham,0.021917283535003662,0.003596663475036621
54003,0.7010253667831421,0.2271396517753601,0.45022088289260864,False,Vyrnwy at Vyrnwy Reservoir,0.473885715007782,0.25080448389053345
54004,0.8246181011199951,0.7369776964187622,0.5363495349884033,False,Sowe at Stoneleigh,0.08764040470123291,0.2882685661315918
54005,0.8767181634902954,0.8309682011604309,0.7858517169952393,False,Severn at Montford,0.0457499623298645,0.09086644649505615
54007,0.6684333086013794,0.6177929639816284,0.7459326982498169,False,Arrow at Broom,0.05064034461975098,-0.0774993896484375
54008,0.9157798886299132,0.9096046090126038,0.9474988579750061,False,Teme at Tenbury,0.006175279617309459,-0.031718969345092884
54012,0.7960721254348755,0.640354335308075,0.8094274997711182,False,Tern at Walcot,0.15571779012680054,-0.013355374336242676
54015,0.5295689105987549,0.4907371401786804,0.5667636394500732,False,Bow Brook at Besford Bridge,0.03883177042007446,-0.03719472885131836
54017,0.7716559171676636,0.8058504462242126,0.6894147396087646,False,Leadon at Wedderburn Bridge,-0.03419452905654907,0.08224117755889893
54018,0.8696027398109436,0.8560714721679688,0.8181158304214478,False,Rea Brook at Hookagate,0.013531267642974854,0.05148690938949585
54019,0.7197312116622925,0.7037382125854492,0.7350724935531616,False,Avon at Stareton,0.01599299907684326,-0.01534128189086914
54020,0.8497904539108276,0.7881707549095154,0.8858522176742554,False,Perry at Yeaton,0.061619699001312256,-0.036061763763427734
54024,0.6340144276618958,-0.0836679935455322,0.4593178629875183,False,Worfe at Burcote,0.717682421207428,0.17469656467437744
54025,0.9121220707893372,0.8914301991462708,0.9076842069625854,False,Dulas at Rhos-y-pentref,0.020691871643066406,0.004437863826751709
54027,0.8587455749511719,0.777892529964447,0.7982920408248901,True,Frome at Ebley Mill,0.08085304498672485,0.06045353412628174
54028,0.9031040668487548,0.8997774720191956,0.8780763149261475,False,Vyrnwy at Llanymynech,0.003326594829559215,0.02502775192260731
54029,0.9121102690696716,0.913178324699402,0.859917402267456,False,Teme at Knightsford Bridge,-0.0010680556297303356,0.052192866802215576
54032,0.8405476212501526,0.8317870497703552,0.874081015586853,False,Severn at Saxons Lode,0.008760571479797363,-0.03353339433670044
54034,0.5988271236419678,0.5998584628105164,0.5963179469108582,False,Dowles Brook at Oak Cottage,-0.001031339168548584,0.002509176731109619
54036,0.7794007658958435,0.7658544778823853,0.8457797765731812,False,Isbourne at Hinton on the Green,0.013546288013458252,-0.06637901067733765
54044,0.7701647281646729,0.6444971561431885,0.06393837928771973,False,Tern at Ternhill,0.12566757202148438,0.7062263488769531
54052,0.836926281452179,0.8421381711959839,0.7336806654930115,False,Bailey Brook at Ternhill,-0.005211889743804932,0.10324561595916748
54057,0.8244200944900513,0.7884625196456909,0.8457383513450623,False,Severn at Haw Bridge,0.03595757484436035,-0.021318256855010986
55002,0.9055681228637696,0.8872610926628113,0.8523567914962769,False,Wye at Belmont,0.018307030200958363,0.05321133136749279
55007,0.9043592214584352,0.8827125430107117,0.8968824148178101,False,Wye at Erwood,0.0216466784477235,0.007476806640625111
55008,0.8240796327590942,0.759472131729126,0.7704216241836548,False,Wye at Cefn Brwyn,0.06460750102996826,0.05365800857543945
55013,0.9152023792266846,0.9098038077354432,0.9228546023368835,False,Arrow at Titley Mill,0.005398571491241344,-0.007652223110198975
55014,0.86775141954422,0.8683961033821106,0.9037150740623474,False,Lugg at Byton,-0.000644683837890625,-0.03596365451812744
55016,0.8712010383605957,0.8094443082809448,0.8865087628364563,False,Ithon at Disserth,0.06175673007965088,-0.015307724475860596
55018,0.8136823177337646,0.8020244836807251,0.753463864326477,False,Frome at Yarkhill,0.01165783405303955,0.0602184534072876
55021,0.9226942658424376,0.8881086111068726,0.9420078992843628,False,Lugg at Butts Bridge,0.034585654735565075,-0.01931363344192516
55023,0.886847198009491,0.8592609167098999,0.8725387454032898,False,Wye at Redbrook,0.027586281299591064,0.014308452606201172
55025,0.8604699373245239,0.8508411645889282,0.8835885524749756,False,Llynfi at Three Cocks,0.009628772735595703,-0.02311861515045166
55026,0.8767601847648621,0.8401479721069336,0.8487142324447632,False,Wye at Ddol Farm,0.03661221265792847,0.028045952320098877
55029,0.826131284236908,0.8197141289710999,0.7577190399169922,False,Monnow at Grosmont,0.0064171552658081055,0.06841224431991577
55032,0.7241290807723999,0.5839185118675232,0.6249475479125977,False,Elan at Caban Dam,0.1402105689048767,0.09918153285980225
56001,0.8980643153190613,0.8933234810829163,0.8944053053855896,False,Usk at Chainbridge,0.0047408342361450195,0.0036590099334716797
56007,0.8874354958534241,0.8642938733100891,0.9348189830780029,False,Senni at Pont-Hen-Hafod,0.02314162254333496,-0.04738348722457886
56013,0.9075112342834472,0.9034159779548644,0.9261614084243774,False,Yscir at Pont-Ar-Yscir,0.004095256328582764,-0.018650174140930287
57004,0.8640679121017456,0.8449705839157104,0.9508723616600037,False,Cynon at Abercynon,0.019097328186035156,-0.08680444955825806
57005,0.8670501112937927,0.8402127027511597,0.9647186994552612,False,Taff at Pontypridd,0.026837408542633057,-0.0976685881614685
57006,0.852137565612793,0.8059722781181335,0.8734427690505981,False,Rhondda at Trehafod,0.046165287494659424,-0.021305203437805176
57007,0.8067915439605713,0.8560165166854858,0.9270972013473511,False,Taff at Fiddlers Elbow,-0.04922497272491455,-0.12030565738677979
57008,0.9055514931678772,0.9053196310997008,0.9468573331832886,False,Rhymney at Llanedeyrn,0.00023186206817638055,-0.04130584001541138
58001,0.8731688857078552,0.8928554058074951,0.9596033692359924,False,Ogmore at Bridgend,-0.019686520099639893,-0.08643448352813721
58006,0.844366192817688,0.8646531105041504,0.9164199233055115,False,Mellte at Pontneddfechan,-0.020286917686462402,-0.07205373048782349
58008,0.8602821826934814,0.7116916179656982,0.8610200881958008,False,Dulais at Cilfrew,0.1485905647277832,-0.0007379055023193359
58009,0.8968105912208557,0.8748818635940552,0.8645886182785034,False,Ewenny at Keepers Lodge,0.021928727626800537,0.032221972942352295
59001,0.8212346434593201,0.6944135427474976,0.8211115598678589,False,Tawe at Ynystanglws,0.1268211007118225,0.00012308359146118164
60002,0.8203429579734802,0.7729800939559937,0.887332558631897,False,Cothi at Felin Mynachdy,0.04736286401748657,-0.06698960065841675
60003,0.880090057849884,0.8612720966339111,0.9170844554901123,False,Taf at Clog-y-Fran,0.0188179612159729,-0.03699439764022827
60005,0.884088397026062,0.8725051879882812,0.907102644443512,False,Bran at Llandovery,0.011583209037780762,-0.02301424741744995
60006,0.8401867151260376,0.8128726482391357,0.8910681009292603,False,Gwili at Glangwili,0.027314066886901855,-0.050881385803222656
60010,0.8713697791099548,0.8824869394302368,0.9310293197631836,False,Tywi at Capel Dewi,-0.011117160320281982,-0.05965954065322876
61002,0.8719828724861145,0.8596735000610352,0.8779894113540649,False,Eastern Cleddau at Canaston Bridge,0.012309372425079346,-0.0060065388679504395
62001,0.8991459608078003,0.8843313455581665,0.8880371451377869,False,Teifi at Glanteifi,0.014814615249633789,0.011108815670013428
63001,0.8451834321022034,0.8333290815353394,0.9046462178230286,False,Ystwyth at Pont Llolwyn,0.011854350566864014,-0.059462785720825195
64002,0.7503530979156494,0.6891247034072876,0.43838250637054443,False,Dysynni at Pont-y-Garth,0.061228394508361816,0.311970591545105
65001,0.8090202808380127,0.7920160293579102,0.8773786425590515,False,Glaslyn at Beddgelert,0.01700425148010254,-0.06835836172103882
65005,0.7745087146759033,0.7600120306015015,0.8506965041160583,False,Erch at Pencaenewydd,0.014496684074401855,-0.07618778944015503
65008,0.7160475254058838,0.6148261427879333,0.6456223726272583,False,Peris at Nant Peris,0.10122138261795044,0.07042515277862549
66001,0.890921950340271,0.8850151896476746,0.9122278690338135,False,Clwyd at Pont-y-Cambwll,0.0059067606925964355,-0.02130591869354248
66004,0.6576253175735474,0.2144023776054382,-0.26028263568878174,False,Wheeler at Bodfari,0.44322293996810913,0.9179079532623291
66011,0.8275064826011658,0.5891847610473633,0.7091325521469116,False,Conwy at Cwmlanerch,0.2383217215538025,0.11837393045425415
67001,0.9025233387947084,0.1998275518417358,-0.12772917747497559,False,Dee at Bala,0.7026957869529725,1.0302525162696838
67006,0.879066526889801,0.8658043146133423,0.8745777606964111,False,Alwen at Druid,0.01326221227645874,0.004488766193389893
67008,0.851668119430542,0.6835288405418396,0.5452010035514832,False,Alyn at Pont-y-Capel,0.1681392788887024,0.30646711587905884
67015,0.918932318687439,0.86652672290802,0.8332626819610596,False,Dee at Manley Hall,0.052405595779418945,0.0856696367263794
67018,0.8604134321212769,0.7198883891105652,0.6834191679954529,False,Dee at New Inn,0.14052504301071167,0.17699426412582397
68001,0.8750832676887512,0.8557888269424438,0.764195442199707,False,Weaver at Ashbrook,0.019294440746307373,0.11088782548904419
68003,0.8325256705284119,0.8047972917556763,0.8915380835533142,False,Dane at Rudheath,0.027728378772735596,-0.059012413024902344
68004,0.8090075850486755,0.8022037744522095,0.8056559562683105,False,Wistaston Brook at Marshfield Bridge,0.0068038105964660645,0.0033516287803649902
68005,0.7533150315284729,0.7742915749549866,0.8351370692253113,False,Weaver at Audlem,-0.020976543426513672,-0.08182203769683838
69002,0.8554391860961914,0.8310407400131226,0.8950430750846863,False,Irwell at Adelphi Weir,0.024398446083068848,-0.03960388898849487
69015,0.8025972843170166,0.8037657737731934,0.8392893075942993,False,Etherow at Compstall,-0.0011684894561767578,-0.036692023277282715
69027,0.8572332262992859,0.7683439254760742,0.9030306935310364,False,Tame at Portwood,0.08888930082321167,-0.04579746723175049
71001,0.8831716179847717,0.8756871223449707,0.9185978770256042,False,Ribble at Samlesbury,0.007484495639801025,-0.03542625904083252
71004,0.8699405193328857,0.8608193397521973,0.9006807804107666,False,Calder at Whalley Weir,0.009121179580688477,-0.03074026107788086
71006,0.8880636096000671,0.8800792694091797,0.9509810209274292,False,Ribble at Henthorn,0.007984340190887451,-0.06291741132736206
72002,0.8340996503829956,0.8290356397628784,0.8984746932983398,False,Wyre at St Michaels,0.0050640106201171875,-0.06437504291534424
72004,0.8184083700180054,0.8108460307121277,0.8469031453132629,False,Lune at Caton,0.0075623393058776855,-0.02849477529525757
72005,0.8177982568740845,0.7800405621528625,0.8536527156829834,False,Lune at Killington,0.037757694721221924,-0.035854458808898926
73005,0.8309516906738281,0.8263218402862549,0.8869199156761169,False,Kent at Sedgwick,0.004629850387573242,-0.05596822500228882
73010,0.930673897266388,0.6234914064407349,0.5026926398277283,False,Leven at Newby Bridge,0.3071824908256532,0.4279812574386598
73011,0.8603062629699707,0.8601001501083374,0.9235010743141174,False,Mint at Mint Bridge,0.00020611286163330078,-0.06319481134414673
74001,0.8527896404266357,0.8230704069137573,0.8816521763801575,False,Duddon at Duddon Hall,0.029719233512878418,-0.02886253595352173
74006,0.8209583759307861,0.806063711643219,0.9035285115242004,False,Calder at Calder Hall,0.014894664287567139,-0.0825701355934143
75003,0.8872408866882324,0.7249975204467773,0.7763047218322754,False,Derwent at Ouse Bridge,0.16224336624145508,0.11093616485595703
75004,0.8834819197654724,0.7864277958869934,0.8713010549545288,False,Cocker at Southwaite Bridge,0.097054123878479,0.012180864810943604
76005,0.791375994682312,0.7879297137260437,0.7511209845542908,False,Eden at Temple Sowerby,0.0034462809562683105,0.04025501012802124
76007,0.9084781408309937,0.8670186400413513,0.8707334399223328,False,Eden at Sheepmount,0.041459500789642334,0.03774470090866089
76008,0.769978404045105,0.7325736284255981,0.779218852519989,False,Irthing at Greenholme,0.037404775619506836,-0.009240448474884033
76011,0.7786538004875183,0.6781921982765198,0.7268275022506714,False,Coal Burn at Coalburn,0.10046160221099854,0.051826298236846924
77002,0.8560283780097961,0.8544244766235352,0.9250293374061584,False,Esk at Canonbie,0.0016039013862609863,-0.0690009593963623
78003,0.9012569189071656,0.8808954954147339,0.9178642630577087,False,Annan at Brydekirk,0.02036142349243175,-0.016607344150543102
78004,0.8086646795272827,0.7054911255836487,0.7940362095832825,False,Kinnel Water at Redhall,0.10317355394363403,0.014628469944000244
79002,0.87787264585495,0.8714377880096436,0.9424244165420532,False,Nith at Friars Carse,0.0064348578453063965,-0.06455177068710327
79003,0.8252653479576111,0.7644965052604675,0.8638856410980225,False,Nith at Hall Bridge,0.060768842697143555,-0.03862029314041138
79004,0.8652769327163696,0.8231422901153564,0.9196484684944153,False,Scar Water at Capenoch,0.042134642601013184,-0.054371535778045654
79005,0.8598678112030029,0.8386884331703186,0.9220901727676392,False,Cluden Water at Fiddlers Ford,0.021179378032684326,-0.06222236156463623
79006,0.854588508605957,0.8457717895507812,0.9261147379875183,False,Nith at Drumlanrig,0.008816719055175781,-0.07152622938156128
80001,0.8561720848083496,0.8514761328697205,0.9225324392318726,False,Urr at Dalbeattie,0.00469595193862915,-0.06636035442352295
81003,0.8198868036270142,0.739657998085022,0.7247897386550903,False,Luce at Airyhemming,0.08022880554199219,0.09509706497192383
82001,0.8504511713981628,0.8245185613632202,0.8421711921691895,False,Girvan at Robstone,0.025932610034942627,0.008279979228973389
82003,0.815949022769928,0.8291275501251221,0.9306415319442749,False,Stinchar at Balnowlart,-0.013178527355194092,-0.11469250917434692
83003,0.7845497131347656,0.7705826163291931,0.8869286179542542,False,Ayr at Catrine,0.01396709680557251,-0.10237890481948853
83004,0.8064320683479309,0.7937843799591064,0.8949549198150635,False,Lugar Water at Langholm,0.012647688388824463,-0.08852285146713257
84001,0.8855218291282654,0.8410826325416565,0.8920865654945374,False,Kelvin at Killermont,0.04443919658660889,-0.006564736366271973
84004,0.8785984516143799,0.8748689889907837,0.924826443195343,False,Clyde at Sills of Clyde,0.0037294626235961914,-0.046227991580963135
84005,0.8986324071884155,0.8858067989349365,0.9361194968223572,False,Clyde at Blairston,0.012825608253479004,-0.03748708963394165
84008,0.8246136903762817,0.8010255694389343,0.817986249923706,False,Rotten Calder Water at Redlees,0.023588120937347412,0.006627440452575684
84012,0.830905020236969,0.8438020348548889,0.8964143991470337,False,White Cart Water at Hawkhead,-0.012897014617919922,-0.0655093789100647
84013,0.9067590832710266,0.8987843990325928,0.9383261799812317,False,Clyde at Daldowie,0.007974684238433838,-0.03156709671020508
84014,0.8497427105903625,0.8441141843795776,0.9393418431282043,False,Avon Water at Fairholm,0.005628526210784912,-0.0895991325378418
84016,0.8217499256134033,0.753919780254364,0.8658109903335571,False,Luggie Water at Condorrat,0.0678301453590393,-0.04406106472015381
84017,0.8893805742263794,0.7447448968887329,0.7762974500656128,False,Black Cart Water at Milliken Park,0.14463567733764648,0.1130831241607666
84018,0.8804066181182861,0.8742136359214783,0.9352754950523376,False,Clyde at Tulliford Mill,0.006192982196807861,-0.054868876934051514
84019,0.8293809294700623,0.7950928211212158,0.8600285053253174,False,North Calder Water at Calderpark,0.034288108348846436,-0.030647575855255127
84020,0.8216063976287842,0.815720796585083,0.8734901547431946,False,Glazert Water at Milton of Campsie,0.005885601043701172,-0.0518837571144104
84022,0.803504228591919,0.7964928150177002,0.8627951741218567,False,Duneaton at Maidencots,0.00701141357421875,-0.059290945529937744
85001,0.8583964705467224,0.1922504901885986,0.2583165764808655,False,Leven at Linnbrane,0.6661459803581238,0.6000798940658569
85002,0.800796627998352,0.762069821357727,0.7003504633903503,False,Endrick Water at Gaidrew,0.038726806640625,0.10044616460800171
85003,0.8342089056968689,0.7637680768966675,0.8351565599441528,False,Falloch at Glen Falloch,0.07044082880020142,-0.0009476542472839355
94001,0.917868971824646,0.6375163197517395,0.5872594118118286,False,Ewe at Poolewe,0.2803526520729065,0.3306095600128174
97002,0.7452113032341003,0.5577762722969055,0.5638518929481506,False,Thurso at Halkirk,0.18743503093719482,0.1813594102859497
101002,0.7557876706123352,0.6855142116546631,0.7186383008956909,False,Medina at Shide,0.07027345895767212,0.03714936971664429
