gid,nse_gauged,nse_ung_raw,nse_ung_now,chalk,gauge_name,pen_raw,pen_now,nse_ung_sim,pen_sim
6007,0.8587746024131775,0.7925757765769958,0.8329797983169556,False,Ness at Ness-side,0.0661988258361816,0.0257948040962219,0.8345422148704529,0.02423238754272461
7001,0.6715590953826904,0.5760707855224609,0.692290186882019,False,Findhorn at Shenachie,0.0954883098602294,-0.0207310914993286,0.7086741924285889,-0.03711509704589844
7002,0.6846078634262085,0.6439996957778931,0.7404450178146362,False,Findhorn at Forres,0.0406081676483154,-0.0558371543884277,0.7512966394424438,-0.06668877601623535
7003,0.7578054666519165,0.6944131851196289,0.6500611305236816,False,Lossie at Sheriffmills,0.0633922815322876,0.1077443361282348,0.7236758470535278,0.03412961959838867
8004,0.6891534924507141,0.6743152141571045,0.8802034258842468,False,Avon at Delnashaugh,0.0148382782936096,-0.1910499334335327,0.8654676675796509,-0.17631417512893677
8005,0.7197362184524536,0.480595052242279,-0.0547093152999877,False,Spey at Boat of Garten,0.2391411662101746,0.7744455337524414,0.18269342184066772,0.5370427966117859
8006,0.7430554628372192,0.6239715814590454,0.6709942817687988,False,Spey at Boat o Brig,0.1190838813781738,0.0720611810684204,0.6801191568374634,0.06293630599975586
8009,0.6740823984146118,0.6280243396759033,0.7954310774803162,False,Dulnain at Balnaan Bridge,0.0460580587387084,-0.1213486790657043,0.7934908270835876,-0.11940842866897583
9002,0.7950109839439392,0.7908321022987366,0.8669039011001587,False,Deveron at Muiresk,0.0041788816452026,-0.0718929171562194,0.8675492405891418,-0.07253825664520264
9003,0.7898980975151062,0.7798327207565308,0.7901493310928345,False,Isla at Grange,0.0100653767585754,-0.0002512335777282,0.7769485712051392,0.012949526309967041
9005,0.6748462915420532,0.6148536205291748,0.8672089576721191,False,Allt Deveron at Cabrach,0.0599926710128784,-0.1923626661300659,0.8606386780738831,-0.18579238653182983
10002,0.7577994465827942,0.7396602630615234,0.7914060354232788,False,Ugie at Inverugie,0.0181391835212707,-0.0336065888404846,0.801115870475769,-0.043316423892974854
11001,0.8499066829681396,0.8126047849655151,0.895585298538208,False,Don at Parkhill,0.0373018980026245,-0.0456786155700683,0.8858527541160583,-0.0359460711479187
11003,0.7634883522987366,0.7387996912002563,0.8370840549468994,False,Don at Bridge of Alford,0.0246886610984802,-0.0735957026481628,0.8277204036712646,-0.06423205137252808
12001,0.7086609601974487,0.6710847616195679,0.7060627937316895,False,Dee at Woodend,0.0375761985778808,0.0025981664657592,0.6939090490341187,0.014751911163330078
12002,0.7700648903846741,0.7452560663223267,0.8101197481155396,False,Dee at Park,0.0248088240623474,-0.0400548577308654,0.7918785214424133,-0.021813631057739258
14001,0.904593288898468,0.9034273028373718,0.924991250038147,False,Eden at Kemback,0.0011659860610961,-0.0203979611396789,0.9179102778434753,-0.013316988945007324
14002,0.8538455963134766,0.8319088220596313,0.8729537725448608,False,Dighty Water at Balmossie Mill,0.0219367742538452,-0.0191081762313842,0.8631370067596436,-0.009291410446166992
15006,0.8819364309310913,0.8533650040626526,0.874679684638977,False,Tay at Ballathie,0.0285714268684387,0.0072567462921142,0.8878381252288818,-0.005901694297790527
15007,0.8923454284667969,0.7660565972328186,0.6829023957252502,False,Tay at Pitnacree,0.1262888312339782,0.2094430327415466,0.6742687225341797,0.2180767059326172
15010,0.8244328498840332,0.8254774212837219,0.8441087603569031,False,Isla at Wester Cardean,-0.0010445713996887,-0.0196759104728698,0.8437668085098267,-0.019333958625793457
15011,0.7129493951797485,0.4757475256919861,0.1815704107284546,False,Lyon at Comrie Bridge,0.2372018694877624,0.531378984451294,0.22189080715179443,0.4910585880279541
15012,0.8337042927742004,0.6228524446487427,0.7668648958206177,False,Tummel at Pitlochry,0.2108518481254577,0.0668393969535827,0.7838355898857117,0.04986870288848877
15013,0.7624183297157288,0.7157086730003357,0.7746527791023254,False,Almond at Almondbank,0.046709656715393,-0.0122344493865966,0.7746690511703491,-0.012250721454620361
16001,0.8808640241622925,0.8705970644950867,0.9297120571136476,False,Earn at Kinkell Bridge,0.0102669596672058,-0.0488480329513549,0.9247997999191284,-0.04393577575683594
16003,0.7989590167999268,0.6856751441955566,0.7612667679786682,False,Ruchill Water at Cultybraggan,0.1132838726043701,0.0376922488212585,0.7568882703781128,0.042070746421813965
16004,0.9019893407821656,0.8807141780853271,0.9274048805236816,False,Earn at Forteviot Bridge,0.0212751626968384,-0.025415539741516,0.9356973171234131,-0.03370797634124745
17001,0.8164653778076172,0.7816393375396729,0.8253592252731323,False,Carron at Headswood,0.0348260402679443,-0.0088938474655151,0.8263939619064331,-0.009928584098815918
17003,0.8048651218414307,0.7902584075927734,0.7744835615158081,False,Bonny Water at Bonnybridge,0.0146067142486572,0.0303815603256225,0.8037062883377075,0.0011588335037231445
17005,0.8797832727432251,0.8657076358795166,0.8870733380317688,False,Avon at Polmonthill,0.0140756368637084,-0.0072900652885437,0.8857936859130859,-0.00601041316986084
18001,0.7996048927307129,0.7874693274497986,0.833778440952301,False,Allan Water at Kinbuck,0.0121355652809143,-0.0341735482215881,0.8348860144615173,-0.03528112173080444
18002,0.7832297086715698,0.7838183641433716,0.7956286072731018,False,Devon at Glenochil,-0.0005886554718017,-0.0123988986015319,0.7868185639381409,-0.003588855266571045
18003,0.8844290971755981,0.8385151624679565,0.8859687447547913,False,Teith at Bridge of Teith,0.0459139347076416,-0.0015396475791931,0.9049481153488159,-0.020519018173217773
19001,0.8453986644744873,0.8285738229751587,0.8444033861160278,False,Almond at Craigiehall,0.0168248414993286,0.0009952783584594,0.8431375026702881,0.0022611618041992188
19006,0.843696653842926,0.8363524675369263,0.8291637301445007,False,Water of Leith at Murrayfield,0.0073441863059997,0.0145329236984252,0.825555682182312,0.018140971660614014
19010,0.5993131399154663,0.6359823942184448,0.6392135620117188,False,Braid Burn at Liberton,-0.0366692543029785,-0.0399004220962524,0.6064558625221252,-0.0071427226066589355
20002,0.743852972984314,0.7318755984306335,0.7365074157714844,False,West Peffer Burn at Luffness,0.0119773745536804,0.0073455572128295,0.7358925342559814,0.00796043872833252
20003,0.7640916109085083,0.7462550401687622,0.8392307162284851,False,Tyne at Spilmersford,0.017836570739746,-0.0751391053199768,0.8080506324768066,-0.04395902156829834
20007,0.8344414234161377,0.8028130531311035,0.8823534846305847,False,Gifford Water at Lennoxlove,0.0316283702850341,-0.047912061214447,0.8869907855987549,-0.05254936218261719
21003,0.8774638772010803,0.8735625743865967,0.8967025876045227,False,Tweed at Peebles,0.0039013028144836,-0.0192387104034423,0.9070698022842407,-0.0296059250831604
21006,0.8737713694572449,0.8753011226654053,0.8962319493293762,False,Tweed at Boleside,-0.0015297532081604,-0.0224605798721313,0.8924089074134827,-0.018637537956237793
21008,0.8468739986419678,0.8384522795677185,0.866661548614502,False,Teviot at Ormiston Mill,0.0084217190742492,-0.0197875499725341,0.8863427639007568,-0.03946876525878906
21009,0.8958886861801147,0.8884539604187012,0.8523269891738892,False,Tweed at Norham,0.0074347257614135,0.0435616970062255,0.8618782758712769,0.03401041030883789
21011,0.8061915636062622,0.6464654207229614,0.5583027601242065,False,Yarrow Water at Philiphaugh,0.1597261428833007,0.2478888034820556,0.5509563684463501,0.2552351951599121
21012,0.8626540899276733,0.8237738609313965,0.8882248401641846,False,Teviot at Hawick,0.0388802289962768,-0.0255707502365112,0.8998013138771057,-0.03714722394943237
21013,0.8086512088775635,0.8095560073852539,0.8613518476486206,False,Gala Water at Galashiels,-0.0009047985076904,-0.0527006387710571,0.8580118417739868,-0.04936063289642334
21015,0.7460974454879761,0.7428539395332336,0.7288646101951599,False,Leader Water at Earlston,0.0032435059547424,0.0172328352928161,0.7011843919754028,0.04491305351257324
21016,0.777742862701416,0.7624742984771729,0.8131917715072632,False,Eye Water at Eyemouth Mill,0.0152685642242431,-0.0354489088058471,0.810022234916687,-0.032279372215270996
21017,0.8471405506134033,0.73964524269104,0.8832660913467407,False,Ettrick Water at Brockhoperig,0.1074953079223632,-0.0361255407333374,0.8688393831253052,-0.021698832511901855
21018,0.8162961006164551,0.8220001459121704,0.7140418887138367,False,Lyne Water at Lyne Station,-0.0057040452957153,0.1022542119026184,0.7329229116439819,0.08337318897247314
21022,0.7893584370613098,0.7824074029922485,0.8681551814079285,False,Whiteadder Water at Hutton Castle,0.0069510340690612,-0.0787967443466186,0.8736041188240051,-0.08424568176269531
21023,0.5210555791854858,0.4291540384292602,0.5075938701629639,False,Leet Water at Coldstream,0.0919015407562256,0.0134617090225219,0.5073363184928894,0.013719260692596436
21024,0.8194705247879028,0.8046246767044067,0.8894362449645996,False,Jed Water at Jedburgh,0.014845848083496,-0.0699657201766967,0.8861936330795288,-0.06672310829162598
22001,0.8456252813339233,0.8342463970184326,0.9250978231430054,False,Coquet at Morwick,0.0113788843154907,-0.079472541809082,0.9286758899688721,-0.08305060863494873
22006,0.8434042930603027,0.8407483696937561,0.8802526593208313,False,Blyth at Hartford Bridge,0.0026559233665466,-0.0368483662605285,0.891353964805603,-0.04794967174530029
22007,0.8286720514297485,0.8223509192466736,0.9176174402236938,False,Wansbeck at Mitford,0.0063211321830749,-0.0889453887939453,0.9221310615539551,-0.09345901012420654
22009,0.8220276236534119,0.7821483612060547,0.9016229510307312,False,Coquet at Rothbury,0.0398792624473571,-0.0795953273773193,0.9100590944290161,-0.08803147077560425
23001,0.8653668761253357,0.8645618557929993,0.8402747511863708,False,Tyne at Bywell,0.0008050203323364,0.0250921249389648,0.8357046842575073,0.02966219186782837
23004,0.8422224521636963,0.813693106174469,0.9077379703521729,False,South Tyne at Haydon Bridge,0.0285293459892272,-0.0655155181884765,0.903069019317627,-0.060846567153930664
23006,0.8353042006492615,0.8115421533584595,0.878757119178772,False,South Tyne at Featherstone,0.023762047290802,-0.0434529185295105,0.876567542552948,-0.04126334190368652
23007,0.8062993884086609,0.724506139755249,0.7473400831222534,False,Derwent at Rowlands Gill,0.0817932486534118,0.0589593052864074,0.7114300727844238,0.09486931562423706
23008,0.8074567317962646,0.802951455116272,0.819473922252655,False,Rede at Rede Bridge,0.0045052766799926,-0.0120171904563903,0.8234481811523438,-0.0159914493560791
23011,0.8144111037254333,0.78936368227005,0.872065007686615,False,Kielder Burn at Kielder,0.0250474214553833,-0.0576539039611816,0.8710284233093262,-0.05661731958389282
24001,0.8444902896881104,0.8301209211349487,0.7976052761077881,False,Wear at Sunderland Bridge,0.0143693685531616,0.0468850135803222,0.7983849048614502,0.046105384826660156
24003,0.7998621463775635,0.7658594846725464,0.8833315372467041,False,Wear at Stanhope,0.034002661705017,-0.0834693908691406,0.8684810400009155,-0.06861889362335205
24004,0.8351766467094421,0.8284978270530701,0.8774507641792297,False,Bedburn Beck at Bedburn,0.006678819656372,-0.0422741174697876,0.8765047788619995,-0.04132813215255737
24005,0.7705209255218506,0.7304286360740662,0.7019617557525635,False,Browney at Burnhall,0.0400922894477844,0.0685591697692871,0.6803838014602661,0.09013712406158447
25001,0.8398851752281189,0.8426618576049805,0.7849433422088623,False,Tees at Darlington Broken Scar,-0.0027766823768615,0.0549418330192565,0.7740919589996338,0.06579321622848511
25006,0.7979220747947693,0.6926174163818359,0.7637428045272827,False,Greta at Rutherford Bridge,0.1053046584129333,0.0341792702674865,0.7836910486221313,0.01423102617263794
25012,0.8500757217407227,0.6148236989974976,0.847375750541687,False,Harwood Beck at Harwood,0.2352520227432251,0.0026999711990356,0.8216446042060852,0.02843111753463745
25020,0.8018262386322021,0.7964708209037781,0.8099731802940369,False,Skerne at Preston le Skerne,0.005355417728424,-0.0081469416618347,0.8319249153137207,-0.030098676681518555
26003,0.6371787786483765,0.3441172242164612,0.7887506484985352,True,Foston Beck at Foston Mill,0.2930615544319153,-0.1515718698501587,0.7458208203315735,-0.10864204168319702
27001,0.8568820953369141,0.8532050251960754,0.8713151216506958,False,Nidd at Hunsingore Weir,0.0036770701408386,-0.0144330263137817,0.8654025793075562,-0.00852048397064209
27003,0.9067401885986328,0.8990856409072876,0.9165480732917786,False,Aire at Beal,0.0076545476913452,-0.0098078846931457,0.9066682457923889,7.194280624389648e-05
27006,0.8344828486442566,0.785408079624176,0.8405802249908447,False,Don at Sheffield Hadfields,0.0490747690200805,-0.0060973763465881,0.8415035009384155,-0.0070206522941589355
27007,0.8451747894287109,0.8336623311042786,0.8611485362052917,False,Ure at Westwick,0.0115124583244323,-0.0159737467765808,0.8596023917198181,-0.014427602291107178
27009,0.8444874286651611,0.821215808391571,0.862916111946106,False,Ouse at Skelton,0.02327162027359,-0.0184286832809448,0.8740028142929077,-0.029515385627746582
27021,0.8691937923431396,0.8213514685630798,0.9052439332008362,False,Don at Doncaster,0.0478423237800598,-0.0360501408576965,0.8906823396682739,-0.021488547325134277
27023,0.8084352016448975,0.7856185436248779,0.8822335004806519,False,Dearne at Barnsley Weir,0.0228166580200195,-0.0737982988357544,0.9032126665115356,-0.09477746486663818
27025,0.7981934547424316,0.782070517539978,0.8225423693656921,False,Rother at Woodhouse Mill,0.0161229372024536,-0.0243489146232604,0.8250147700309753,-0.0268213152885437
27026,0.8141670227050781,0.8009313941001892,0.8920808434486389,False,Rother at Whittington,0.0132356286048889,-0.0779138207435607,0.8957971930503845,-0.0816301703453064
27029,0.8871965408325195,0.8731372356414795,0.9184532761573792,False,Calder at Elland,0.01405930519104,-0.0312567353248596,0.9272152185440063,-0.040018677711486816
27030,0.8045716881752014,0.7339254021644592,0.873879611492157,False,Dearne at Adwick,0.0706462860107421,-0.0693079233169555,0.887273907661438,-0.08270221948623657
27032,-0.0662159919738769,-23.058687210083008,-19.98299598693848,False,Hebden Beck at Hebden,22.99247121810913,19.9167799949646,-22.041645050048828,21.97542905807495
27034,0.8545443415641785,0.8383060097694397,0.875593364238739,False,Ure at Kilgram Bridge,0.0162383317947387,-0.0210490226745605,0.8587539196014404,-0.004209578037261963
27035,0.8824671506881714,0.8617637157440186,0.8469439744949341,False,Aire at Kildwick Bridge,0.0207034349441528,0.0355231761932373,0.8304906487464905,0.05197650194168091
27038,0.11387699842453,-5.5205841064453125,-5.507950782775879,False,Costa Beck at Gatehouses,5.6344611048698425,5.621827781200409,-5.7145514488220215,5.8284284472465515
27042,0.8213276863098145,0.7783956527709961,0.7383502721786499,False,Dove at Kirkby Mills,0.0429320335388183,0.0829774141311645,0.7225834131240845,0.09874427318572998
27047,0.8673909306526184,0.7695649862289429,0.8698865175247192,False,Snaizeholme Beck at Low Houses,0.0978259444236755,-0.0024955868721008,0.8729854226112366,-0.005594491958618164
27051,0.836574912071228,0.7841155529022217,0.719417929649353,False,Crimple at Burn Bridge,0.0524593591690063,0.117156982421875,0.7440248727798462,0.09255003929138184
27071,0.8172096014022827,0.7791506052017212,0.8209139108657837,False,Swale at Crakehill,0.0380589962005615,-0.0037043094635009,0.8234013319015503,-0.006191730499267578
28001,0.6096096634864807,0.1982194185256958,0.238444447517395,False,Derwent at Yorkshire Bridge,0.4113902449607849,0.3711652159690857,0.23827004432678223,0.3713396191596985
28008,0.8604312539100647,0.8144131898880005,0.8953527212142944,False,Dove at Rocester Weir,0.0460180640220642,-0.0349214673042297,0.8828601241111755,-0.02242887020111084
28009,0.8694016337394714,0.8696532249450684,0.8191012144088745,False,Trent at Colwick,-0.0002515912055969,0.0503004193305969,0.8412749767303467,0.028126657009124756
28012,0.7958291172981262,0.7878978252410889,0.7620997428894043,False,Trent at Yoxall,0.0079312920570373,0.0337293744087219,0.7675034999847412,0.02832561731338501
28018,0.8836408257484436,0.8625267744064331,0.8749797940254211,False,Dove at Marston on Dove,0.0211140513420104,0.0086610317230224,0.8841954469680786,-0.0005546212196350098
28022,0.8340030908584595,0.8246353268623352,0.8235281705856323,False,Trent at North Muskham,0.0093677639961242,0.0104749202728271,0.8269694447517395,0.007033646106719971
28024,0.8267924785614014,0.8247188329696655,0.8716471195220947,False,Wreake at Syston Mill,0.0020736455917358,-0.0448546409606933,0.8841539025306702,-0.0573614239692688
28026,0.799685001373291,0.7635908126831055,0.634297251701355,False,Anker at Polesworth,0.0360941886901855,0.165387749671936,0.6241256594657898,0.17555934190750122
28031,0.826366126537323,0.767329216003418,0.8420473337173462,False,Manifold at Ilam,0.059036910533905,-0.0156812071800231,0.8000261187553406,0.026340007781982422
28039,0.7208184003829956,0.415423035621643,0.6568460464477539,False,Rea at Calthorpe Park,0.3053953647613526,0.0639723539352417,0.7093502283096313,0.011468172073364258
28040,0.7892324328422546,0.6334701776504517,0.7463430762290955,False,Trent at Stoke-On-Trent,0.1557622551918029,0.0428893566131591,0.7137739658355713,0.07545846700668335
28043,0.8479262590408325,0.8120216131210327,0.873077929019928,False,Derwent at Chatsworth,0.0359046459197998,-0.0251516699790954,0.8672411441802979,-0.019314885139465332
28046,0.848414957523346,0.6466180682182312,0.5509886741638184,False,Dove at Izaak Walton,0.2017968893051147,0.2974262833595276,0.5036119222640991,0.3448030352592468
28048,0.7849900722503662,0.7693317532539368,0.8443925380706787,False,Amber at Wingfield Park,0.0156583189964294,-0.0594024658203125,0.858418881893158,-0.07342880964279175
28050,0.7514420747756958,0.6630814075469971,0.7519015073776245,False,Torne at Auckley,0.0883606672286987,-0.0004594326019287,0.8022713661193848,-0.050829291343688965
28052,0.7686808109283447,0.766804039478302,0.6052075624465942,False,Sow at Great Bridgeford,0.0018767714500427,0.1634732484817505,0.645219087600708,0.12346172332763672
28067,0.8598531484603882,0.8556410670280457,0.8922252058982849,False,Derwent at Church Wilne,0.0042120814323425,-0.0323720574378967,0.8916463851928711,-0.03179323673248291
28080,0.7912848591804504,0.1869232058525085,0.2208166718482971,False,Tame at Lea Marston Lakes,0.6043616533279419,0.5704681873321533,0.10389965772628784,0.6873852014541626
28082,0.8653265237808228,0.8633043169975281,0.9098793268203736,False,Soar at Littlethorpe,0.0020222067832946,-0.0445528030395507,0.908337414264679,-0.0430108904838562
28085,0.905135989189148,0.9055098295211792,0.9273350238800048,False,Derwent at St Mary's Bridge,-0.0003738403320312,-0.0221990346908569,0.9283978939056396,-0.0232619047164917
29002,0.6888939142227173,0.6582069993019104,0.6822682619094849,True,Great Eau at Claythorpe Mill,0.0306869149208068,0.0066256523132324,0.7726992964744568,-0.0838053822517395
29003,0.7064652442932129,0.6909641027450562,0.6490696668624878,True,Lud at Louth,0.0155011415481567,0.0573955774307251,0.8188750147819519,-0.11240977048873901
29005,0.3064011335372925,0.2235973477363586,0.2933052778244018,False,Rase at Bishopbridge,0.0828037858009339,0.0130958557128906,0.2950415015220642,0.011359632015228271
30001,0.8384559750556946,0.8086341023445129,0.8617419004440308,False,Witham at Claypole Mill,0.0298218727111816,-0.0232859253883361,0.8519405126571655,-0.013484537601470947
30004,0.6556258797645569,0.5571422576904297,0.5222319960594177,False,Lymn at Partney Mill,0.0984836220741272,0.1333938837051391,0.46704161167144775,0.18858426809310913
30005,0.7766292095184326,0.7696043848991394,0.7773969173431396,True,Witham at Saltersford Total,0.0070248246192932,-0.000767707824707,0.8736040592193604,-0.09697484970092773
30011,0.7962015867233276,0.8066504597663879,0.8641259670257568,False,Bain at Goulceby Bridge,-0.0104488730430603,-0.0679243803024292,0.7645366191864014,0.03166496753692627
30012,0.7557295560836792,0.7609509825706482,0.7805572748184204,False,Stainfield Beck at Cream Poke Farm,-0.0052214264869689,-0.0248277187347412,0.7638718485832214,-0.008142292499542236
30014,0.7501037120819092,0.7290824055671692,0.7779691815376282,False,Pointon Lode at Pointon,0.0210213065147399,-0.0278654694557189,0.7983720302581787,-0.04826831817626953
31002,0.7052291631698608,0.3742843270301819,0.4856888055801391,False,Glen at Kates Br & King St Br,0.3309448361396789,0.2195403575897216,0.4710414409637451,0.23418772220611572
31006,-0.2769409418106079,-1.922537326812744,-2.253627061843872,False,Gwash at Belmesthorpe,1.645596385002136,1.976686120033264,-2.971984624862671,2.695043683052063
31010,0.7444839477539062,0.5986796617507935,0.6713483929634094,False,Chater at Fosters Bridge,0.1458042860031128,0.0731355547904968,0.6293877363204956,0.11509621143341064
31021,0.7824755907058716,0.7865327596664429,0.8392952680587769,False,Welland at Ashley,-0.0040571689605712,-0.0568196773529052,0.8535814881324768,-0.07110589742660522
31023,0.6378710865974426,0.486157476902008,0.449036180973053,False,West Glen at Easton Wood,0.1517136096954346,0.1888349056243896,0.42483824491500854,0.21303284168243408
32003,0.7240424752235413,0.6984940767288208,0.7606992721557617,False,Harpers Brook at Old Mill Bridge,0.0255483984947204,-0.0366567969322204,0.7087734937667847,0.015268981456756592
32004,0.8115738034248352,0.7912139296531677,0.8642247915267944,False,Ise Brook at Harrowden,0.0203598737716674,-0.0526509881019592,0.8488444089889526,-0.03727060556411743
32006,0.8484240174293518,0.7936093807220459,0.8023924827575684,False,Nene/Kislingbury at Upton Total,0.0548146367073059,0.0460315346717834,0.8175749182701111,0.030849099159240723
32008,0.8663110136985779,0.8598974943161011,0.9204238057136536,False,Nene/Kislingbury at Dodford,0.0064135193824768,-0.0541127920150756,0.9314694404602051,-0.0651584267616272
33006,0.550249457359314,0.4147167801856994,0.5217338800430298,False,Wissey at Northwold Total,0.1355326771736145,0.0285155773162841,0.572224497795105,-0.021975040435791016
33007,0.7580540776252747,0.4768874049186706,0.6814940571784973,False,Nar at Marham,0.281166672706604,0.0765600204467773,0.5969282984733582,0.1611257791519165
33012,0.7924656867980957,0.7521377801895142,0.7235327959060669,False,Kym at Meagre Farm,0.0403279066085815,0.0689328908920288,0.7227962017059326,0.06966948509216309
33013,0.3194342851638794,0.0180934071540832,0.4762251377105713,False,Sapiston at Rectory Bridge,0.3013408780097962,-0.1567908525466919,0.6193437576293945,-0.29990947246551514
33014,0.7951651811599731,0.7560969591140747,0.7800382971763611,False,Lark at Temple,0.0390682220458984,0.015126883983612,0.757757842540741,0.03740733861923218
33018,0.8277930021286011,0.8346025943756104,0.8927790522575378,False,Tove at Cappenham Bridge,-0.0068095922470092,-0.0649860501289367,0.8922673463821411,-0.06447434425354004
33019,0.7051686644554138,0.6091691255569458,0.7880716323852539,False,Thet at Melford Bridge,0.095999538898468,-0.08290296792984,0.7739046812057495,-0.0687360167503357
33021,0.7079434394836426,0.6107228398323059,0.738431453704834,True,Rhee at Burnt Mill,0.0972205996513366,-0.0304880142211914,0.6954004168510437,0.012543022632598877
33022,0.8441079258918762,0.832583487033844,0.8496516346931458,False,Ivel at Blunham,0.0115244388580322,-0.0055437088012695,0.8517661690711975,-0.007658243179321289
33023,0.2421978712081909,-2.2195611000061035,-3.251098155975342,False,Lea Brook at Beck Bridge,2.4617589712142944,3.4932960271835327,-2.781224489212036,3.023422360420227
33024,0.609374463558197,0.4189236760139465,0.600426971912384,False,Cam at Dernford,0.1904507875442505,0.0089474916458129,0.700653076171875,-0.09127861261367798
33026,0.7915940284729004,0.767188310623169,0.8896535634994507,False,Bedford Ouse at Offord,0.0244057178497314,-0.0980595350265502,0.8861698508262634,-0.09457582235336304
33028,0.7836199402809143,0.3955049514770508,0.7313581705093384,False,Flit at Shefford,0.3881149888038635,0.0522617697715759,0.6974343657493591,0.08618557453155518
33029,0.7686913013458252,0.6786121129989624,0.6921277046203613,True,Stringside at Whitebridge,0.0900791883468627,0.0765635967254638,0.6028818488121033,0.16580945253372192
33031,0.6091389656066895,0.5861968994140625,0.7058837413787842,False,Broughton Brook at Broughton,0.0229420661926269,-0.0967447757720947,0.73335862159729,-0.12421965599060059
33032,0.2108997106552124,-0.7515387535095215,-0.8098107576370239,False,Heacham at Heacham,0.962438464164734,1.0207104682922363,-1.2202765941619873,1.4311763048171997
33033,0.687096118927002,0.698856770992279,0.7158633470535278,False,Hiz at Arlesey,-0.0117606520652771,-0.0287672281265258,0.7605222463607788,-0.07342612743377686
33034,0.6903283596038818,0.6784708499908447,0.7220063209533691,False,Little Ouse at Abbey Heath,0.0118575096130371,-0.0316779613494873,0.7395203113555908,-0.049191951751708984
33035,0.7788534164428711,0.7742369174957275,0.7161685228347778,False,Ely Ouse at Denver Complex,0.0046164989471435,0.0626848936080932,0.6495609283447266,0.12929248809814453
33039,0.7015807628631592,0.6385424137115479,0.674241840839386,False,Bedford Ouse at Roxton,0.0630383491516113,0.0273389220237731,0.7303325533866882,-0.028751790523529053
33053,0.5626929998397827,-0.1054954528808593,-0.1386212110519409,False,Granta at Stapleford,0.668188452720642,0.7013142108917236,0.033576905727386475,0.5291160941123962
34002,0.7910326719284058,0.680522084236145,0.8684207201004028,False,Tas at Shotesham,0.1105105876922607,-0.077388048171997,0.8375229835510254,-0.04649031162261963
34003,0.4570844173431396,0.0551573634147644,0.5320092439651489,False,Bure at Ingworth,0.4019270539283752,-0.0749248266220093,0.47086238861083984,-0.01377797126770025
34004,0.4801056385040283,0.2730498909950256,0.3021737337112427,False,Wensum at Costessey Mill,0.2070557475090027,0.1779319047927856,0.20793801546096802,0.2721676230430603
34005,0.5686324238777161,0.3342556357383728,0.7429730892181396,False,Tud at Costessey Park,0.2343767881393432,-0.1743406653404235,0.7253987789154053,-0.1567663550376892
34006,0.7734735608100891,0.767951488494873,0.8619827628135681,False,Waveney at Needham Mill,0.005522072315216,-0.088509202003479,0.8484036922454834,-0.07493013143539429
34007,0.7029913067817688,0.6826214790344238,0.8133739829063416,False,Dove at Oakley Park,0.0203698277473449,-0.1103826761245727,0.7915423512458801,-0.08855104446411133
34008,-0.8810106515884399,-2.2337725162506104,-1.609090805053711,False,Ant at Honing Lock,1.3527618646621704,0.728080153465271,-1.0650384426116943,0.1840277910232544
34010,0.6168071031570435,0.575508713722229,0.5109003782272339,False,Waveney at Billingford Bridge,0.0412983894348144,0.1059067249298095,0.45937323570251465,0.1574338674545288
34011,-0.1943757534027099,-1.2349200248718262,0.4342594742774963,False,Wensum at Fakenham,1.0405442714691162,-0.6286352276802063,0.46138209104537964,-0.6557578444480896
34012,-1.3927695751190186,-8.038351058959961,-3.991024017333984,False,Burn at Burnham Overy,6.645581483840942,2.598254442214966,-3.5295557975769043,2.1367862224578857
35003,0.4836846590042114,0.4427803158760071,0.544833779335022,False,Alde at Farnham,0.0409043431282043,-0.0611491203308105,0.5111252665519714,-0.02744060754776001
35008,0.8175605535507202,0.8176789879798889,0.9066076278686525,False,Gipping at Stowmarket,-0.0001184344291687,-0.0890470743179321,0.91438889503479,-0.09682834148406982
36003,0.7489699125289917,0.6926265358924866,0.7726784944534302,False,Box at Polstead,0.0563433766365051,-0.0237085819244384,0.7630279660224915,-0.014058053493499756
36006,0.6091916561126709,0.565807580947876,0.583350658416748,False,Stour at Langham,0.0433840751647949,0.0258409976959228,0.5135540962219238,0.09563755989074707
36009,0.7481012344360352,0.7084413170814514,0.7996640205383301,False,Brett at Cockfield,0.0396599173545837,-0.0515627861022949,0.8138921856880188,-0.06579095125198364
36010,0.7253429889678955,0.7120170593261719,0.8406785130500793,False,Bumpstead Brook at Broad Green,0.0133259296417236,-0.1153355240821838,0.8449268341064453,-0.1195838451385498
36011,0.7683448791503906,0.6992751359939575,0.8471269011497498,False,Stour Brook at Sturmer,0.0690697431564331,-0.0787820219993591,0.8134035468101501,-0.04505866765975952
36012,0.5970938205718994,0.469496488571167,0.5324442386627197,False,Stour at Kedington,0.1275973320007324,0.0646495819091796,0.537082314491272,0.06001150608062744
37001,0.8005572557449341,0.7406450510025024,0.5798900723457336,False,Roding at Redbridge,0.0599122047424316,0.2206671833992004,0.56168532371521,0.23887193202972412
37003,0.6478902101516724,0.6206684112548828,0.7389049530029297,False,Ter at Crabbs Bridge,0.0272217988967895,-0.0910147428512573,0.7350043058395386,-0.08711409568786621
37005,0.7927951812744141,0.7503229379653931,0.8929776549339294,False,Colne at Lexden,0.0424722433090209,-0.1001824736595153,0.8921693563461304,-0.09937417507171631
37008,0.779721200466156,0.7837687730789185,0.7883000373840332,False,Chelmer at Springfield,-0.0040475726127624,-0.0085788369178771,0.7762737274169922,0.0034474730491638184
37009,0.7914565205574036,0.7133548855781555,0.8096507787704468,False,Brain at Guithavon Valley,0.078101634979248,-0.0181942582130432,0.7693876624107361,0.02206885814666748
37010,0.7216789722442627,0.70350581407547,0.739769458770752,False,Blackwater at Appleford Bridge,0.0181731581687927,-0.0180904865264892,0.6838198304176331,0.03785914182662964
37011,0.8192087411880493,0.8159329891204834,0.8506193161010742,False,Chelmer at Churchend,0.0032757520675659,-0.0314105749130249,0.8566591143608093,-0.03745037317276001
37018,0.6700857281684875,0.6420911550521851,0.7492607831954956,False,Ingrebourne at Gaynes Park,0.0279945731163024,-0.079175055027008,0.7420604825019836,-0.0719747543334961
37019,0.712708592414856,0.6785725355148315,0.8025311231613159,False,Beam at Bretons Farm,0.0341360569000244,-0.0898225307464599,0.786456823348999,-0.07374823093414307
37020,0.7413135170936584,0.7395468950271606,0.8750225305557251,False,Chelmer at Felsted,0.0017666220664978,-0.1337090134620666,0.8719476461410522,-0.1306341290473938
38001,0.7317596077919006,0.3933497071266174,0.5061300992965698,False,Lee at Feildes Weir,0.3384099006652832,0.2256295084953308,0.5756822824478149,0.1560773253440857
38003,-0.0730111598968505,-0.091612696647644,-0.6354809999465942,False,Mimram at Panshanger Park,0.0186015367507935,0.5624698400497438,-0.859432578086853,0.7864214181900026
38007,0.7916401028633118,0.7409088611602783,0.6031976938247681,False,Canons Brook at Elizabeth Way,0.0507312417030334,0.1884424090385437,0.5890306234359741,0.20260947942733765
38014,0.7744259834289551,0.7551541328430176,0.8724590539932251,False,Salmon Brook at Edmonton,0.0192718505859375,-0.09803307056427,0.8856589198112488,-0.1112329363822937
38017,-2.6224586963653564,-6.749467372894287,-14.231438636779783,False,Mimram at Whitwell,4.127008676528931,11.608979940414429,-10.521345138549805,7.898886442184448
38018,0.759274423122406,0.6277939081192017,0.6989119052886963,False,Upper Lee at Water Hall,0.1314805150032043,0.0603625178337097,0.7334350347518921,0.025839388370513916
38021,0.7970314025878906,0.7588487267494202,0.8503751158714294,False,Turkey Brook at Albany Park,0.0381826758384704,-0.0533437132835388,0.8334687948226929,-0.036437392234802246
39001,0.8843239545822144,0.7835559248924255,0.4471450448036194,False,Thames at Kingston,0.1007680296897888,0.4371789097785949,0.5240546464920044,0.36026930809020996
39006,0.8758761882781982,0.8362486958503723,0.8878540992736816,True,Windrush at Newbridge,0.0396274924278259,-0.0119779109954833,0.8156623840332031,0.06021380424499512
39007,0.8183517456054688,0.791057825088501,0.7886455655097961,False,Blackwater at Swallowfield,0.0272939205169677,0.0297061800956726,0.6916735172271729,0.1266782283782959
39010,-0.0683232545852661,-1.145812749862671,-0.1848939657211303,False,Colne at Denham,1.0774894952774048,0.1165707111358642,-0.8025225400924683,0.7341992855072021
39011,0.7670355439186096,0.6821364164352417,0.7066614627838135,False,Wey at Tilford,0.0848991274833679,0.0603740811347961,0.6310495138168335,0.13598603010177612
39012,0.6095150709152222,-0.6629558801651001,-0.6120721101760864,False,Hogsmill at Kingston upon Thames,1.2724709510803225,1.2215871810913086,-0.7387250661849976,1.3482401371002197
39014,-1.6287968158721924,-9.580540657043455,-3.279016494750977,False,Ver at Hansteads,7.951743841171263,1.6502196788787842,-3.8128976821899414,2.184100866317749
39016,0.6758105754852295,0.6558731198310852,0.7015710473060608,False,Kennet at Theale,0.0199374556541442,-0.0257604718208313,0.7933472990989685,-0.11753672361373901
39020,0.8714622855186462,0.7108010053634644,0.7895448207855225,True,Coln at Bibury,0.1606612801551818,0.0819174647331237,0.7823962569236755,0.0890660285949707
39021,0.4291628003120422,0.2389741539955139,0.7530277967453003,False,Cherwell at Enslow Mill,0.1901886463165283,-0.3238649964332581,0.6517534255981445,-0.22259062528610235
39022,0.8593500852584839,0.4147080779075622,0.4857694506645202,False,Loddon at Sheepbridge,0.4446420073509217,0.3735806345939636,0.27054935693740845,0.5888007283210754
39023,-2.3271076679229736,-4.570725917816162,-2.34182071685791,False,Wye at Bourne End Hedsor,2.2436182498931885,0.0147130489349365,-3.7180910110473633,1.3909833431243896
39025,0.8814305067062378,0.8319385647773743,0.7835906147956848,False,Enborne at Brimpton,0.0494919419288635,0.0978398919105529,0.8666771650314331,0.014753341674804688
39027,0.1721870303153991,-3.1718978881835938,-1.0677988529205322,False,Pang at Pangbourne,3.344084918498993,1.2399858832359314,-1.841700553894043,2.013887584209442
39028,0.3498684763908386,-0.2380256652832031,-0.7771992683410645,False,Dun at Hungerford,0.5878941416740417,1.127067744731903,-1.3765957355499268,1.7264642119407654
39029,0.1426982283592224,-0.5516788959503174,-0.5217260122299194,False,Tilling Bourne at Shalford,0.6943771243095398,0.6644242405891418,-0.7953977584838867,0.9380959868431091
39034,0.8260312080383301,0.7603408098220825,0.8661724328994751,False,Evenlode at Cassington Mill,0.0656903982162475,-0.040141224861145,0.7414724826812744,0.08455872535705566
39035,0.5222203731536865,0.2929614782333374,0.3032578229904175,True,Churn at Cerney Wick,0.2292588949203491,0.218962550163269,0.1060100793838501,0.4162102937698364
39036,-5.886982440948486,-22.640941619873047,-31.826190948486328,False,Law Brook at Albury,16.75395917892456,25.93920850753784,-30.732046127319336,24.84506368637085
39037,0.7237714529037476,0.3491142988204956,0.5618680715560913,True,Kennet at Marlborough,0.3746571540832519,0.1619033813476562,0.6150722503662109,0.10869920253753662
39042,0.7545129060745239,0.6631898880004883,0.7195067405700684,True,Leach at Priory Mill Lechlade,0.0913230180740356,0.0350061655044555,0.8010690212249756,-0.04655611515045166
39052,0.8315863609313965,0.8313088417053223,0.8068352937698364,False,The Cut at Binfield,0.0002775192260742,0.02475106716156,0.8156625628471375,0.015923798084259033
39061,0.6746384501457214,-0.3119874000549316,-0.369988203048706,True,Letcombe Brook at Letcombe Bassett,0.9866258502006532,1.0446266531944275,-0.4355199337005615,1.110158383846283
39081,0.7713233828544617,0.7482501268386841,0.8160291314125061,False,Ock at Abingdon,0.0230732560157775,-0.0447057485580444,0.8849129676818848,-0.1135895848274231
40003,0.8688396215438843,0.8745103478431702,0.8956713676452637,False,Medway at Teston / East Farleigh,-0.0056707262992858,-0.0268317461013793,0.9126186966896057,-0.043779075145721436
40004,0.8344350457191467,0.8249536156654358,0.7767228484153748,False,Rother at Udiam,0.0094814300537109,0.0577121973037719,0.7813286185264587,0.05310642719268799
40005,0.8641951084136963,0.8628706336021423,0.8673964738845825,False,Beult at Stilebridge,0.0013244748115539,-0.0032013654708862,0.8478909134864807,0.016304194927215576
40007,0.86278235912323,0.8645092844963074,0.9247349500656128,False,Medway at Chafford / Colliers Land Bridge,-0.0017269253730773,-0.0619525909423828,0.9226741790771484,-0.05989181995391846
40009,0.787695586681366,0.7044267654418945,0.6753647923469543,False,Teise at Stonebridge,0.0832688212394714,0.1123307943344116,0.6991718411445618,0.0885237455368042
40010,0.8712265491485596,0.8592676520347595,0.7563568353652954,False,Eden at Penshurst / Vexour Bridge,0.0119588971138,0.1148697137832641,0.789649486541748,0.08157706260681152
40011,0.8717232346534729,0.7737337350845337,0.8107144832611084,False,Great Stour at Horton,0.0979894995689392,0.0610087513923645,0.8091721534729004,0.06255108118057251
40012,0.7041497230529785,0.4473863244056701,0.215898334980011,False,Darent at Hawley,0.2567633986473084,0.4882513880729675,0.046454787254333496,0.657694935798645
40013,0.6234043836593628,0.585357666015625,0.584800124168396,False,Darent at Otford,0.0380467176437377,0.0386042594909668,0.5875210762023926,0.035883307456970215
40016,0.3740918636322021,-5.753954887390137,-5.494312286376953,False,Cray at Crayford,6.128046751022339,5.868404150009155,-5.890417575836182,6.264509439468384
40018,0.789972722530365,0.7736538052558899,0.5667957067489624,False,Darent at Lullingstone,0.016318917274475,0.2231770157814026,0.6040353775024414,0.18593734502792358
41001,0.4836179614067077,0.4048187136650085,0.4701986312866211,False,Nunningham Stream at Tilley Bridge,0.0787992477416992,0.0134193301200866,0.4539017081260681,0.029716253280639593
41003,0.7902984619140625,0.8325966000556946,0.8542547821998596,False,Cuckmere at Sherman Bridge,-0.042298138141632,-0.0639563202857971,0.8543694019317627,-0.0640709400177002
41005,0.867798388004303,0.8414217233657837,0.818434476852417,False,Ouse at Gold Bridge,0.0263766646385192,0.0493639111518859,0.8264347314834595,0.041363656520843506
41006,0.6921697854995728,0.6281237006187439,0.7701448202133179,False,Uck at Isfield,0.0640460848808288,-0.0779750347137451,0.7516507506370544,-0.05948096513748169
41011,0.8124518394470215,0.748974084854126,0.7705774307250977,False,Rother at Iping Mill,0.0634777545928955,0.0418744087219238,0.8082490563392639,0.004202783107757568
41012,0.7518541812896729,0.6712390780448914,0.7645222544670105,False,Adur E Branch at Sakeham,0.0806151032447815,-0.0126680731773376,0.7515488862991333,0.0003052949905395508
41013,0.7840969562530518,0.7784751653671265,0.772846519947052,False,Huggletts Stream at Henley Bridge,0.0056217908859252,0.0112504363059997,0.7937993407249451,-0.00970238447189331
41014,0.842427670955658,0.8126522898674011,0.8395504951477051,False,Arun at Pallingham,0.0297753810882568,0.0028771758079528,0.8343837857246399,0.008043885231018066
41016,0.7889020442962646,0.7560984492301941,0.8824794888496399,False,Cuckmere at Cowbeech,0.0328035950660705,-0.0935774445533752,0.8711487054824829,-0.08224666118621826
41019,0.8465064764022827,0.830738365650177,0.8726745843887329,False,Arun at Alfoldean,0.0157681107521057,-0.0261681079864501,0.8646111488342285,-0.0181046724319458
41020,0.7934874296188354,0.7783204317092896,0.8539335131645203,False,Bevern Stream at Clappers Bridge,0.0151669979095458,-0.0604460835456848,0.8402332067489624,-0.04674577713012695
41022,0.8511868715286255,0.8306125402450562,0.875775933265686,False,Lod at Halfway Bridge,0.0205743312835693,-0.0245890617370605,0.8626177310943604,-0.011430859565734863
41023,0.5916328430175781,-0.6150274276733398,-0.6385172605514526,True,Lavant at Graylingwell,1.206660270690918,1.2301501035690308,-0.11610710620880127,0.7077399492263794
41025,0.8594513535499573,0.7500246167182922,0.796977162361145,False,Loxwood Stream at Drungewick,0.109426736831665,0.0624741911888122,0.7918336987495422,0.06761765480041504
41027,0.7044516801834106,0.635826587677002,0.7212778925895691,False,Rother at Princes Marsh,0.0686250925064086,-0.0168262124061584,0.7296911478042603,-0.02523946762084961
41028,0.7595125436782837,0.746355414390564,0.763578474521637,False,Chess Stream at Chess Bridge,0.0131571292877197,-0.0040659308433532,0.751433789730072,0.00807875394821167
42001,0.695366621017456,0.2730212211608886,0.4892469644546509,False,Wallington at North Fareham,0.4223453998565674,0.2061196565628051,0.3563693165779114,0.3389973044395447
42003,0.7984012961387634,0.7985122799873352,0.5585861802101135,False,Lymington at Brockenhurst,-0.0001109838485717,0.2398151159286499,0.7837242484092712,0.014677047729492188
42004,0.6171427369117737,0.3390452265739441,0.2684414386749267,True,Test at Broadlands,0.2780975103378296,0.3487012982368469,0.5207356214523315,0.09640711545944214
42006,0.8464736938476562,0.7702828645706177,0.670876145362854,True,Meon at Mislingford,0.0761908292770385,0.1755975484848022,0.8682077527046204,-0.02173405885696411
42008,0.7281112670898438,0.2776873707771301,0.1415237784385681,True,Cheriton Stream at Sewards Bridge,0.4504238963127136,0.5865874886512756,0.5133686661720276,0.21474260091781616
42010,0.7282804250717163,-0.5366177558898926,-0.027967095375061,True,Itchen at Highbridge & Allbrook Total,1.2648981809616089,0.7562475204467773,-0.536605715751648,1.2648861408233643
42011,0.7425872087478638,0.6978948712348938,0.660478949546814,False,Hamble at Frogmill,0.0446923375129699,0.0821082592010498,0.6857417821884155,0.05684542655944824
43005,0.8689432144165039,0.7989179491996765,0.8476202487945557,True,Avon at Amesbury,0.0700252652168273,0.0213229656219482,0.8949472308158875,-0.026004016399383545
43006,0.8756178021430969,0.7586784362792969,0.6848061084747314,False,Nadder at Wilton,0.1169393658638,0.1908116936683654,0.8084021806716919,0.06721562147140503
43007,0.8454039692878723,0.8011411428451538,0.8047850728034973,False,Stour at Throop,0.0442628264427185,0.040618896484375,0.8358004689216614,0.009603500366210938
43008,0.7514561414718628,0.4411300420761108,0.2025907635688781,True,Wylye at South Newton,0.310326099395752,0.5488653779029846,0.25291723012924194,0.49853891134262085
43009,0.8937053084373474,0.8769587278366089,0.7516292333602905,False,Stour at Hammoon,0.0167465806007385,0.1420760750770568,0.8441914319992065,0.04951387643814087
43014,0.6686202883720398,0.6536498069763184,0.6073133945465088,False,East Avon at Upavon East,0.0149704813957214,0.061306893825531,0.7158546447753906,-0.04723435640335083
43017,0.7822933197021484,0.7057449221611023,0.7295742034912109,True,West Avon at Upavon West,0.0765483975410461,0.0527191162109375,0.7356424331665039,0.04665088653564453
44001,0.7267681360244751,0.5164259672164917,0.8247445821762085,False,Frome at East Stoke Total,0.2103421688079834,-0.0979764461517334,0.2543593645095825,0.4724087715148926
44002,0.825424075126648,0.775812566280365,0.8030794858932495,False,Piddle at Baggs Mill,0.0496115088462829,0.0223445892333984,0.8017929196357727,0.023631155490875244
44006,0.6942940950393677,-0.2074983119964599,-0.2228121757507324,True,Sydling Water at Sydling St Nicholas,0.9017924070358276,0.9171062707901,0.6696896553039551,0.024604439735412598
45001,0.92067551612854,0.9112221002578736,0.8582244515419006,False,Exe at Thorverton,0.0094534158706663,0.0624510645866394,0.8610354065895081,0.05964010953903198
45003,0.8284134864807129,0.8255877494812012,0.8642258644104004,False,Culm at Woodmill,0.0028257369995117,-0.0358123779296875,0.8661353588104248,-0.037721872329711914
45004,0.7908157110214233,0.7582165598869324,0.8576937913894653,False,Axe at Whitford,0.0325991511344909,-0.0668780803680419,0.866023063659668,-0.07520735263824463
45005,0.8037458658218384,0.7461588382720947,0.8494053483009338,False,Otter at Dotton,0.0575870275497436,-0.0456594824790954,0.8367226123809814,-0.032976746559143066
45009,0.9135140776634216,0.9036667943000792,0.8810523152351379,False,Exe at Pixton,0.0098472833633423,0.0324617624282836,0.8788609504699707,0.03465312719345093
45012,0.8255530595779419,0.7602683901786804,0.8363851308822632,False,Creedy at Cowley,0.0652846693992614,-0.0108320713043212,0.8493010997772217,-0.023748040199279785
46003,0.8737963438034058,0.8621180057525635,0.9530035257339478,False,Dart at Austins Bridge,0.0116783380508422,-0.0792071819305419,0.9436176419258118,-0.069821298122406
46005,0.8045049905776978,0.7268698215484619,0.8327013850212097,False,East Dart at Bellever,0.0776351690292358,-0.0281963944435119,0.8103475570678711,-0.00584256649017334
47001,0.928232967853546,0.9302693009376526,0.9431016445159912,False,Tamar at Gunnislake,-0.0020363330841065,-0.0148686766624451,0.9427030682563782,-0.014470100402832142
47004,0.9219262599945068,0.8864524960517883,0.9300246238708496,False,Lynher at Pillaton Mill,0.0354737639427185,-0.0080983638763427,0.9336659908294678,-0.011739730834960938
47008,0.8358027935028076,0.7446365356445312,0.8561493754386902,False,Thrushel at Tinhay,0.0911662578582763,-0.0203465819358825,0.8434332609176636,-0.007630467414855957
47009,0.9363503456115724,0.8881470561027527,0.913439929485321,False,Tiddy at Tideford,0.0482032895088196,0.0229104161262513,0.91078120470047,0.025569140911102406
48004,0.8940241932868958,0.4205426573753357,0.2844859957695007,False,Warleggan at Trengoffe,0.47348153591156,0.609538197517395,0.5576306581497192,0.3363935351371765
48005,0.9068745374679564,0.8678146600723267,0.8558664917945862,False,Kenwyn at Truro,0.0390598773956297,0.0510080456733702,0.86228346824646,0.04459106922149647
48011,0.9056174159049988,0.8450630903244019,0.8879299163818359,False,Fowey at Restormel,0.0605543255805969,0.0176874995231628,0.9035543203353882,0.0020630955696105957
49002,0.8784254193305969,0.7963422536849976,0.821074366569519,False,Hayle at St Erth,0.0820831656455993,0.0573510527610778,0.8242236375808716,0.05420178174972534
49004,0.8769983649253845,0.8883362412452698,0.9092910289764404,False,Gannel at Gwills,-0.0113378763198852,-0.0322926640510559,0.9086000323295593,-0.031601667404174805
50001,0.9269872307777404,0.9247796535491944,0.958896815776825,False,Taw at Umberleigh,0.0022075772285459,-0.0319095849990845,0.9610850811004639,-0.0340978503227235
50002,0.8914532661437988,0.8712881803512573,0.926895260810852,False,Torridge at Torrington,0.0201650857925415,-0.0354419946670532,0.9297035336494446,-0.03825026750564575
50006,0.9222936034202576,0.9191279411315918,0.9163214564323424,False,Mole at Woodleigh,0.0031656622886657,0.005972146987915,0.9135013222694397,0.008792281150817871
51001,0.8755161166191101,0.8543499708175659,0.8705762624740601,False,Doniford Stream at Swill Bridge,0.0211661458015441,0.00493985414505,0.8878194689750671,-0.012303352355957031
52004,0.8434159755706787,0.8233151435852051,0.8732925653457642,False,Isle at Ashford Mill,0.0201008319854736,-0.0298765897750854,0.8830537796020508,-0.03963780403137207
52005,0.8854643702507019,0.8446294069290161,0.9261513352394104,False,Tone at Bishops Hull,0.0408349633216857,-0.0406869649887084,0.9266182780265808,-0.041153907775878906
52006,0.8535947799682617,0.8328548669815063,0.9053348898887634,False,Yeo at Pen Mill,0.0207399129867553,-0.0517401099205017,0.9016647934913635,-0.04807001352310181
52007,0.8179678320884705,0.7856568098068237,0.841905415058136,False,Parrett at Chiselborough,0.0323110222816467,-0.0239375829696655,0.8433692455291748,-0.025401413440704346
52009,0.870735228061676,0.7851796746253967,0.8096061944961548,False,Sheppey at Fenny Castle,0.0855555534362793,0.0611290335655212,0.778191328048706,0.09254390001296997
52010,0.810822606086731,0.7819876670837402,0.8207371234893799,False,Brue at Lovington,0.0288349390029907,-0.0099145174026489,0.8329119682312012,-0.022089362144470215
52011,0.8425783514976501,0.8368865251541138,0.815563440322876,False,Cary at Somerton,0.0056918263435363,0.0270149111747741,0.8206623792648315,0.021915972232818604
52016,0.8535667061805725,0.8368222713470459,0.8430930376052856,False,Currypool Stream at Currypool Farm,0.0167444348335266,0.0104736685752868,0.8142155408859253,0.03935116529464722
53005,0.8911216259002686,0.8676726818084717,0.9279581308364868,False,Midford Brook at Midford,0.0234489440917968,-0.0368365049362182,0.9215705394744873,-0.03044891357421875
53006,0.9016728401184082,0.8884468674659729,0.917178213596344,False,Frome (Bristol) at Frenchay,0.0132259726524353,-0.0155053734779357,0.8994807004928589,0.0021921396255493164
53007,0.8880958557128906,0.8916679620742798,0.929527461528778,False,Frome (Somerset) at Tellisford,-0.0035721063613891,-0.0414316058158874,0.9315167665481567,-0.04342091083526611
53008,0.8589577078819275,0.8067442178726196,0.821639358997345,True,Avon at Great Somerford,0.0522134900093078,0.0373183488845825,0.8573040962219238,0.0016536116600036621
53009,0.9156351685523988,0.787304162979126,0.8255749940872192,False,Wellow Brook at Wellow,0.1283310055732728,0.0900601744651795,0.819621205329895,0.09601396322250377
53013,0.8537870049476624,0.7481115460395813,0.784006655216217,False,Marden at Stanley,0.105675458908081,0.0697803497314453,0.8038252592086792,0.049961745738983154
53018,0.9156272411346436,0.8689432144165039,0.9125884771347046,False,Avon at Bathford,0.0466840267181396,0.0030387639999389,0.9384552240371704,-0.022827982902526855
54001,0.8248575925827026,0.8072123527526855,0.6776862144470215,False,Severn at Bewdley,0.017645239830017,0.1471713781356811,0.7189566493034363,0.10590094327926636
54002,0.8736171126365662,0.8516998291015625,0.8700204491615295,False,Avon at Evesham,0.0219172835350036,0.0035966634750366,0.8630369901657104,0.010580122470855713
54003,0.7010253667831421,0.2271396517753601,0.4502208828926086,False,Vyrnwy at Vyrnwy Reservoir,0.473885715007782,0.2508044838905334,0.4011380672454834,0.2998872995376587
54004,0.8246181011199951,0.7369776964187622,0.5363495349884033,False,Sowe at Stoneleigh,0.0876404047012329,0.2882685661315918,0.5734717845916748,0.2511463165283203
54005,0.8767181634902954,0.8309682011604309,0.7858517169952393,False,Severn at Montford,0.0457499623298645,0.0908664464950561,0.7913730144500732,0.08534514904022217
54007,0.6684333086013794,0.6177929639816284,0.7459326982498169,False,Arrow at Broom,0.0506403446197509,-0.0774993896484375,0.7269891500473022,-0.05855584144592285
54008,0.9157798886299132,0.9096046090126038,0.947498857975006,False,Teme at Tenbury,0.0061752796173094,-0.0317189693450928,0.946019172668457,-0.030239284038543812
54012,0.7960721254348755,0.640354335308075,0.8094274997711182,False,Tern at Walcot,0.1557177901268005,-0.0133553743362426,0.8197759985923767,-0.02370387315750122
54015,0.5295689105987549,0.4907371401786804,0.5667636394500732,False,Bow Brook at Besford Bridge,0.0388317704200744,-0.0371947288513183,0.5439536571502686,-0.014384746551513672
54017,0.7716559171676636,0.8058504462242126,0.6894147396087646,False,Leadon at Wedderburn Bridge,-0.034194529056549,0.0822411775588989,0.7369765043258667,0.034679412841796875
54018,0.8696027398109436,0.8560714721679688,0.8181158304214478,False,Rea Brook at Hookagate,0.0135312676429748,0.0514869093894958,0.803750216960907,0.06585252285003662
54019,0.7197312116622925,0.7037382125854492,0.7350724935531616,False,Avon at Stareton,0.0159929990768432,-0.0153412818908691,0.7453958988189697,-0.025664687156677246
54020,0.8497904539108276,0.7881707549095154,0.8858522176742554,False,Perry at Yeaton,0.0616196990013122,-0.0360617637634277,0.8813760280609131,-0.03158557415008545
54024,0.6340144276618958,-0.0836679935455322,0.4593178629875183,False,Worfe at Burcote,0.717682421207428,0.1746965646743774,0.6413916945457458,-0.007377266883850098
54025,0.9121220707893372,0.8914301991462708,0.9076842069625854,False,Dulas at Rhos-y-pentref,0.0206918716430664,0.0044378638267517,0.8910149335861206,0.021107137203216553
54027,0.8587455749511719,0.777892529964447,0.7982920408248901,True,Frome at Ebley Mill,0.0808530449867248,0.0604535341262817,0.8432513475418091,0.015494227409362793
54028,0.9031040668487548,0.8997774720191956,0.8780763149261475,False,Vyrnwy at Llanymynech,0.0033265948295592,0.0250277519226073,0.8750624060630798,0.028041660785674938
54029,0.9121102690696716,0.913178324699402,0.859917402267456,False,Teme at Knightsford Bridge,-0.0010680556297303,0.0521928668022155,0.8556125164031982,0.05649775266647339
54032,0.8405476212501526,0.8317870497703552,0.874081015586853,False,Severn at Saxons Lode,0.0087605714797973,-0.0335333943367004,0.847632884979248,-0.007085263729095459
54034,0.5988271236419678,0.5998584628105164,0.5963179469108582,False,Dowles Brook at Oak Cottage,-0.0010313391685485,0.0025091767311096,0.5680764317512512,0.030750691890716553
54036,0.7794007658958435,0.7658544778823853,0.8457797765731812,False,Isbourne at Hinton on the Green,0.0135462880134582,-0.0663790106773376,0.8387017250061035,-0.05930095911026001
54044,0.7701647281646729,0.6444971561431885,0.0639383792877197,False,Tern at Ternhill,0.1256675720214843,0.7062263488769531,0.18412119150161743,0.5860435366630554
54052,0.836926281452179,0.8421381711959839,0.7336806654930115,False,Bailey Brook at Ternhill,-0.0052118897438049,0.1032456159591674,0.7792733907699585,0.05765289068222046
54057,0.8244200944900513,0.7884625196456909,0.8457383513450623,False,Severn at Haw Bridge,0.0359575748443603,-0.0213182568550109,0.8493185043334961,-0.024898409843444824
55002,0.9055681228637696,0.8872610926628113,0.8523567914962769,False,Wye at Belmont,0.0183070302009583,0.0532113313674927,0.8404348492622375,0.0651332736015321
55007,0.9043592214584352,0.8827125430107117,0.8968824148178101,False,Wye at Erwood,0.0216466784477235,0.0074768066406251,0.9103444218635559,-0.005985200405120739
55008,0.8240796327590942,0.759472131729126,0.7704216241836548,False,Wye at Cefn Brwyn,0.0646075010299682,0.0536580085754394,0.7954928874969482,0.028586745262145996
55013,0.9152023792266846,0.9098038077354432,0.9228546023368835,False,Arrow at Titley Mill,0.0053985714912413,-0.0076522231101989,0.9247032999992371,-0.00950092077255249
55014,0.86775141954422,0.8683961033821106,0.9037150740623474,False,Lugg at Byton,-0.0006446838378906,-0.0359636545181274,0.8931347727775574,-0.025383353233337402
55016,0.8712010383605957,0.8094443082809448,0.8865087628364563,False,Ithon at Disserth,0.0617567300796508,-0.0153077244758605,0.8821954727172852,-0.010994434356689453
55018,0.8136823177337646,0.8020244836807251,0.753463864326477,False,Frome at Yarkhill,0.0116578340530395,0.0602184534072876,0.7486633062362671,0.06501901149749756
55021,0.9226942658424376,0.8881086111068726,0.9420078992843628,False,Lugg at Butts Bridge,0.034585654735565,-0.0193136334419251,0.932112991809845,-0.009418725967407338
55023,0.886847198009491,0.8592609167098999,0.8725387454032898,False,Wye at Redbrook,0.027586281299591,0.0143084526062011,0.869387149810791,0.01746004819869995
55025,0.8604699373245239,0.8508411645889282,0.8835885524749756,False,Llynfi at Three Cocks,0.0096287727355957,-0.0231186151504516,0.8888900279998779,-0.028420090675354004
55026,0.8767601847648621,0.8401479721069336,0.8487142324447632,False,Wye at Ddol Farm,0.0366122126579284,0.0280459523200988,0.844820499420166,0.031939685344696045
55029,0.826131284236908,0.8197141289710999,0.7577190399169922,False,Monnow at Grosmont,0.0064171552658081,0.0684122443199157,0.7390899658203125,0.08704131841659546
55032,0.7241290807723999,0.5839185118675232,0.6249475479125977,False,Elan at Caban Dam,0.1402105689048767,0.0991815328598022,0.640218198299408,0.08391088247299194
56001,0.8980643153190613,0.8933234810829163,0.8944053053855896,False,Usk at Chainbridge,0.004740834236145,0.0036590099334716,0.8923519253730774,0.005712389945983887
56007,0.8874354958534241,0.8642938733100891,0.9348189830780028,False,Senni at Pont-Hen-Hafod,0.0231416225433349,-0.0473834872245788,0.934329092502594,-0.04689359664916992
56013,0.9075112342834472,0.9034159779548644,0.9261614084243774,False,Yscir at Pont-Ar-Yscir,0.0040952563285827,-0.0186501741409302,0.9273271560668945,-0.019815921783447377
57004,0.8640679121017456,0.8449705839157104,0.9508723616600036,False,Cynon at Abercynon,0.0190973281860351,-0.086804449558258,0.9515727162361145,-0.0875048041343689
57005,0.8670501112937927,0.8402127027511597,0.9647186994552612,False,Taff at Pontypridd,0.026837408542633,-0.0976685881614685,0.9649752378463745,-0.09792512655258179
57006,0.852137565612793,0.8059722781181335,0.8734427690505981,False,Rhondda at Trehafod,0.0461652874946594,-0.0213052034378051,0.8552926778793335,-0.0031551122665405273
57007,0.8067915439605713,0.8560165166854858,0.9270972013473512,False,Taff at Fiddlers Elbow,-0.0492249727249145,-0.1203056573867797,0.9258028268814087,-0.1190112829208374
57008,0.9055514931678772,0.9053196310997008,0.9468573331832886,False,Rhymney at Llanedeyrn,0.0002318620681763,-0.0413058400154113,0.9544726014137268,-0.04892110824584961
58001,0.8731688857078552,0.8928554058074951,0.9596033692359924,False,Ogmore at Bridgend,-0.0196865200996398,-0.0864344835281372,0.9577686786651611,-0.08459979295730591
58006,0.844366192817688,0.8646531105041504,0.9164199233055116,False,Mellte at Pontneddfechan,-0.0202869176864624,-0.0720537304878234,0.9112317562103271,-0.06686556339263916
58008,0.8602821826934814,0.7116916179656982,0.8610200881958008,False,Dulais at Cilfrew,0.1485905647277832,-0.0007379055023193,0.8441610932350159,0.016121089458465576
58009,0.8968105912208557,0.8748818635940552,0.8645886182785034,False,Ewenny at Keepers Lodge,0.0219287276268005,0.0322219729423522,0.8545525074005127,0.04225808382034302
59001,0.8212346434593201,0.6944135427474976,0.8211115598678589,False,Tawe at Ynystanglws,0.1268211007118225,0.0001230835914611,0.81247878074646,0.008755862712860107
60002,0.8203429579734802,0.7729800939559937,0.887332558631897,False,Cothi at Felin Mynachdy,0.0473628640174865,-0.0669896006584167,0.8925212621688843,-0.07217830419540405
60003,0.880090057849884,0.8612720966339111,0.9170844554901124,False,Taf at Clog-y-Fran,0.0188179612159729,-0.0369943976402282,0.9142083525657654,-0.03411829471588135
60005,0.884088397026062,0.8725051879882812,0.907102644443512,False,Bran at Llandovery,0.0115832090377807,-0.0230142474174499,0.8953636884689331,-0.011275291442871094
60006,0.8401867151260376,0.8128726482391357,0.8910681009292603,False,Gwili at Glangwili,0.0273140668869018,-0.0508813858032226,0.8907076716423035,-0.05052095651626587
60010,0.8713697791099548,0.8824869394302368,0.9310293197631836,False,Tywi at Capel Dewi,-0.0111171603202819,-0.0596595406532287,0.9319664239883423,-0.06059664487838745
61002,0.8719828724861145,0.8596735000610352,0.8779894113540649,False,Eastern Cleddau at Canaston Bridge,0.0123093724250793,-0.0060065388679504,0.8766598105430603,-0.004676938056945801
62001,0.8991459608078003,0.8843313455581665,0.8880371451377869,False,Teifi at Glanteifi,0.0148146152496337,0.0111088156700134,0.8881737589836121,0.010972201824188232
63001,0.8451834321022034,0.8333290815353394,0.9046462178230286,False,Ystwyth at Pont Llolwyn,0.011854350566864,-0.0594627857208251,0.9098346829414368,-0.0646512508392334
64002,0.7503530979156494,0.6891247034072876,0.4383825063705444,False,Dysynni at Pont-y-Garth,0.0612283945083618,0.311970591545105,0.5293596982955933,0.22099339962005615
65001,0.8090202808380127,0.7920160293579102,0.8773786425590515,False,Glaslyn at Beddgelert,0.0170042514801025,-0.0683583617210388,0.8789255619049072,-0.06990528106689453
65005,0.7745087146759033,0.7600120306015015,0.8506965041160583,False,Erch at Pencaenewydd,0.0144966840744018,-0.076187789440155,0.8458105325698853,-0.07130181789398193
65008,0.7160475254058838,0.6148261427879333,0.6456223726272583,False,Peris at Nant Peris,0.1012213826179504,0.0704251527786254,0.6529439091682434,0.06310361623764038
66001,0.890921950340271,0.8850151896476746,0.9122278690338136,False,Clwyd at Pont-y-Cambwll,0.0059067606925964,-0.0213059186935424,0.9140195846557617,-0.023097634315490723
66004,0.6576253175735474,0.2144023776054382,-0.2602826356887817,False,Wheeler at Bodfari,0.4432229399681091,0.9179079532623292,-0.12185227870941162,0.779477596282959
66011,0.8275064826011658,0.5891847610473633,0.7091325521469116,False,Conwy at Cwmlanerch,0.2383217215538025,0.1183739304542541,0.7011626958847046,0.12634378671646118
67001,0.9025233387947084,0.1998275518417358,-0.1277291774749755,False,Dee at Bala,0.7026957869529725,1.0302525162696838,-0.13154292106628418,1.0340662598609924
67006,0.879066526889801,0.8658043146133423,0.8745777606964111,False,Alwen at Druid,0.0132622122764587,0.0044887661933898,0.8883816599845886,-0.009315133094787598
67008,0.851668119430542,0.6835288405418396,0.5452010035514832,False,Alyn at Pont-y-Capel,0.1681392788887024,0.3064671158790588,0.5917645692825317,0.25990355014801025
67015,0.918932318687439,0.86652672290802,0.8332626819610596,False,Dee at Manley Hall,0.0524055957794189,0.0856696367263794,0.8232362866401672,0.09569603204727173
67018,0.8604134321212769,0.7198883891105652,0.6834191679954529,False,Dee at New Inn,0.1405250430107116,0.1769942641258239,0.6721788644790649,0.18823456764221191
68001,0.8750832676887512,0.8557888269424438,0.764195442199707,False,Weaver at Ashbrook,0.0192944407463073,0.1108878254890441,0.82525235414505,0.04983091354370117
68003,0.8325256705284119,0.8047972917556763,0.8915380835533142,False,Dane at Rudheath,0.0277283787727355,-0.0590124130249023,0.8811986446380615,-0.04867297410964966
68004,0.8090075850486755,0.8022037744522095,0.8056559562683105,False,Wistaston Brook at Marshfield Bridge,0.006803810596466,0.0033516287803649,0.8228132128715515,-0.013805627822875977
68005,0.7533150315284729,0.7742915749549866,0.8351370692253113,False,Weaver at Audlem,-0.0209765434265136,-0.0818220376968383,0.8362405300140381,-0.08292549848556519
69002,0.8554391860961914,0.8310407400131226,0.8950430750846863,False,Irwell at Adelphi Weir,0.0243984460830688,-0.0396038889884948,0.8934630155563354,-0.03802382946014404
69015,0.8025972843170166,0.8037657737731934,0.8392893075942993,False,Etherow at Compstall,-0.0011684894561767,-0.0366920232772827,0.8372995257377625,-0.03470224142074585
69027,0.8572332262992859,0.7683439254760742,0.9030306935310364,False,Tame at Portwood,0.0888893008232116,-0.0457974672317504,0.9004995822906494,-0.043266355991363525
71001,0.8831716179847717,0.8756871223449707,0.9185978770256042,False,Ribble at Samlesbury,0.007484495639801,-0.0354262590408325,0.9167958498001099,-0.033624231815338135
71004,0.8699405193328857,0.8608193397521973,0.9006807804107666,False,Calder at Whalley Weir,0.0091211795806884,-0.0307402610778808,0.9066584706306458,-0.03671795129776001
71006,0.8880636096000671,0.8800792694091797,0.9509810209274292,False,Ribble at Henthorn,0.0079843401908874,-0.062917411327362,0.9518058896064758,-0.06374228000640869
72002,0.8340996503829956,0.8290356397628784,0.8984746932983398,False,Wyre at St Michaels,0.0050640106201171,-0.0643750429153442,0.905221700668335,-0.07112205028533936
72004,0.8184083700180054,0.8108460307121277,0.8469031453132629,False,Lune at Caton,0.0075623393058776,-0.0284947752952575,0.852917492389679,-0.034509122371673584
72005,0.8177982568740845,0.7800405621528625,0.8536527156829834,False,Lune at Killington,0.0377576947212219,-0.0358544588088989,0.8427727222442627,-0.024974465370178223
73005,0.8309516906738281,0.8263218402862549,0.8869199156761169,False,Kent at Sedgwick,0.0046298503875732,-0.0559682250022888,0.8912689089775085,-0.06031721830368042
73010,0.930673897266388,0.6234914064407349,0.5026926398277283,False,Leven at Newby Bridge,0.3071824908256532,0.4279812574386598,0.5235586166381836,0.40711528062820446
73011,0.8603062629699707,0.8601001501083374,0.9235010743141174,False,Mint at Mint Bridge,0.0002061128616333,-0.0631948113441467,0.9256196618080139,-0.06531339883804321
74001,0.8527896404266357,0.8230704069137573,0.8816521763801575,False,Duddon at Duddon Hall,0.0297192335128784,-0.0288625359535217,0.8936470150947571,-0.04085737466812134
74006,0.8209583759307861,0.806063711643219,0.9035285115242004,False,Calder at Calder Hall,0.0148946642875671,-0.0825701355934143,0.9058871269226074,-0.08492875099182129
75003,0.8872408866882324,0.7249975204467773,0.7763047218322754,False,Derwent at Ouse Bridge,0.162243366241455,0.110936164855957,0.7825902700424194,0.10465061664581299
75004,0.8834819197654724,0.7864277958869934,0.8713010549545288,False,Cocker at Southwaite Bridge,0.097054123878479,0.0121808648109436,0.8511642217636108,0.03231769800186157
76005,0.791375994682312,0.7879297137260437,0.7511209845542908,False,Eden at Temple Sowerby,0.0034462809562683,0.0402550101280212,0.7589490413665771,0.03242695331573486
76007,0.9084781408309937,0.8670186400413513,0.8707334399223328,False,Eden at Sheepmount,0.0414595007896423,0.0377447009086608,0.8700295686721802,0.03844857215881348
76008,0.769978404045105,0.7325736284255981,0.779218852519989,False,Irthing at Greenholme,0.0374047756195068,-0.009240448474884,0.7807304859161377,-0.010752081871032715
76011,0.7786538004875183,0.6781921982765198,0.7268275022506714,False,Coal Burn at Coalburn,0.1004616022109985,0.0518262982368469,0.7236781120300293,0.054975688457489014
77002,0.8560283780097961,0.8544244766235352,0.9250293374061584,False,Esk at Canonbie,0.0016039013862609,-0.0690009593963623,0.924357533454895,-0.06832915544509888
78003,0.9012569189071656,0.8808954954147339,0.9178642630577089,False,Annan at Brydekirk,0.0203614234924317,-0.0166073441505431,0.9168753623962402,-0.015618443489074596
78004,0.8086646795272827,0.7054911255836487,0.7940362095832825,False,Kinnel Water at Redhall,0.103173553943634,0.0146284699440002,0.7859857082366943,0.02267897129058838
79002,0.87787264585495,0.8714377880096436,0.9424244165420532,False,Nith at Friars Carse,0.0064348578453063,-0.0645517706871032,0.9433315992355347,-0.06545895338058472
79003,0.8252653479576111,0.7644965052604675,0.8638856410980225,False,Nith at Hall Bridge,0.0607688426971435,-0.0386202931404113,0.8618839979171753,-0.03661864995956421
79004,0.8652769327163696,0.8231422901153564,0.9196484684944152,False,Scar Water at Capenoch,0.0421346426010131,-0.0543715357780456,0.937322199344635,-0.07204526662826538
79005,0.8598678112030029,0.8386884331703186,0.9220901727676392,False,Cluden Water at Fiddlers Ford,0.0211793780326843,-0.0622223615646362,0.9298170208930969,-0.069949209690094
79006,0.854588508605957,0.8457717895507812,0.9261147379875184,False,Nith at Drumlanrig,0.0088167190551757,-0.0715262293815612,0.9233169555664062,-0.06872844696044922
80001,0.8561720848083496,0.8514761328697205,0.9225324392318726,False,Urr at Dalbeattie,0.0046959519386291,-0.0663603544235229,0.920242965221405,-0.06407088041305542
81003,0.8198868036270142,0.739657998085022,0.7247897386550903,False,Luce at Airyhemming,0.0802288055419921,0.0950970649719238,0.6933760643005371,0.12651073932647705
82001,0.8504511713981628,0.8245185613632202,0.8421711921691895,False,Girvan at Robstone,0.0259326100349426,0.0082799792289733,0.8567492961883545,-0.00629812479019165
82003,0.815949022769928,0.8291275501251221,0.9306415319442748,False,Stinchar at Balnowlart,-0.013178527355194,-0.1146925091743469,0.9243737459182739,-0.10842472314834595
83003,0.7845497131347656,0.7705826163291931,0.8869286179542542,False,Ayr at Catrine,0.0139670968055725,-0.1023789048194885,0.8801299929618835,-0.09558027982711792
83004,0.8064320683479309,0.7937843799591064,0.8949549198150635,False,Lugar Water at Langholm,0.0126476883888244,-0.0885228514671325,0.9058948159217834,-0.09946274757385254
84001,0.8855218291282654,0.8410826325416565,0.8920865654945374,False,Kelvin at Killermont,0.0444391965866088,-0.0065647363662719,0.8830812573432922,0.0024405717849731445
84004,0.8785984516143799,0.8748689889907837,0.924826443195343,False,Clyde at Sills of Clyde,0.0037294626235961,-0.0462279915809631,0.9202080965042114,-0.04160964488983154
84005,0.8986324071884155,0.8858067989349365,0.9361194968223572,False,Clyde at Blairston,0.012825608253479,-0.0374870896339416,0.9292623996734619,-0.030629992485046387
84008,0.8246136903762817,0.8010255694389343,0.817986249923706,False,Rotten Calder Water at Redlees,0.0235881209373474,0.0066274404525756,0.8197532892227173,0.004860401153564453
84012,0.830905020236969,0.8438020348548889,0.8964143991470337,False,White Cart Water at Hawkhead,-0.0128970146179199,-0.0655093789100647,0.914176881313324,-0.08327186107635498
84013,0.9067590832710266,0.8987843990325928,0.9383261799812316,False,Clyde at Daldowie,0.0079746842384338,-0.031567096710205,0.9386354684829712,-0.03187638521194458
84014,0.8497427105903625,0.8441141843795776,0.9393418431282043,False,Avon Water at Fairholm,0.0056285262107849,-0.0895991325378418,0.9386320114135742,-0.08888930082321167
84016,0.8217499256134033,0.753919780254364,0.8658109903335571,False,Luggie Water at Condorrat,0.0678301453590393,-0.0440610647201538,0.8683028221130371,-0.04655289649963379
84017,0.8893805742263794,0.7447448968887329,0.7762974500656128,False,Black Cart Water at Milliken Park,0.1446356773376464,0.1130831241607666,0.7518863081932068,0.1374942660331726
84018,0.8804066181182861,0.8742136359214783,0.9352754950523376,False,Clyde at Tulliford Mill,0.0061929821968078,-0.0548688769340515,0.9425983428955078,-0.06219172477722168
84019,0.8293809294700623,0.7950928211212158,0.8600285053253174,False,North Calder Water at Calderpark,0.0342881083488464,-0.0306475758552551,0.8686662316322327,-0.03928530216217041
84020,0.8216063976287842,0.815720796585083,0.8734901547431946,False,Glazert Water at Milton of Campsie,0.0058856010437011,-0.0518837571144104,0.8717501759529114,-0.0501437783241272
84022,0.803504228591919,0.7964928150177002,0.8627951741218567,False,Duneaton at Maidencots,0.0070114135742187,-0.0592909455299377,0.8642287850379944,-0.06072455644607544
85001,0.8583964705467224,0.1922504901885986,0.2583165764808655,False,Leven at Linnbrane,0.6661459803581238,0.6000798940658569,0.20428335666656494,0.6541131138801575
85002,0.800796627998352,0.762069821357727,0.7003504633903503,False,Endrick Water at Gaidrew,0.038726806640625,0.1004461646080017,0.7084593772888184,0.09233725070953369
85003,0.8342089056968689,0.7637680768966675,0.8351565599441528,False,Falloch at Glen Falloch,0.0704408288002014,-0.0009476542472839,0.8553141355514526,-0.02110522985458374
94001,0.917868971824646,0.6375163197517395,0.5872594118118286,False,Ewe at Poolewe,0.2803526520729065,0.3306095600128174,0.4945216178894043,0.4233473539352417
97002,0.7452113032341003,0.5577762722969055,0.5638518929481506,False,Thurso at Halkirk,0.1874350309371948,0.1813594102859497,0.5593211650848389,0.18589013814926147
101002,0.7557876706123352,0.6855142116546631,0.7186383008956909,False,Medina at Shide,0.0702734589576721,0.0371493697166442,0.6938883066177368,0.06189936399459839
