gid,raw,nowcast,lagged,dropnear
6007,0.8587746024131775,0.8979434967041016,0.8841322660446167,0.8879969716072083
7001,0.6715590953826904,0.8789371252059937,0.7024746537208557,0.7938908338546753
7002,0.6846078634262085,0.788413405418396,0.7152550220489502,0.8136622309684753
7003,0.7578054666519165,0.813874363899231,0.7815101742744446,0.8105570077896118
8004,0.6891534924507141,0.8895423412322998,0.7280522584915161,0.8784381747245789
8005,0.7197362184524536,0.7872800827026367,0.7922154068946838,0.7819792628288269
8006,0.7430554628372192,0.7956758737564087,0.7863686084747314,0.8068702220916748
8009,0.6740823984146118,0.8793967366218567,0.6954818964004517,0.8670914173126221
9002,0.7950109839439392,0.8925347924232483,0.8265225887298584,0.8502401113510132
9003,0.7898980975151062,0.8401715755462646,0.7983191013336182,0.8289281129837036
9005,0.6748462915420532,0.892571747303009,0.7084125280380249,0.8901152610778809
10002,0.7577994465827942,0.8095609545707703,0.8027729988098145,0.7806945443153381
11001,0.8499066829681396,0.9139163494110107,0.8872277736663818,0.907486081123352
11003,0.7634883522987366,0.8678482174873352,0.7922590970993042,0.8854626417160034
12001,0.7086609601974487,0.8224772810935974,0.7453219294548035,0.8384365439414978
12002,0.7700648903846741,0.8887872695922852,0.7997533082962036,0.8859593272209167
14001,0.904593288898468,0.9362590312957764,0.9146485328674316,0.9311636090278625
14002,0.8538455963134766,0.8994120359420776,0.8598560094833374,0.9017024636268616
15006,0.8819364309310913,0.9083412885665894,0.8961929678916931,0.9243850708007812
15007,0.8923454284667969,0.9470102190971375,0.9069842100143433,0.9554999470710754
15010,0.8244328498840332,0.8913106322288513,0.8352118134498596,0.9159276485443115
15011,0.7129493951797485,0.8529589176177979,0.719632089138031,0.8688681721687317
15012,0.8337042927742004,0.8809162378311157,0.8522753715515137,0.8636958599090576
15013,0.7624183297157288,0.8625383377075195,0.7663217186927795,0.8794968128204346
16001,0.8808640241622925,0.9596714973449707,0.8873909115791321,0.9434328675270081
16003,0.7989590167999268,0.891231119632721,0.797049880027771,0.8874832987785339
16004,0.9019893407821655,0.9574521780014038,0.9086407423019409,0.9527656435966492
17001,0.8164653778076172,0.8821403980255127,0.8195850849151611,0.8701682686805725
17003,0.8048651218414307,0.8784694075584412,0.8089350461959839,0.8757935762405396
17005,0.8797832727432251,0.927739679813385,0.8848552703857422,0.926762580871582
18001,0.7996048927307129,0.8832657933235168,0.8059602379798889,0.8724391460418701
18002,0.7832297086715698,0.8299480080604553,0.7999221682548523,0.8379075527191162
18003,0.8844290971755981,0.9178733229637146,0.8991745114326477,0.9210118055343628
19001,0.8453986644744873,0.9003409743309021,0.8361771702766418,0.9123986959457397
19006,0.843696653842926,0.8795121312141418,0.8400131464004517,0.8943496942520142
19010,0.5993131399154663,0.6313842535018921,0.6247878074645996,0.5970156192779541
20002,0.743852972984314,0.7544235587120056,0.7519026398658752,0.7544195652008057
20003,0.7640916109085083,0.8631999492645264,0.766741931438446,0.8124046325683594
20007,0.8344414234161377,0.8844413161277771,0.8374027013778687,0.8391730785369873
21003,0.8774638772010803,0.923808217048645,0.8855432271957397,0.9223530292510986
21006,0.8737713694572449,0.9134359955787659,0.8861655592918396,0.934486985206604
21008,0.8468739986419678,0.8865597248077393,0.848249614238739,0.8796229958534241
21009,0.8958886861801147,0.881071150302887,0.8977407217025757,0.8801835775375366
21011,0.8061915636062622,0.885887861251831,0.8230461478233337,0.8504743576049805
21012,0.8626540899276733,0.9147831201553345,0.8588448166847229,0.9162147045135498
21013,0.8086512088775635,0.8919788599014282,0.8246920108795166,0.8851364254951477
21015,0.7460974454879761,0.8031088709831238,0.7638123631477356,0.8146064281463623
21016,0.777742862701416,0.8381252288818359,0.7964506149291992,0.8239017128944397
21017,0.8471405506134033,0.9327073693275452,0.8524806499481201,0.9257615208625793
21018,0.8162961006164551,0.8231799602508545,0.8065183162689209,0.8054773211479187
21022,0.7893584370613098,0.8789522647857666,0.8024170398712158,0.8492387533187866
21023,0.5210555791854858,0.6709652543067932,0.5543402433395386,0.6684167385101318
21024,0.8194705247879028,0.907437801361084,0.8167862892150879,0.8800472021102905
22001,0.8456252813339233,0.9317227602005005,0.8574441075325012,0.895596444606781
22006,0.8434042930603027,0.9042624235153198,0.8560469150543213,0.9013601541519165
22007,0.8286720514297485,0.9239155650138855,0.8394886255264282,0.8983489274978638
22009,0.8220276236534119,0.917323648929596,0.8364731669425964,0.8931856155395508
23001,0.8653668761253357,0.8915147185325623,0.8725161552429199,0.9001831412315369
23004,0.8422224521636963,0.9284957051277161,0.8452965617179871,0.9212898015975952
23006,0.8353042006492615,0.9151318073272705,0.8388092517852783,0.9276341795921326
23007,0.8062993884086609,0.8445337414741516,0.8052239418029785,0.8327651023864746
23008,0.8074567317962646,0.8455086946487427,0.806530773639679,0.8966309428215027
23011,0.8144111037254333,0.8932983875274658,0.8218652009963989,0.8905215263366699
24001,0.8444902896881104,0.8227812051773071,0.8377668857574463,0.8564971685409546
24003,0.7998621463775635,0.8855452537536621,0.8012232184410095,0.880814790725708
24004,0.8351766467094421,0.889407753944397,0.8420556783676147,0.869896411895752
24005,0.7705209255218506,0.8194186687469482,0.782214343547821,0.8282144069671631
25001,0.8398851752281189,0.8684927821159363,0.8409326076507568,0.8882960677146912
25006,0.7979220747947693,0.9020583033561707,0.8042933940887451,0.8901327252388
25012,0.8500757217407227,0.9226610064506531,0.8564258217811584,0.9038065671920776
25020,0.8018262386322021,0.8268793821334839,0.8214452266693115,0.7559864521026611
26003,0.6371787786483765,0.8428969383239746,0.8106995820999146,0.8248939514160156
27001,0.8568820953369141,0.8862193822860718,0.8705055713653564,0.886894166469574
27003,0.9067401885986328,0.9429704546928406,0.911713719367981,0.9476450085639954
27006,0.8344828486442566,0.8821046352386475,0.8354474306106567,0.8859441876411438
27007,0.8451747894287109,0.8718477487564087,0.8556036949157715,0.8555601239204407
27009,0.8444874286651611,0.8866166472434998,0.8451169729232788,0.8963545560836792
27021,0.8691937923431396,0.9124664068222046,0.8801778554916382,0.9280155897140503
27023,0.8084352016448975,0.9165049195289612,0.8165978193283081,0.9002279043197632
27025,0.7981934547424316,0.8737511038780212,0.802472710609436,0.8831506967544556
27026,0.8141670227050781,0.9027824401855469,0.806799590587616,0.8576237559318542
27029,0.8871965408325195,0.9277312755584717,0.8864363431930542,0.9161198735237122
27030,0.8045716881752014,0.9009914398193359,0.8260184526443481,0.8988444209098816
27032,-0.06621599197387695,-0.2553356885910034,-0.06856369972229004,0.10511338710784912
27034,0.8545443415641785,0.9180333018302917,0.8606283664703369,0.9132952690124512
27035,0.8824671506881714,0.9074075222015381,0.882500171661377,0.903124988079071
27038,0.11387699842453003,0.01076894998550415,0.07826435565948486,-0.04735267162322998
27042,0.8213276863098145,0.8380812406539917,0.8130297064781189,0.7521691918373108
27047,0.8673909306526184,0.9148725271224976,0.8691802024841309,0.9231983423233032
27051,0.836574912071228,0.845589816570282,0.8389958143234253,0.8370903134346008
27071,0.8172096014022827,0.8539110422134399,0.8537662029266357,0.8702789545059204
28001,0.6096096634864807,0.7191523909568787,0.6293002367019653,0.7333500385284424
28008,0.8604312539100647,0.9373140931129456,0.8797115087509155,0.9286397695541382
28009,0.8694016337394714,0.8836468458175659,0.8712636232376099,0.8959580659866333
28012,0.7958291172981262,0.8324428796768188,0.793999195098877,0.8074289560317993
28018,0.8836408257484436,0.9288711547851562,0.8918012976646423,0.9239564538002014
28022,0.8340030908584595,0.8627545833587646,0.8173689246177673,0.8245018720626831
28024,0.8267924785614014,0.875541090965271,0.8550055027008057,0.9025471210479736
28026,0.799685001373291,0.7384340763092041,0.8079813122749329,0.7515140771865845
28031,0.826366126537323,0.9302375316619873,0.8307817578315735,0.9297804236412048
28039,0.7208184003829956,0.8386746048927307,0.7253193855285645,0.8455256223678589
28040,0.7892324328422546,0.8713150024414062,0.8055341839790344,0.818422794342041
28043,0.8479262590408325,0.9233566522598267,0.8690546154975891,0.9151808619499207
28046,0.848414957523346,0.8856537938117981,0.8450893759727478,0.8924120664596558
28048,0.7849900722503662,0.8695360422134399,0.7768162488937378,0.8360003232955933
28050,0.7514420747756958,0.8042882084846497,0.8165586590766907,0.7951974868774414
28052,0.7686808109283447,0.7535662651062012,0.7486969232559204,0.7714376449584961
28067,0.8598531484603882,0.9166725277900696,0.8770822882652283,0.9131736755371094
28080,0.7912848591804504,0.8441124558448792,0.7962931394577026,0.8533635139465332
28082,0.8653265237808228,0.9046880602836609,0.8732502460479736,0.8795053362846375
28085,0.905135989189148,0.9465261101722717,0.9186491966247559,0.946872353553772
29002,0.6888939142227173,0.7672168612480164,0.7010632157325745,0.7489758729934692
29003,0.7064652442932129,0.8182709217071533,0.735110878944397,0.7596746683120728
29005,0.3064011335372925,0.370921790599823,0.33434730768203735,0.3503047227859497
30001,0.8384559750556946,0.8959998488426208,0.8797243237495422,0.8900342583656311
30004,0.6556258797645569,0.7578227519989014,0.6448626518249512,0.7364033460617065
30005,0.7766292095184326,0.8718092441558838,0.8346268534660339,0.7910228967666626
30011,0.7962015867233276,0.853688657283783,0.8187869191169739,0.8462234139442444
30012,0.7557295560836792,0.8101263642311096,0.7696201801300049,0.7957689166069031
30014,0.7501037120819092,0.7991371154785156,0.7694357633590698,0.7996185421943665
31002,0.7052291631698608,0.814281165599823,0.8006754517555237,0.7790274024009705
31006,-0.2769409418106079,-0.04269254207611084,-0.28776514530181885,0.10812699794769287
31010,0.7444839477539062,0.8443337678909302,0.7781132459640503,0.797430694103241
31021,0.7824755907058716,0.8227604627609253,0.822390079498291,0.8671383261680603
31023,0.6378710865974426,0.7677667140960693,0.6695676445960999,0.7506400346755981
32003,0.7240424752235413,0.7903376817703247,0.7284834384918213,0.7596855163574219
32004,0.8115738034248352,0.857934296131134,0.8384820818901062,0.8636229038238525
32006,0.8484240174293518,0.9110817313194275,0.8503189086914062,0.8742181062698364
32008,0.8663110136985779,0.9326201677322388,0.8639694452285767,0.906471848487854
33006,0.550249457359314,0.586966872215271,0.6207957863807678,0.5695984363555908
33007,0.7580540776252747,0.8473935127258301,0.8152391910552979,0.8333176970481873
33012,0.7924656867980957,0.8261242508888245,0.8016414642333984,0.8478827476501465
33013,0.3194342851638794,0.6282515525817871,0.40004169940948486,0.5883826017379761
33014,0.7951651811599731,0.8499419689178467,0.7902207374572754,0.7754581570625305
33018,0.8277930021286011,0.8886058330535889,0.8321646451950073,0.8732855319976807
33019,0.7051686644554138,0.825767993927002,0.8107421398162842,0.7673097848892212
33021,0.7079434394836426,0.7767642736434937,0.7931974530220032,0.7907166481018066
33022,0.8441079258918762,0.8907442688941956,0.881698727607727,0.8766686916351318
33023,0.24219787120819092,-0.0914163589477539,0.18157929182052612,-0.1735701560974121
33024,0.609374463558197,0.7984486222267151,0.6486982107162476,0.72408127784729
33026,0.7915940284729004,0.9005715250968933,0.8544148802757263,0.9054654836654663
33028,0.7836199402809143,0.8324678540229797,0.8049642443656921,0.7936681509017944
33029,0.7686913013458252,0.8102879524230957,0.7815684080123901,0.7886981964111328
33031,0.6091389656066895,0.7768094539642334,0.6355355381965637,0.6956923007965088
33032,0.2108997106552124,0.4050031304359436,0.30083167552948,0.47849148511886597
33033,0.687096118927002,0.7512468695640564,0.703407347202301,0.744437575340271
33034,0.6903283596038818,0.8397359251976013,0.716503381729126,0.701197624206543
33035,0.7788534164428711,0.7821342945098877,0.765468955039978,0.7707693576812744
33039,0.7015807628631592,0.7895241379737854,0.7449818849563599,0.807824969291687
33053,0.5626929998397827,0.7255133390426636,0.6394311189651489,0.6732622385025024
34002,0.7910326719284058,0.9072027206420898,0.8056545257568359,0.906985878944397
34003,0.45708441734313965,0.7223001718521118,0.5251514911651611,0.6109994649887085
34004,0.4801056385040283,0.49477463960647583,0.42510104179382324,0.5907517671585083
34005,0.5686324238777161,0.8034719228744507,0.5626646280288696,0.7435212135314941
34006,0.7734735608100891,0.8586953282356262,0.8688347935676575,0.851131021976471
34007,0.7029913067817688,0.7916003465652466,0.7437782287597656,0.8316323757171631
34008,-0.8810106515884399,0.20040607452392578,-0.6344369649887085,-0.1136399507522583
34010,0.6168071031570435,0.6166147589683533,0.6516222357749939,0.6480671167373657
34011,-0.19437575340270996,0.528337836265564,-0.13467872142791748,0.48866569995880127
34012,-1.3927695751190186,-0.2890903949737549,-1.3702163696289062,-0.4390658140182495
35003,0.4836846590042114,0.5772800445556641,0.5052977800369263,0.5520022511482239
35008,0.8175605535507202,0.9172306656837463,0.8477288484573364,0.8732545375823975
36003,0.7489699125289917,0.8056843876838684,0.7669779062271118,0.7974177598953247
36006,0.6091916561126709,0.6841678619384766,0.6851375102996826,0.6959301233291626
36009,0.7481012344360352,0.856688380241394,0.7615606784820557,0.8483328223228455
36010,0.7253429889678955,0.9015746712684631,0.7302145957946777,0.8546229600906372
36011,0.7683448791503906,0.9040476083755493,0.7712885141372681,0.8808510303497314
36012,0.5970938205718994,0.6810287237167358,0.6130216121673584,0.7043313980102539
37001,0.8005572557449341,0.7152810096740723,0.7974352836608887,0.7103649377822876
37003,0.6478902101516724,0.7360460758209229,0.6777926683425903,0.7620243430137634
37005,0.7927951812744141,0.9115892648696899,0.8340272903442383,0.8361949920654297
37008,0.779721200466156,0.8233433961868286,0.82282555103302,0.8088173866271973
37009,0.7914565205574036,0.8416193723678589,0.7840926647186279,0.8114804029464722
37010,0.7216789722442627,0.7851464152336121,0.7597376704216003,0.7659422159194946
37011,0.8192087411880493,0.8585842847824097,0.8314387798309326,0.9047478437423706
37018,0.6700857281684875,0.7656766772270203,0.6722735166549683,0.6829569935798645
37019,0.712708592414856,0.8063680529594421,0.7232065200805664,0.7306151390075684
37020,0.7413135170936584,0.860676646232605,0.7683937549591064,0.849885106086731
38001,0.7317596077919006,0.811638355255127,0.6950418949127197,0.8001367449760437
38003,-0.07301115989685059,0.09891754388809204,-0.023213744163513184,0.037431418895721436
38007,0.7916401028633118,0.7775063514709473,0.7948774099349976,0.7742716073989868
38014,0.7744259834289551,0.9134208559989929,0.8050965666770935,0.846386194229126
38017,-2.6224586963653564,-1.9071452617645264,-1.8282127380371094,-1.7825899124145508
38018,0.759274423122406,0.834283709526062,0.833528995513916,0.8160982131958008
38021,0.7970314025878906,0.8956932425498962,0.8075941801071167,0.8075737953186035
39001,0.8843239545822144,0.8037844896316528,0.8246497511863708,0.8121582269668579
39006,0.8758761882781982,0.8846770524978638,0.8665730953216553,0.9015846252441406
39007,0.8183517456054688,0.8479187488555908,0.8160762786865234,0.8274733424186707
39010,-0.06832325458526611,0.5031046867370605,0.11369091272354126,0.2126091718673706
39011,0.7670355439186096,0.8832278847694397,0.7822877168655396,0.8134769797325134
39012,0.6095150709152222,0.683207631111145,0.6000365018844604,0.6946299076080322
39014,-1.6287968158721924,-0.04107379913330078,-1.2161765098571777,-0.3693218231201172
39016,0.6758105754852295,0.7671767473220825,0.6873403787612915,0.70650315284729
39020,0.8714622855186462,0.9215628504753113,0.8857283592224121,0.8839789628982544
39021,0.42916280031204224,0.7617349624633789,0.5024553537368774,0.7352849245071411
39022,0.8593500852584839,0.8808742165565491,0.8505687713623047,0.8452604413032532
39023,-2.3271076679229736,-1.3827898502349854,-2.3432505130767822,-0.9980028867721558
39025,0.8814305067062378,0.852506697177887,0.8666713237762451,0.8936470746994019
39027,0.17218703031539917,0.39551806449890137,0.02725917100906372,0.0870782732963562
39028,0.3498684763908386,0.3607979416847229,0.23460590839385986,0.27396708726882935
39029,0.1426982283592224,0.2476676106452942,0.04904657602310181,0.424308180809021
39034,0.8260312080383301,0.9041504263877869,0.8482480645179749,0.9005505442619324
39035,0.5222203731536865,0.5670489072799683,0.5502015352249146,0.6690782308578491
39036,-5.886982440948486,-3.2631964683532715,-5.318569660186768,-3.442140579223633
39037,0.7237714529037476,0.7899680137634277,0.7641041278839111,0.747870683670044
39042,0.7545129060745239,0.8452900052070618,0.8232066631317139,0.874704122543335
39052,0.8315863609313965,0.8394015431404114,0.8546037077903748,0.828499972820282
39061,0.6746384501457214,0.6944934725761414,0.6838315725326538,0.6471800804138184
39081,0.7713233828544617,0.8582579493522644,0.7837862968444824,0.8640941381454468
40003,0.8688396215438843,0.9062754511833191,0.8829377293586731,0.8894333839416504
40004,0.8344350457191467,0.8527677059173584,0.8496657013893127,0.8571449518203735
40005,0.8641951084136963,0.8857133388519287,0.8845381736755371,0.8693004846572876
40007,0.86278235912323,0.9237125515937805,0.8636751174926758,0.9012960195541382
40009,0.787695586681366,0.8430315852165222,0.7829932570457458,0.8810905814170837
40010,0.8712265491485596,0.839704155921936,0.8673416972160339,0.8421087265014648
40011,0.8717232346534729,0.9047424793243408,0.8861322999000549,0.873366117477417
40012,0.7041497230529785,0.6813341379165649,0.6412409543991089,0.7390432357788086
40013,0.6234043836593628,0.6695831418037415,0.6341137886047363,0.6656777858734131
40016,0.37409186363220215,0.3521714210510254,0.3818262815475464,0.41451627016067505
40018,0.789972722530365,0.8338788151741028,0.7818829417228699,0.8490686416625977
41001,0.48361796140670776,0.6089286208152771,0.4724072217941284,0.5826207995414734
41003,0.7902984619140625,0.8317267894744873,0.7925211191177368,0.8315442800521851
41005,0.867798388004303,0.8911828994750977,0.8677861094474792,0.9153732061386108
41006,0.6921697854995728,0.8352813124656677,0.6847458481788635,0.8555282354354858
41011,0.8124518394470215,0.8596181869506836,0.8099103569984436,0.8421279191970825
41012,0.7518541812896729,0.8282184600830078,0.7481784224510193,0.8074359893798828
41013,0.7840969562530518,0.8711309432983398,0.7954646348953247,0.9156357645988464
41014,0.842427670955658,0.8318672776222229,0.847315788269043,0.8272761702537537
41016,0.7889020442962646,0.9038558602333069,0.7920372486114502,0.8965173363685608
41019,0.8465064764022827,0.882002055644989,0.8469013571739197,0.8801701068878174
41020,0.7934874296188354,0.883562445640564,0.8026907444000244,0.9058975577354431
41022,0.8511868715286255,0.9015280604362488,0.8574460744857788,0.8769895434379578
41023,0.5916328430175781,0.6489198207855225,0.546403169631958,0.6608244180679321
41025,0.8594513535499573,0.8950588703155518,0.8609464764595032,0.8916138410568237
41027,0.7044516801834106,0.8078898191452026,0.7026355266571045,0.784194827079773
41028,0.7595125436782837,0.8109928369522095,0.7607520818710327,0.7752315998077393
42001,0.695366621017456,0.8012353181838989,0.6905544996261597,0.7861989736557007
42003,0.7984012961387634,0.7767741084098816,0.8042846322059631,0.796998918056488
42004,0.6171427369117737,0.7268351912498474,0.625251293182373,0.6960762143135071
42006,0.8464736938476562,0.8606159687042236,0.8248782157897949,0.8942099213600159
42008,0.7281112670898438,0.7890863418579102,0.7252078056335449,0.7818350791931152
42010,0.7282804250717163,0.8023800253868103,0.7329050302505493,0.8001825213432312
42011,0.7425872087478638,0.7556990385055542,0.7566472291946411,0.7695069313049316
43005,0.8689432144165039,0.9248492121696472,0.8986865878105164,0.892662763595581
43006,0.8756178021430969,0.8978782296180725,0.8953377604484558,0.9060313105583191
43007,0.8454039692878723,0.8518257737159729,0.839397668838501,0.8530825972557068
43008,0.7514561414718628,0.8052141666412354,0.726993203163147,0.7760862112045288
43009,0.8937053084373474,0.8983990550041199,0.8950993418693542,0.9009654521942139
43014,0.6686202883720398,0.731948971748352,0.678352952003479,0.7149379253387451
43017,0.7822933197021484,0.8454455137252808,0.8149003386497498,0.8260577321052551
44001,0.7267681360244751,0.8518069982528687,0.7142822742462158,0.8528445959091187
44002,0.825424075126648,0.8525325059890747,0.8139609098434448,0.8603408336639404
44006,0.6942940950393677,0.7707206606864929,0.7401118278503418,0.6384887099266052
45001,0.92067551612854,0.9118157625198364,0.918074369430542,0.9357882142066956
45003,0.8284134864807129,0.8986139297485352,0.8326109647750854,0.9027456045150757
45004,0.7908157110214233,0.8982061147689819,0.8014411926269531,0.8892915844917297
45005,0.8037458658218384,0.898806095123291,0.8146746158599854,0.8862000703811646
45009,0.9135140776634216,0.93433678150177,0.9229742288589478,0.9380240440368652
45012,0.8255530595779419,0.903764009475708,0.8220365047454834,0.903820276260376
46003,0.8737963438034058,0.9650101065635681,0.8841317892074585,0.9489367604255676
46005,0.8045049905776978,0.9282788038253784,0.8183663487434387,0.9168456792831421
47001,0.9282329678535461,0.9540883302688599,0.9309588670730591,0.9637383818626404
47004,0.9219262599945068,0.9638497829437256,0.9289419651031494,0.9540497064590454
47008,0.8358027935028076,0.9228706359863281,0.8509091138839722,0.8990492820739746
47009,0.9363503456115723,0.9573966860771179,0.9458414316177368,0.9418590068817139
48004,0.8940241932868958,0.9419795274734497,0.9026421308517456,0.9335187077522278
48005,0.9068745374679565,0.9399392008781433,0.9146344661712646,0.9450675249099731
48011,0.9056174159049988,0.9537463188171387,0.9127801060676575,0.9434812664985657
49002,0.8784254193305969,0.9031557440757751,0.8888106346130371,0.8933244943618774
49004,0.8769983649253845,0.9147096872329712,0.8864590525627136,0.9061415195465088
50001,0.9269872307777405,0.9631525278091431,0.9330352544784546,0.9451786279678345
50002,0.8914532661437988,0.9444356560707092,0.9006687998771667,0.9409438371658325
50006,0.9222936034202576,0.9377096891403198,0.9268133044242859,0.915939450263977
51001,0.8755161166191101,0.9066914319992065,0.8860594630241394,0.8883674144744873
52004,0.8434159755706787,0.904622495174408,0.8538683652877808,0.8994422554969788
52005,0.8854643702507019,0.9281836748123169,0.8912900686264038,0.9281883835792542
52006,0.8535947799682617,0.9173414707183838,0.8556825518608093,0.8610490560531616
52007,0.8179678320884705,0.8870748281478882,0.8227339386940002,0.8783882260322571
52009,0.870735228061676,0.8919006586074829,0.879654586315155,0.8984794020652771
52010,0.810822606086731,0.8723537921905518,0.8176068067550659,0.8800352811813354
52011,0.8425783514976501,0.8541896939277649,0.8742626309394836,0.8450356125831604
52016,0.8535667061805725,0.8528111577033997,0.868272602558136,0.8776904940605164
53005,0.8911216259002686,0.9446438550949097,0.9087036848068237,0.9357175827026367
53006,0.9016728401184082,0.9276338219642639,0.9016939401626587,0.9060320854187012
53007,0.8880958557128906,0.9333307147026062,0.8985883593559265,0.9154266119003296
53008,0.8589577078819275,0.9134431481361389,0.8827840089797974,0.872657299041748
53009,0.9156351685523987,0.960578441619873,0.9293308854103088,0.9418898820877075
53013,0.8537870049476624,0.8649523854255676,0.8457292318344116,0.8522855639457703
53018,0.9156272411346436,0.939313530921936,0.929206132888794,0.9428198337554932
54001,0.8248575925827026,0.802646279335022,0.7878287434577942,0.7847006320953369
54002,0.8736171126365662,0.8972824811935425,0.9064884185791016,0.9000622034072876
54003,0.7010253667831421,0.755358099937439,0.6887891888618469,0.7461345195770264
54004,0.8246181011199951,0.8133022785186768,0.8183737993240356,0.8499246835708618
54005,0.8767181634902954,0.8692833185195923,0.8649972081184387,0.865799069404602
54007,0.6684333086013794,0.7658562064170837,0.6645522117614746,0.7807324528694153
54008,0.9157798886299133,0.9597710967063904,0.9409120082855225,0.9486210346221924
54012,0.7960721254348755,0.8544586896896362,0.8092755675315857,0.8353698253631592
54015,0.5295689105987549,0.5799839496612549,0.5556632876396179,0.6255457997322083
54017,0.7716559171676636,0.6990742683410645,0.7730594873428345,0.776333212852478
54018,0.8696027398109436,0.84154212474823,0.8747513294219971,0.8816378116607666
54019,0.7197312116622925,0.8011612892150879,0.7619874477386475,0.7795451283454895
54020,0.8497904539108276,0.8848974704742432,0.8386702537536621,0.8634312152862549
54024,0.6340144276618958,0.742199718952179,0.6407941579818726,0.6115999817848206
54025,0.9121220707893372,0.9303396344184875,0.9044612050056458,0.9292124509811401
54027,0.8587455749511719,0.8742083311080933,0.8519302010536194,0.8733858466148376
54028,0.9031040668487549,0.9124035835266113,0.909013032913208,0.8903523683547974
54029,0.9121102690696716,0.902552604675293,0.921170711517334,0.9404970407485962
54032,0.8405476212501526,0.9003987312316895,0.8518967032432556,0.8855026960372925
54034,0.5988271236419678,0.5969521999359131,0.5964511036872864,0.6219692230224609
54036,0.7794007658958435,0.8380283713340759,0.7927180528640747,0.8288050293922424
54044,0.7701647281646729,0.7508485317230225,0.746740996837616,0.7545825242996216
54052,0.836926281452179,0.8444838523864746,0.8533762097358704,0.8229997158050537
54057,0.8244200944900513,0.891508162021637,0.8554649949073792,0.886696457862854
55002,0.9055681228637695,0.8819419145584106,0.888622522354126,0.8988842368125916
55007,0.9043592214584351,0.9396507740020752,0.9027155041694641,0.9480183124542236
55008,0.8240796327590942,0.8899045586585999,0.8272978663444519,0.8765970468521118
55013,0.9152023792266846,0.9399045705795288,0.9251149892807007,0.9407070279121399
55014,0.86775141954422,0.9084123373031616,0.8869260549545288,0.9127419590950012
55016,0.8712010383605957,0.9158071875572205,0.8768642544746399,0.9183894991874695
55018,0.8136823177337646,0.8011689186096191,0.7988274097442627,0.8095166087150574
55021,0.9226942658424377,0.9501107931137085,0.9371572732925415,0.9453669786453247
55023,0.886847198009491,0.8915566205978394,0.8874984383583069,0.9160057902336121
55025,0.8604699373245239,0.8992205858230591,0.8552935123443604,0.9070680737495422
55026,0.8767601847648621,0.9177863001823425,0.8762566447257996,0.9179868102073669
55029,0.826131284236908,0.8440033197402954,0.8262739181518555,0.8653169274330139
55032,0.7241290807723999,0.7922835350036621,0.7341955900192261,0.774643063545227
56001,0.8980643153190613,0.9295686483383179,0.9018235206604004,0.9274886846542358
56007,0.8874354958534241,0.9429248571395874,0.8968248963356018,0.9418227076530457
56013,0.9075112342834473,0.9407364130020142,0.9098234176635742,0.9557718634605408
57004,0.8640679121017456,0.9625383019447327,0.8709635138511658,0.942115306854248
57005,0.8670501112937927,0.9765740633010864,0.8715764880180359,0.9641416072845459
57006,0.852137565612793,0.9452051520347595,0.863130509853363,0.9335212111473083
57007,0.8067915439605713,0.9335741400718689,0.8189014196395874,0.9332855343818665
57008,0.9055514931678772,0.9714064598083496,0.9124441146850586,0.9665379524230957
58001,0.8731688857078552,0.9461345076560974,0.8786740899085999,0.9200783371925354
58006,0.844366192817688,0.94940185546875,0.8555262684822083,0.9431213140487671
58008,0.8602821826934814,0.9562461376190186,0.8649686574935913,0.9498162269592285
58009,0.8968105912208557,0.9123520851135254,0.9000149965286255,0.8892745971679688
59001,0.8212346434593201,0.9427957534790039,0.830656886100769,0.9389538168907166
60002,0.8203429579734802,0.9295976161956787,0.8255006074905396,0.908076286315918
60003,0.880090057849884,0.9395778775215149,0.8852810263633728,0.9058669805526733
60005,0.884088397026062,0.9262844324111938,0.884341299533844,0.9326372146606445
60006,0.8401867151260376,0.914230465888977,0.8515658378601074,0.9133410453796387
60010,0.8713697791099548,0.9242647886276245,0.8779736161231995,0.9148597717285156
61002,0.8719828724861145,0.913632333278656,0.8750824928283691,0.8774938583374023
62001,0.8991459608078003,0.9154765009880066,0.9041856527328491,0.9239054322242737
63001,0.8451834321022034,0.9132151007652283,0.8502447605133057,0.8940637111663818
64002,0.7503530979156494,0.8208405375480652,0.7625190019607544,0.8045607805252075
65001,0.8090202808380127,0.9277719259262085,0.817348062992096,0.9203656315803528
65005,0.7745087146759033,0.8748360276222229,0.7730658650398254,0.8522051572799683
65008,0.7160475254058838,0.8683071136474609,0.7182027101516724,0.8487883806228638
66001,0.890921950340271,0.9036340117454529,0.9015235304832458,0.8861974477767944
66004,0.6576253175735474,0.712530255317688,0.6807965636253357,0.6969322562217712
66011,0.8275064826011658,0.9322983026504517,0.8319305777549744,0.9107832312583923
67001,0.9025233387947083,0.9136507511138916,0.9110949039459229,0.9022200703620911
67006,0.879066526889801,0.9019840359687805,0.879805862903595,0.8976938128471375
67008,0.851668119430542,0.8701805472373962,0.8419164419174194,0.8502593636512756
67015,0.918932318687439,0.9001563191413879,0.9125151038169861,0.9155741930007935
67018,0.8604134321212769,0.9386640191078186,0.8590904474258423,0.9375221729278564
68001,0.8750832676887512,0.9259083867073059,0.9119958281517029,0.894751250743866
68003,0.8325256705284119,0.871900737285614,0.8611420392990112,0.8615429997444153
68004,0.8090075850486755,0.8578402400016785,0.801031231880188,0.8752540946006775
68005,0.7533150315284729,0.7810242176055908,0.7713517546653748,0.77094966173172
69002,0.8554391860961914,0.9092905521392822,0.8570923805236816,0.9118050932884216
69015,0.8025972843170166,0.8516322374343872,0.8099626898765564,0.8519432544708252
69027,0.8572332262992859,0.9303763508796692,0.8609139919281006,0.921124279499054
71001,0.8831716179847717,0.9381213188171387,0.8880056142807007,0.9442443251609802
71004,0.8699405193328857,0.9139523506164551,0.871823251247406,0.9263833165168762
71006,0.8880636096000671,0.9539604187011719,0.8930037021636963,0.9407581686973572
72002,0.8340996503829956,0.9092472195625305,0.8381195664405823,0.9102612733840942
72004,0.8184083700180054,0.8749436140060425,0.828989565372467,0.8905354142189026
72005,0.8177982568740845,0.8981035351753235,0.8158397674560547,0.9048926830291748
73005,0.8309516906738281,0.9098144769668579,0.8396651744842529,0.9128854274749756
73010,0.9306738972663879,0.9420033097267151,0.9404844045639038,0.9384775161743164
73011,0.8603062629699707,0.9326436519622803,0.867685854434967,0.9316056966781616
74001,0.8527896404266357,0.9319374561309814,0.8594776391983032,0.9231178164482117
74006,0.8209583759307861,0.9087144136428833,0.8320275545120239,0.9020441174507141
75003,0.8872408866882324,0.9178035855293274,0.903717041015625,0.8920607566833496
75004,0.8834819197654724,0.937468409538269,0.886513888835907,0.9182820320129395
76005,0.791375994682312,0.807593822479248,0.8008438944816589,0.8309438824653625
76007,0.9084781408309937,0.9198830127716064,0.9031002521514893,0.8960000872612
76008,0.769978404045105,0.8409416079521179,0.7738809585571289,0.8280442357063293
76011,0.7786538004875183,0.8519394397735596,0.7869874238967896,0.869849681854248
77002,0.8560283780097961,0.9252467155456543,0.8635303974151611,0.8904880285263062
78003,0.9012569189071655,0.9522119760513306,0.9073900580406189,0.95732182264328
78004,0.8086646795272827,0.915327250957489,0.8105555176734924,0.8987280130386353
79002,0.87787264585495,0.9530103206634521,0.8823333978652954,0.9649497866630554
79003,0.8252653479576111,0.9279822707176208,0.8321525454521179,0.923880398273468
79004,0.8652769327163696,0.9524417519569397,0.8655498623847961,0.9554003477096558
79005,0.8598678112030029,0.9386317133903503,0.8627099394798279,0.9313347339630127
79006,0.854588508605957,0.9416579008102417,0.8543076515197754,0.9557092189788818
80001,0.8561720848083496,0.9370724558830261,0.8630785942077637,0.9423380494117737
81003,0.8198868036270142,0.8776445388793945,0.8276731967926025,0.8907094597816467
82001,0.8504511713981628,0.8930435180664062,0.85060715675354,0.8798953294754028
82003,0.815949022769928,0.9212125539779663,0.8221029043197632,0.9061669707298279
83003,0.7845497131347656,0.9166640043258667,0.7875849008560181,0.9210187792778015
83004,0.8064320683479309,0.9107207655906677,0.8106146454811096,0.898611307144165
84001,0.8855218291282654,0.9331045746803284,0.8936045169830322,0.9285945296287537
84004,0.8785984516143799,0.9516220688819885,0.8946512341499329,0.9195520281791687
84005,0.8986324071884155,0.9437519311904907,0.9043033123016357,0.9506979584693909
84008,0.8246136903762817,0.8782703876495361,0.8332245945930481,0.9034575819969177
84012,0.830905020236969,0.918062150478363,0.8403216600418091,0.9053221940994263
84013,0.9067590832710266,0.9578758478164673,0.9093894958496094,0.9515393972396851
84014,0.8497427105903625,0.9485883712768555,0.8547897338867188,0.950487494468689
84016,0.8217499256134033,0.9014253616333008,0.8297380805015564,0.9063208103179932
84017,0.8893805742263794,0.9214063882827759,0.8960586190223694,0.9113775491714478
84018,0.8804066181182861,0.9417226314544678,0.8908631205558777,0.9126973152160645
84019,0.8293809294700623,0.8763613104820251,0.8449805378913879,0.8685600161552429
84020,0.8216063976287842,0.8956390619277954,0.8220358490943909,0.9018079042434692
84022,0.803504228591919,0.9004617929458618,0.8081927299499512,0.9198760986328125
85001,0.8583964705467224,0.8797134757041931,0.8548001050949097,0.8756219148635864
85002,0.800796627998352,0.8261457085609436,0.8046661615371704,0.8576477766036987
85003,0.8342089056968689,0.902432382106781,0.8405556678771973,0.9177271127700806
94001,0.917868971824646,0.9268187880516052,0.9197558164596558,0.9432851672172546
97002,0.7452113032341003,0.8287515044212341,0.782024085521698,0.7897974848747253
101002,0.7557876706123352,0.8253544569015503,0.7703213691711426,0.8048976063728333
