gid,nse_raw,nse_now,nse_shuf,top1_raw,top1_now,amax_raw,amax_now,amax_shuf,frac_high_perc,gauge_name
6007,0.8587746024131775,0.8979434967041016,0.8587871789932251,-0.9561454057693481,-0.33275437355041504,0.4207343,-5.6707706,0.6591141,0.0,Ness at Ness-side
7001,0.6715590953826904,0.8789371252059937,0.6688776016235352,-3.2402777671813965,-0.11167323589324951,-36.264847,-17.035845,-37.977154,0.0,Findhorn at Shenachie
7002,0.6846078634262085,0.788413405418396,0.6886701583862305,-1.3907017707824707,-0.3810979127883911,-31.757961,-19.329742,-33.32278,0.0,Findhorn at Forres
7003,0.7578054666519165,0.813874363899231,0.7600177526473999,0.3329969048500061,0.6562856435775757,-14.943088,-10.130865,-18.891575,0.0,Lossie at Sheriffmills
8004,0.6891534924507141,0.8895423412322998,0.6813161373138428,-3.8744168281555176,0.005178689956665039,-34.615707,-11.76753,-34.207695,0.0,Avon at Delnashaugh
8005,0.7197362184524536,0.7872800827026367,0.7060322165489197,-2.443415403366089,-1.6372230052947998,-16.650532,-6.1499505,-14.658004,0.0,Spey at Boat of Garten
8006,0.7430554628372192,0.7956758737564087,0.7423462867736816,-3.741823196411133,-3.1276779174804688,-10.331545,-1.1661977,-9.085017,0.0,Spey at Boat o Brig
8009,0.6740823984146118,0.8793967366218567,0.6765234470367432,-5.030766487121582,-0.9903808832168579,-31.657368,-22.985767,-32.275715,0.0,Dulnain at Balnaan Bridge
9002,0.7950109839439392,0.8925347924232483,0.7971360087394714,-0.7607495784759521,0.06492865085601807,-32.350983,-27.577854,-33.854515,0.0,Deveron at Muiresk
9003,0.7898980975151062,0.8401715755462646,0.7859983444213867,-0.8524951934814453,-0.26408421993255615,-27.941628,-18.250446,-30.286068,0.0,Isla at Grange
9005,0.6748462915420532,0.892571747303009,0.7751564979553223,-4.086603164672852,0.1186721920967102,-33.839317,-8.634478,-26.492384,0.0,Allt Deveron at Cabrach
10002,0.7577994465827942,0.8095609545707703,0.7593770027160645,-0.10989880561828613,0.2145717740058899,-7.9018116,-13.625779,-6.2826424,0.0,Ugie at Inverugie
11001,0.8499066829681396,0.9139163494110107,0.8491701483726501,0.27090775966644287,0.5783923864364624,-16.960026,-15.239031,-16.09968,0.0,Don at Parkhill
11003,0.7634883522987366,0.8678482174873352,0.7562689781188965,-0.3698350191116333,0.2619597315788269,-20.739666,-14.452806,-18.391768,0.0,Don at Bridge of Alford
12001,0.7086609601974487,0.8224772810935974,0.6962801218032837,-0.785081148147583,-0.07865738868713379,-37.49002,-15.9484215,-35.122646,0.0,Dee at Woodend
12002,0.7700648903846741,0.8887872695922852,0.7669092416763306,-0.8877192735671997,-0.012787818908691406,-34.528915,-14.244905,-30.328157,0.0,Dee at Park
14001,0.904593288898468,0.9362590312957764,0.9021329283714294,0.07939732074737549,0.41054683923721313,-14.7288475,-1.5089899,-13.404054,0.0,Eden at Kemback
14002,0.8538455963134766,0.8994120359420776,0.8415592908859253,0.23574882745742798,0.4662502408027649,-20.450825,-16.996319,-13.645085,0.0,Dighty Water at Balmossie Mill
15006,0.8819364309310913,0.9083412885665894,0.8792634010314941,-0.7798891067504883,0.2633223533630371,-21.703697,-7.6150355,-21.57877,0.0,Tay at Ballathie
15007,0.8923454284667969,0.9470102190971375,0.8918356895446777,-0.9080767631530762,0.4389593005180359,-11.247053,1.0358036,-12.769362,0.0,Tay at Pitnacree
15010,0.8244328498840332,0.8913106322288513,0.8169253468513489,-0.8778834342956543,-0.23942959308624268,-32.59977,-31.663826,-26.465433,0.0,Isla at Wester Cardean
15011,0.7129493951797485,0.8529589176177979,0.8078603744506836,-4.0970282554626465,-1.0882937908172607,-30.167904,-27.729336,-18.456099,0.0,Lyon at Comrie Bridge
15012,0.8337042927742004,0.8809162378311157,0.827344536781311,-2.835407257080078,-0.9871571063995361,-22.704063,-13.1062,-25.852755,0.0,Tummel at Pitlochry
15013,0.7624183297157288,0.8625383377075195,0.7659587860107422,-2.0361151695251465,-0.6792688369750977,-43.69729,-29.306063,-45.871803,0.0,Almond at Almondbank
16001,0.8808640241622925,0.9596714973449707,0.8749539852142334,-0.5573800802230835,0.7984308004379272,-16.3886,3.562498,-19.68597,0.0,Earn at Kinkell Bridge
16003,0.7989590167999268,0.891231119632721,0.7950410842895508,-1.704585075378418,-0.5744292736053467,-26.113108,-17.726166,-29.94422,0.0,Ruchill Water at Cultybraggan
16004,0.9019893407821655,0.9574521780014038,0.8998467326164246,-0.26705455780029297,0.5047070980072021,-17.774616,-9.236685,-20.851088,0.0,Earn at Forteviot Bridge
17001,0.8164653778076172,0.8821403980255127,0.8175267577171326,-0.14516305923461914,0.30940502882003784,-13.215968,0.93889534,-18.825184,0.0,Carron at Headswood
17003,0.8048651218414307,0.8784694075584412,0.8003961443901062,-0.20269775390625,-0.48114466667175293,12.2703905,24.687922,15.358883,0.0,Bonny Water at Bonnybridge
17005,0.8797832727432251,0.927739679813385,0.877127468585968,-1.7811906337738037,-1.0538582801818848,-16.437317,-13.527069,-17.56052,0.0,Avon at Polmonthill
18001,0.7996048927307129,0.8832657933235168,0.8034038543701172,-1.1951782703399658,-0.14178192615509033,-20.59137,-12.117872,-21.436676,0.0,Allan Water at Kinbuck
18002,0.7832297086715698,0.8299480080604553,0.7814315557479858,-1.9842524528503418,-1.4975123405456543,-35.430454,-32.43,-37.154026,0.0,Devon at Glenochil
18003,0.8844290971755981,0.9178733229637146,0.8838996887207031,-1.272716760635376,-0.22245609760284424,-17.582417,-7.9613357,-21.204308,0.0,Teith at Bridge of Teith
19001,0.8453986644744873,0.9003409743309021,0.8392379879951477,-1.6602697372436523,-0.4089837074279785,-25.641335,-18.280735,-28.506847,0.0,Almond at Craigiehall
19006,0.843696653842926,0.8795121312141418,0.8381286263465881,-1.180811882019043,-0.2550245523452759,-10.093912,-6.5780997,-14.909968,0.0,Water of Leith at Murrayfield
19010,0.5993131399154663,0.6313842535018921,0.5715864896774292,-0.48688042163848877,-0.6697343587875366,31.169075,49.590176,31.957222,0.0,Braid Burn at Liberton
20002,0.743852972984314,0.7544235587120056,0.7447782754898071,-3.357693672180176,-2.2367019653320312,-34.22447,-1.2214096,-24.43996,0.0,West Peffer Burn at Luffness
20003,0.7640916109085083,0.8631999492645264,0.7708839178085327,-1.7611286640167236,-0.2215735912322998,-33.926743,-17.46011,-32.282658,0.0,Tyne at Spilmersford
20007,0.8344414234161377,0.8844413161277771,0.8273268938064575,-0.5148179531097412,0.2989909052848816,-26.641277,-6.3246994,-30.335506,0.0,Gifford Water at Lennoxlove
21003,0.8774638772010803,0.923808217048645,0.8780510425567627,0.05678284168243408,0.3767927289009094,-14.601076,-17.916685,-13.428534,0.0,Tweed at Peebles
21006,0.8737713694572449,0.9134359955787659,0.8902154564857483,-0.3767819404602051,-0.05913543701171875,-17.657312,-17.009216,-10.310504,0.0,Tweed at Boleside
21008,0.8468739986419678,0.8865597248077393,0.8546043634414673,-0.3065061569213867,0.0510372519493103,-25.54058,-10.314194,-24.00185,0.0,Teviot at Ormiston Mill
21009,0.8958886861801147,0.881071150302887,0.8973068594932556,-0.5550479888916016,-0.6353691816329956,-19.044052,-15.465197,-17.421581,0.0,Tweed at Norham
21011,0.8061915636062622,0.885887861251831,0.8076631426811218,-1.3840522766113281,-0.29545867443084717,-14.759953,-8.508747,-11.863145,0.0,Yarrow Water at Philiphaugh
21012,0.8626540899276733,0.9147831201553345,0.87269526720047,-0.028011679649353027,0.4513176679611206,-27.18959,-18.43914,-26.20583,0.0,Teviot at Hawick
21013,0.8086512088775635,0.8919788599014282,0.8062379360198975,-2.77016544342041,-0.9581674337387085,-32.903336,-21.688171,-33.529675,0.0,Gala Water at Galashiels
21015,0.7460974454879761,0.8031088709831238,0.7536877393722534,-0.394942045211792,-0.0664297342300415,-16.337275,-10.76535,-15.8744755,0.0,Leader Water at Earlston
21016,0.777742862701416,0.8381252288818359,0.7758723497390747,-0.4208787679672241,0.10768836736679077,-33.197227,-14.566824,-34.437675,0.0,Eye Water at Eyemouth Mill
21017,0.8471405506134033,0.9327073693275452,0.844116747379303,-0.5856413841247559,0.2714250683784485,-10.951487,0.2333194,-14.26304,0.0,Ettrick Water at Brockhoperig
21018,0.8162961006164551,0.8231799602508545,0.8209468126296997,-0.3070892095565796,-0.16354656219482422,-11.384123,-0.5520284,-14.370227,0.0,Lyne Water at Lyne Station
21022,0.7893584370613098,0.8789522647857666,0.7798550128936768,-0.6476322412490845,0.03224682807922363,-35.74629,-28.33958,-37.453407,0.0,Whiteadder Water at Hutton Castle
21023,0.5210555791854858,0.6709652543067932,0.5192967653274536,-3.3926029205322266,-2.1245925426483154,-53.586815,-39.740726,-54.952316,0.0,Leet Water at Coldstream
21024,0.8194705247879028,0.907437801361084,0.8140527009963989,-0.34867215156555176,0.3679254651069641,-28.337904,-8.684715,-26.037588,0.0,Jed Water at Jedburgh
22001,0.8456252813339233,0.9317227602005005,0.8758564591407776,-0.03614151477813721,0.5891278386116028,-34.82556,-18.149609,-29.103296,0.0,Coquet at Morwick
22006,0.8434042930603027,0.9042624235153198,0.8409079313278198,0.2165231704711914,0.5145478248596191,-32.199245,-17.238422,-31.064312,0.0,Blyth at Hartford Bridge
22007,0.8286720514297485,0.9239155650138855,0.8289170861244202,-0.2715862989425659,0.5247365236282349,-33.532204,-17.287287,-34.114754,0.0,Wansbeck at Mitford
22009,0.8220276236534119,0.917323648929596,0.8187351226806641,-0.1640300750732422,0.5338737368583679,-39.366547,-22.109222,-41.164314,0.0,Coquet at Rothbury
23001,0.8653668761253357,0.8915147185325623,0.8754850625991821,0.5964155793190002,0.5890499353408813,-8.922807,-9.687376,-7.6138287,0.0,Tyne at Bywell
23004,0.8422224521636963,0.9284957051277161,0.8446444272994995,0.27042287588119507,0.5590776205062866,-16.364735,-4.423207,-21.94556,0.0,South Tyne at Haydon Bridge
23006,0.8353042006492615,0.9151318073272705,0.8522379398345947,-0.22859930992126465,0.28841090202331543,-14.129454,-8.98222,-7.7909055,0.0,South Tyne at Featherstone
23007,0.8062993884086609,0.8445337414741516,0.7981970906257629,0.05183333158493042,0.31261253356933594,-16.422241,-4.295403,-21.207718,0.0,Derwent at Rowlands Gill
23008,0.8074567317962646,0.8455086946487427,0.8124579787254333,-0.07683491706848145,0.14547055959701538,-23.289284,-20.833683,-21.146378,0.0,Rede at Rede Bridge
23011,0.8144111037254333,0.8932983875274658,0.8215502500534058,0.11851602792739868,0.25890690088272095,-10.856163,-6.653109,-12.633541,0.0,Kielder Burn at Kielder
24001,0.8444902896881104,0.8227812051773071,0.836289644241333,-0.2059575319290161,-0.16373074054718018,-27.109396,-22.379833,-27.50074,0.22,Wear at Sunderland Bridge
24003,0.7998621463775635,0.8855452537536621,0.7899989485740662,-0.34494543075561523,0.35233330726623535,-32.111584,-23.135519,-29.431778,0.0,Wear at Stanhope
24004,0.8351766467094421,0.889407753944397,0.8343458771705627,-0.7421821355819702,-0.3139619827270508,-10.038801,-2.4248095,-15.816334,0.0,Bedburn Beck at Bedburn
24005,0.7705209255218506,0.8194186687469482,0.7767130136489868,0.12786728143692017,0.4420679211616516,-16.492805,-6.3896627,-20.41428,0.0,Browney at Burnhall
25001,0.8398851752281189,0.8684927821159363,0.8452432155609131,0.06973111629486084,0.19659119844436646,-13.551258,-19.31202,-14.731466,0.0,Tees at Darlington Broken Scar
25006,0.7979220747947693,0.9020583033561707,0.805282711982727,-0.46924281120300293,0.19084489345550537,-27.534374,-8.025991,-23.66974,0.0,Greta at Rutherford Bridge
25012,0.8500757217407227,0.9226610064506531,0.8661768436431885,0.10540980100631714,0.5379939079284668,-4.1394353,-3.606391,4.683429,0.0,Harwood Beck at Harwood
25020,0.8018262386322021,0.8268793821334839,0.7940163016319275,-0.5053139925003052,-0.6306110620498657,3.2081308,27.01142,4.0831804,3.56,Skerne at Preston le Skerne
26003,0.6371787786483765,0.8428969383239746,0.6245708465576172,-108.53736877441406,-31.39077377319336,10.064798,-7.9503894,11.922342,69.26,Foston Beck at Foston Mill
27001,0.8568820953369141,0.8862193822860718,0.8519935011863708,-0.24225986003875732,-0.11980760097503662,-27.26403,-30.466932,-32.2394,0.78,Nidd at Hunsingore Weir
27003,0.9067401885986328,0.9429704546928406,0.9096428155899048,-7.28309440612793,-4.67426061630249,-7.474229,-8.658585,-9.750051,1.1,Aire at Beal
27006,0.8344828486442566,0.8821046352386475,0.8379279375076294,0.16775530576705933,0.49665284156799316,-31.96009,-20.494932,-31.263971,0.0,Don at Sheffield Hadfields
27007,0.8451747894287109,0.8718477487564087,0.8658366203308105,-0.22945523262023926,0.1572176218032837,-27.707176,-24.672287,-26.914602,0.05,Ure at Westwick
27009,0.8444874286651611,0.8866166472434998,0.8363395929336548,-6.2526679039001465,-3.4488587379455566,-1.4766127,6.3242793,-0.40020943,0.29,Ouse at Skelton
27021,0.8691937923431396,0.9124664068222046,0.8652737140655518,-0.48538029193878174,0.08418416976928711,-27.224026,-21.503443,-27.754566,1.57,Don at Doncaster
27023,0.8084352016448975,0.9165049195289612,0.8142027854919434,-0.4453401565551758,0.49899476766586304,-37.98304,-18.434525,-36.133068,0.0,Dearne at Barnsley Weir
27025,0.7981934547424316,0.8737511038780212,0.7814329266548157,-0.9989757537841797,-0.058504700660705566,-37.729458,-27.430376,-43.46279,1.45,Rother at Woodhouse Mill
27026,0.8141670227050781,0.9027824401855469,0.8246769905090332,-0.3270179033279419,0.4530850052833557,-38.68283,-19.691505,-35.08813,0.0,Rother at Whittington
27029,0.8871965408325195,0.9277312755584717,0.8857754468917847,0.17096704244613647,0.5702980756759644,-25.550732,-16.164377,-30.960815,0.0,Calder at Elland
27030,0.8045716881752014,0.9009914398193359,0.8221282958984375,-1.8000552654266357,-0.2307213544845581,-36.36427,-21.35627,-31.066273,0.03,Dearne at Adwick
27032,-0.06621599197387695,-0.2553356885910034,-0.20707380771636963,-9.41294002532959,-16.75843620300293,73.22182,82.461006,50.453094,0.0,Hebden Beck at Hebden
27034,0.8545443415641785,0.9180333018302917,0.856037974357605,-0.2599449157714844,0.24730032682418823,-21.850893,-16.118813,-18.683495,0.0,Ure at Kilgram Bridge
27035,0.8824671506881714,0.9074075222015381,0.8858510255813599,-0.06695270538330078,0.12324696779251099,-2.8294773,-9.861767,-4.7882943,0.0,Aire at Kildwick Bridge
27038,0.11387699842453003,0.01076894998550415,0.218572199344635,-2.5216422080993652,-2.8393337726593018,-19.760712,3.26491,-17.323812,0.0,Costa Beck at Gatehouses
27042,0.8213276863098145,0.8380812406539917,0.8186765909194946,-0.47549617290496826,-0.07363641262054443,-29.86332,-27.05338,-24.950085,0.0,Dove at Kirkby Mills
27047,0.8673909306526184,0.9148725271224976,0.8625482320785522,-0.05697143077850342,0.08061254024505615,-11.6524315,-13.754961,-14.726416,0.0,Snaizeholme Beck at Low Houses
27051,0.836574912071228,0.845589816570282,0.8328492641448975,0.0778464674949646,0.1463659405708313,-21.661713,-10.830709,-22.094372,0.0,Crimple at Burn Bridge
27071,0.8172096014022827,0.8539110422134399,0.8070005178451538,-2.2967398166656494,-1.5441901683807373,-10.231471,4.9215374,-7.41109,0.39,Swale at Crakehill
28001,0.6096096634864807,0.7191523909568787,0.6059765219688416,-0.2873086929321289,0.33546459674835205,-38.261986,-21.423315,-30.686255,0.0,Derwent at Yorkshire Bridge
28008,0.8604312539100647,0.9373140931129456,0.8636797666549683,-0.4086275100708008,0.27291107177734375,-7.859456,2.403605,-4.337221,0.0,Dove at Rocester Weir
28009,0.8694016337394714,0.8836468458175659,0.8675203323364258,-2.7473649978637695,-1.0669779777526855,4.6600103,3.3159256,5.9340835,0.7,Trent at Colwick
28012,0.7958291172981262,0.8324428796768188,0.7801017761230469,-0.7566406726837158,-0.2204524278640747,13.0761385,17.135214,15.943509,0.0,Trent at Yoxall
28018,0.8836408257484436,0.9288711547851562,0.8925756216049194,-0.8599927425384521,0.0625963807106018,-3.5460682,-1.4629275,-5.79499,0.0,Dove at Marston on Dove
28022,0.8340030908584595,0.8627545833587646,0.836458683013916,-6.0218706130981445,-3.213322162628174,11.37039,6.7703133,13.131935,0.69,Trent at North Muskham
28024,0.8267924785614014,0.875541090965271,0.8323416113853455,-4.959486484527588,-3.8905930519104004,-1.8452883,15.072375,3.789568,2.88,Wreake at Syston Mill
28026,0.799685001373291,0.7384340763092041,0.7773308753967285,-0.5915975570678711,-0.7586894035339355,-30.569935,-32.32217,-31.533583,0.0,Anker at Polesworth
28031,0.826366126537323,0.9302375316619873,0.8252015113830566,-1.7817583084106445,-0.04897749423980713,-23.98751,-15.538317,-25.193913,0.0,Manifold at Ilam
28039,0.7208184003829956,0.8386746048927307,0.7208468914031982,-0.23106670379638672,0.46759045124053955,-20.894474,-1.9668341,-25.176762,0.0,Rea at Calthorpe Park
28040,0.7892324328422546,0.8713150024414062,0.8037099242210388,0.07230675220489502,0.46605390310287476,8.090645,2.0983934,6.0359716,0.0,Trent at Stoke-On-Trent
28043,0.8479262590408325,0.9233566522598267,0.8504641056060791,0.2549654245376587,0.6158522367477417,-27.291918,-17.471786,-24.400013,0.0,Derwent at Chatsworth
28046,0.848414957523346,0.8856537938117981,0.8383739590644836,0.3062375783920288,0.2643001079559326,4.47709,6.3283443,4.6109676,0.0,Dove at Izaak Walton
28048,0.7849900722503662,0.8695360422134399,0.7851872444152832,-1.7516698837280273,-0.4973287582397461,-37.63952,-20.635384,-38.49679,0.54,Amber at Wingfield Park
28050,0.7514420747756958,0.8042882084846497,0.7296040058135986,-1.1705427169799805,-0.5070487260818481,-16.193241,0.62749386,-22.818863,28.83,Torne at Auckley
28052,0.7686808109283447,0.7535662651062012,0.7570244073867798,-0.9754834175109863,-0.7583669424057007,1.3519466,6.1306176,-3.7645397,0.0,Sow at Great Bridgeford
28067,0.8598531484603882,0.9166725277900696,0.8562995791435242,-3.090378761291504,-1.6452059745788574,-28.690842,-26.16463,-26.326937,0.06,Derwent at Church Wilne
28080,0.7912848591804504,0.8441124558448792,0.8000234365463257,-0.571029782295227,-0.058602333068847656,-16.65525,-4.453781,-16.083153,0.0,Tame at Lea Marston Lakes
28082,0.8653265237808228,0.9046880602836609,0.8481860756874084,-0.5304455757141113,-0.10673248767852783,-14.125681,-19.673899,-20.652145,0.0,Soar at Littlethorpe
28085,0.905135989189148,0.9465261101722717,0.903659462928772,-0.07969152927398682,0.4317678213119507,-17.010174,-7.899332,-13.588587,0.07,Derwent at St Mary's Bridge
29002,0.6888939142227173,0.7672168612480164,0.7097949981689453,-1.3135905265808105,-0.6780221462249756,-24.06948,-1.9736648,-26.05999,53.52,Great Eau at Claythorpe Mill
29003,0.7064652442932129,0.8182709217071533,0.718332827091217,-3.8526391983032227,-0.4422163963317871,-33.886906,-8.296135,-31.266642,64.72,Lud at Louth
29005,0.3064011335372925,0.370921790599823,0.2882293462753296,-22.095365524291992,-18.725936889648438,-67.536285,-57.14109,-68.51307,5.37,Rase at Bishopbridge
30001,0.8384559750556946,0.8959998488426208,0.8227247595787048,-1.2613108158111572,-1.025754690170288,-26.26942,-28.720829,-28.195232,28.83,Witham at Claypole Mill
30004,0.6556258797645569,0.7578227519989014,0.6502752304077148,-2.6671218872070312,-1.426156997680664,-44.70713,-36.671394,-43.95822,1.02,Lymn at Partney Mill
30005,0.7766292095184326,0.8718092441558838,0.7897223234176636,-1.2051753997802734,-0.6460391283035278,-12.421078,-24.643475,-17.599342,56.53,Witham at Saltersford Total
30011,0.7962015867233276,0.853688657283783,0.8049356937408447,0.25063204765319824,0.4966854453086853,-21.208843,-13.698,-15.444857,21.4,Bain at Goulceby Bridge
30012,0.7557295560836792,0.8101263642311096,0.7568252682685852,-1.171743631362915,-0.44401299953460693,-31.990332,-13.602239,-32.925446,0.14,Stainfield Beck at Cream Poke Farm
30014,0.7501037120819092,0.7991371154785156,0.7404178380966187,-0.5710620880126953,-0.4281224012374878,-35.01188,-37.5814,-37.98565,0.0,Pointon Lode at Pointon
31002,0.7052291631698608,0.814281165599823,0.6471004486083984,-0.056254029273986816,0.12530499696731567,-4.8535643,0.048354268,8.409381,16.08,Glen at Kates Br & King St Br
31006,-0.2769409418106079,-0.04269254207611084,-0.36854398250579834,-3.1809887886047363,-2.6873373985290527,214.41354,207.34369,255.77518,32.63,Gwash at Belmesthorpe
31010,0.7444839477539062,0.8443337678909302,0.7839770317077637,-2.538348436355591,-1.0631670951843262,-47.726692,-31.978786,-42.637695,27.89,Chater at Fosters Bridge
31021,0.7824755907058716,0.8227604627609253,0.7939133644104004,-26.709999084472656,-18.422395706176758,-22.065746,-1.3118178,-13.517145,0.0,Welland at Ashley
31023,0.6378710865974426,0.7677667140960693,0.6523259282112122,-0.6439046859741211,0.08944123983383179,-21.94543,-12.007147,-23.273203,0.0,West Glen at Easton Wood
32003,0.7240424752235413,0.7903376817703247,0.7249170541763306,-0.20482885837554932,0.25308316946029663,-27.14374,-2.4232717,-25.48602,0.0,Harpers Brook at Old Mill Bridge
32004,0.8115738034248352,0.857934296131134,0.8141167759895325,-4.046340465545654,-3.464451789855957,-27.629421,-19.683033,-23.93003,0.0,Ise Brook at Harrowden
32006,0.8484240174293518,0.9110817313194275,0.8597384691238403,-4.350001335144043,-3.783133029937744,23.83958,26.074123,24.1459,0.0,Nene/Kislingbury at Upton Total
32008,0.8663110136985779,0.9326201677322388,0.8597504496574402,-0.6009646654129028,-0.12220418453216553,-0.56037307,8.522022,1.3786554,0.0,Nene/Kislingbury at Dodford
33006,0.550249457359314,0.586966872215271,0.5615435838699341,-5.8193817138671875,-4.328118324279785,1.7955005,2.7627735,0.82660615,11.98,Wissey at Northwold Total
33007,0.7580540776252747,0.8473935127258301,0.7606353163719177,-6.46240758895874,-4.6078715324401855,-4.7730923,5.619228,-16.789124,26.04,Nar at Marham
33012,0.7924656867980957,0.8261242508888245,0.7837622165679932,-1.9763538837432861,-1.4230692386627197,-27.416466,-31.789457,-29.830173,0.0,Kym at Meagre Farm
33013,0.3194342851638794,0.6282515525817871,0.30530548095703125,-7.71858024597168,-3.487886905670166,55.160206,23.631508,53.11724,5.58,Sapiston at Rectory Bridge
33014,0.7951651811599731,0.8499419689178467,0.7980970144271851,-4.918999671936035,-2.720407247543335,-20.946932,-9.826624,-26.829838,16.35,Lark at Temple
33018,0.8277930021286011,0.8886058330535889,0.8428449630737305,-0.5299193859100342,0.07405275106430054,-30.429668,-29.831043,-31.816254,0.0,Tove at Cappenham Bridge
33019,0.7051686644554138,0.825767993927002,0.7116709351539612,-2.101386785507202,-1.448960304260254,25.164425,8.820868,22.095966,11.43,Thet at Melford Bridge
33021,0.7079434394836426,0.7767642736434937,0.6681380271911621,-16.32415199279785,-10.104214668273926,-34.289185,2.5520325,-31.1847,55.28,Rhee at Burnt Mill
33022,0.8441079258918762,0.8907442688941956,0.8287621140480042,-2.4348702430725098,-1.1365768909454346,-24.923748,-18.48579,-18.253738,17.54,Ivel at Blunham
33023,0.24219787120819092,-0.0914163589477539,0.30896973609924316,-0.39807331562042236,-2.073249578475952,-13.339138,7.6355577,-9.829727,28.29,Lea Brook at Beck Bridge
33024,0.609374463558197,0.7984486222267151,0.6061129570007324,-0.4182525873184204,0.08602982759475708,-13.73506,-0.5461961,-6.4341846,30.45,Cam at Dernford
33026,0.7915940284729004,0.9005715250968933,0.794666051864624,-3.681365489959717,-1.9964191913604736,13.440251,10.817831,18.13845,5.09,Bedford Ouse at Offord
33028,0.7836199402809143,0.8324678540229797,0.7294198274612427,0.31466275453567505,0.44003069400787354,-12.836742,-16.144619,-12.130663,4.94,Flit at Shefford
33029,0.7686913013458252,0.8102879524230957,0.7582921981811523,-4.975205421447754,-4.437049388885498,-28.762875,-33.70236,-28.224113,57.07,Stringside at Whitebridge
33031,0.6091389656066895,0.7768094539642334,0.6004202365875244,-6.0405964851379395,-2.5334484577178955,-49.86869,-28.217527,-51.40042,0.0,Broughton Brook at Broughton
33032,0.2108997106552124,0.4050031304359436,0.1949595808982849,-62.528255462646484,-148.2008819580078,155.8556,83.6819,133.87704,25.89,Heacham at Heacham
33033,0.687096118927002,0.7512468695640564,0.6831582188606262,-1.1326024532318115,-0.24522435665130615,-34.6228,-24.447435,-38.97081,33.94,Hiz at Arlesey
33034,0.6903283596038818,0.8397359251976013,0.7063204050064087,-0.722449541091919,-0.3085207939147949,31.767334,12.245005,28.022903,11.08,Little Ouse at Abbey Heath
33035,0.7788534164428711,0.7821342945098877,0.7788285613059998,-0.9322869777679443,-1.5512526035308838,-0.8871913,-1.6883194,-2.0290375,25.61,Ely Ouse at Denver Complex
33039,0.7015807628631592,0.7895241379737854,0.6819783449172974,-4.47353982925415,-2.9921863079071045,21.133007,15.693718,31.736267,2.16,Bedford Ouse at Roxton
33053,0.5626929998397827,0.7255133390426636,0.5839281678199768,-3.210391044616699,-1.277649164199829,-23.860327,13.411713,-21.510498,32.97,Granta at Stapleford
34002,0.7910326719284058,0.9072027206420898,0.7827621102333069,0.21755152940750122,0.7021664381027222,21.224564,13.692266,27.26398,0.0,Tas at Shotesham
34003,0.45708441734313965,0.7223001718521118,0.3874477744102478,-5.559591293334961,-2.0537049770355225,29.886568,21.98891,42.373352,0.0,Bure at Ingworth
34004,0.4801056385040283,0.49477463960647583,0.4979311227798462,-27.121362686157227,-41.48219299316406,76.4282,90.53781,93.53823,1.0,Wensum at Costessey Mill
34005,0.5686324238777161,0.8034719228744507,0.5850875377655029,-0.43074917793273926,0.37407416105270386,35.53592,3.8791122,26.74365,0.0,Tud at Costessey Park
34006,0.7734735608100891,0.8586953282356262,0.7637895345687866,0.2758561372756958,0.4249740242958069,-0.17188787,21.33147,9.548301,0.0,Waveney at Needham Mill
34007,0.7029913067817688,0.7916003465652466,0.6982338428497314,-1.1881742477416992,-0.7304339408874512,-36.99236,-32.78268,-39.47361,0.0,Dove at Oakley Park
34008,-0.8810106515884399,0.20040607452392578,-0.7757240533828735,-54.30582809448242,-29.576204299926758,97.06955,60.33941,86.55437,0.0,Ant at Honing Lock
34010,0.6168071031570435,0.6166147589683533,0.5891631841659546,0.24223637580871582,0.6265245676040649,2.5167613,24.002642,12.2744255,0.0,Waveney at Billingford Bridge
34011,-0.19437575340270996,0.528337836265564,-0.24034297466278076,-7.612458229064941,-7.493912696838379,89.82019,-0.009673834,88.45679,2.7,Wensum at Fakenham
34012,-1.3927695751190186,-0.2890903949737549,-1.2298362255096436,-37.321449279785156,-44.637062072753906,224.07382,161.4968,215.98175,10.48,Burn at Burnham Overy
35003,0.4836846590042114,0.5772800445556641,0.46367400884628296,-2.319650411605835,-1.7375860214233398,-65.64551,-61.89279,-66.11742,0.0,Alde at Farnham
35008,0.8175605535507202,0.9172306656837463,0.8187848329544067,-0.406491756439209,0.49288231134414673,-27.53527,-18.99724,-28.956186,0.0,Gipping at Stowmarket
36003,0.7489699125289917,0.8056843876838684,0.7378283739089966,0.25998419523239136,0.00898510217666626,-8.275393,-24.88736,-9.233242,0.0,Box at Polstead
36006,0.6091916561126709,0.6841678619384766,0.619852602481842,-7.958221435546875,-4.069792747497559,30.643028,29.63047,29.507977,0.16,Stour at Langham
36009,0.7481012344360352,0.856688380241394,0.7339349985122681,-0.6554964780807495,0.032691359519958496,-36.544228,-17.346272,-32.92608,0.0,Brett at Cockfield
36010,0.7253429889678955,0.9015746712684631,0.7389565110206604,-1.15370512008667,0.5066617727279663,-36.23995,-7.2016654,-35.025215,0.0,Bumpstead Brook at Broad Green
36011,0.7683448791503906,0.9040476083755493,0.7715367078781128,-1.0330913066864014,0.5652686953544617,-32.48842,-9.832224,-26.546785,0.0,Stour Brook at Sturmer
36012,0.5970938205718994,0.6810287237167358,0.632649302482605,-1.3483715057373047,0.013232648372650146,-27.990824,-16.256418,-30.706501,0.0,Stour at Kedington
37001,0.8005572557449341,0.7152810096740723,0.7991676330566406,-1.7423017024993896,-2.6646525859832764,-9.713676,0.30301213,-5.071223,0.0,Roding at Redbridge
37003,0.6478902101516724,0.7360460758209229,0.6457226872444153,-11.680577278137207,-7.585818290710449,-33.984962,-28.812971,-32.567604,0.0,Ter at Crabbs Bridge
37005,0.7927951812744141,0.9115892648696899,0.7766854166984558,-2.5097548961639404,-0.2816162109375,9.486997,9.513241,11.252743,0.0,Colne at Lexden
37008,0.779721200466156,0.8233433961868286,0.7839604616165161,-0.9452192783355713,0.08976626396179199,-5.5034876,-0.77782273,-9.04496,0.0,Chelmer at Springfield
37009,0.7914565205574036,0.8416193723678589,0.7750506401062012,-0.4048466682434082,0.02365022897720337,-22.948298,-13.3386135,-18.936138,0.0,Brain at Guithavon Valley
37010,0.7216789722442627,0.7851464152336121,0.7050082683563232,-1.9422926902770996,-0.9724607467651367,1.4805465,20.481127,-0.0954777,0.0,Blackwater at Appleford Bridge
37011,0.8192087411880493,0.8585842847824097,0.8062150478363037,0.07619863748550415,0.497439444065094,-32.72106,-18.917847,-30.798382,0.0,Chelmer at Churchend
37018,0.6700857281684875,0.7656766772270203,0.6694397926330566,-0.3027728796005249,0.08508449792861938,-24.79142,-14.86747,-24.881964,0.0,Ingrebourne at Gaynes Park
37019,0.712708592414856,0.8063680529594421,0.7084776163101196,-0.4662545919418335,0.013192474842071533,-15.183201,-8.059237,-20.055033,0.0,Beam at Bretons Farm
37020,0.7413135170936584,0.860676646232605,0.7351807355880737,-1.689040184020996,-0.43848717212677,-40.123997,-31.071722,-41.310577,0.0,Chelmer at Felsted
38001,0.7317596077919006,0.811638355255127,0.7046092748641968,0.28124678134918213,0.07047033309936523,13.269943,19.396687,14.8790245,9.3,Lee at Feildes Weir
38003,-0.07301115989685059,0.09891754388809204,-0.11488425731658936,-21.438026428222656,-26.402772903442383,65.60646,94.44347,95.689995,19.06,Mimram at Panshanger Park
38007,0.7916401028633118,0.7775063514709473,0.7902098298072815,-0.718976616859436,-0.8426417112350464,-13.925987,-9.648246,-5.4522514,0.0,Canons Brook at Elizabeth Way
38014,0.7744259834289551,0.9134208559989929,0.7579330205917358,-0.6574480533599854,0.38026630878448486,-5.7374926,-3.458926,0.5197644,0.0,Salmon Brook at Edmonton
38017,-2.6224586963653564,-1.9071452617645264,-2.2483930587768555,-132.9623260498047,-74.00648498535156,432.22156,417.6068,370.16754,26.14,Mimram at Whitwell
38018,0.759274423122406,0.834283709526062,0.7420487999916077,-0.35421645641326904,-0.671194314956665,-1.0651678,9.367741,-9.453225,31.57,Upper Lee at Water Hall
38021,0.7970314025878906,0.8956932425498962,0.8003509640693665,0.01636868715286255,0.47152990102767944,-16.962454,-20.05003,-8.786434,0.0,Turkey Brook at Albany Park
39001,0.8843239545822144,0.8037844896316528,0.8919708132743835,-4.352095603942871,-7.857535362243652,2.26475,4.102969,0.709039,23.47,Thames at Kingston
39006,0.8758761882781982,0.8846770524978638,0.8563741445541382,-8.492411613464355,-10.458515167236328,1.5043201,2.2246718,3.7425876,70.0,Windrush at Newbridge
39007,0.8183517456054688,0.8479187488555908,0.8194594979286194,-10.1411714553833,-6.75326681137085,-15.073957,-9.520182,-21.069996,13.62,Blackwater at Swallowfield
39010,-0.06832325458526611,0.5031046867370605,0.0008155107498168945,-3.864727020263672,-0.39679670333862305,99.0253,44.814484,99.0907,17.91,Colne at Denham
39011,0.7670355439186096,0.8832278847694397,0.7746546864509583,-4.465914249420166,-0.4146348237991333,-21.20514,-5.578476,-26.57125,15.44,Wey at Tilford
39012,0.6095150709152222,0.683207631111145,0.6006803512573242,-3.5316543579101562,-2.449841260910034,-42.340668,-36.002842,-45.292015,32.44,Hogsmill at Kingston upon Thames
39014,-1.6287968158721924,-0.04107379913330078,-1.7783560752868652,-92.27577209472656,-24.662809371948242,234.73767,78.43716,258.3743,15.3,Ver at Hansteads
39016,0.6758105754852295,0.7671767473220825,0.665719211101532,-1.7735612392425537,-2.457519292831421,34.598583,32.683437,32.7974,45.03,Kennet at Theale
39020,0.8714622855186462,0.9215628504753113,0.855350136756897,-11.12839126586914,-15.899641036987305,18.030327,14.623004,15.466893,83.19,Coln at Bibury
39021,0.42916280031204224,0.7617349624633789,0.4336221218109131,-1.933333158493042,-0.23232972621917725,54.85862,3.3827634,49.446068,0.0,Cherwell at Enslow Mill
39022,0.8593500852584839,0.8808742165565491,0.8610942959785461,-1.5938329696655273,-1.1306235790252686,-27.658092,-19.021793,-23.18864,38.67,Loddon at Sheepbridge
39023,-2.3271076679229736,-1.3827898502349854,-2.3723011016845703,-220.9525604248047,-198.11720275878906,124.96712,101.866135,105.48512,40.59,Wye at Bourne End Hedsor
39025,0.8814305067062378,0.852506697177887,0.8885646462440491,-1.7844364643096924,-3.5158567428588867,-15.420932,-34.417587,-9.661168,15.66,Enborne at Brimpton
39027,0.17218703031539917,0.39551806449890137,0.12832319736480713,-1.1757261753082275,-0.7044782638549805,87.72189,48.504837,106.92201,44.36,Pang at Pangbourne
39028,0.3498684763908386,0.3607979416847229,0.23231130838394165,-23.244848251342773,-27.154682159423828,126.76123,87.45723,123.9588,34.0,Dun at Hungerford
39029,0.1426982283592224,0.2476676106452942,0.033077239990234375,-31.14663314819336,-32.69085693359375,17.302776,-2.2070944,38.10241,5.84,Tilling Bourne at Shalford
39034,0.8260312080383301,0.9041504263877869,0.8314679265022278,-2.059359312057495,-1.4444217681884766,6.5907717,-7.422194,-0.19058883,11.73,Evenlode at Cassington Mill
39035,0.5222203731536865,0.5670489072799683,0.5248454213142395,-13.489602088928223,-13.014484405517578,16.80128,24.63935,29.651869,82.71,Churn at Cerney Wick
39036,-5.886982440948486,-3.2631964683532715,-6.242260456085205,-48.3857307434082,-27.607669830322266,97.98923,62.62599,102.77474,0.0,Law Brook at Albury
39037,0.7237714529037476,0.7899680137634277,0.7314766645431519,-1.8432278633117676,-1.431391954421997,16.672396,-14.254108,20.061064,74.18,Kennet at Marlborough
39042,0.7545129060745239,0.8452900052070618,0.7504903674125671,-27.061059951782227,-27.354047775268555,26.636189,10.574167,22.647552,84.94,Leach at Priory Mill Lechlade
39052,0.8315863609313965,0.8394015431404114,0.8376826047897339,-0.7139102220535278,-0.9071694612503052,-25.026245,-21.788948,-15.325275,0.0,The Cut at Binfield
39061,0.6746384501457214,0.6944934725761414,0.6649727821350098,-13.5867338180542,-15.974376678466797,-18.138123,-23.254925,-25.101149,97.82,Letcombe Brook at Letcombe Bassett
39081,0.7713233828544617,0.8582579493522644,0.7811468243598938,0.07732844352722168,0.458795964717865,16.557915,5.6171,34.150467,10.28,Ock at Abingdon
40003,0.8688396215438843,0.9062754511833191,0.8660463094711304,-0.8890911340713501,-0.5662926435470581,-5.205977,-9.300626,-4.053247,0.52,Medway at Teston / East Farleigh
40004,0.8344350457191467,0.8527677059173584,0.8314897418022156,-1.161728858947754,-0.8700591325759888,-28.48615,-17.378567,-29.998716,0.0,Rother at Udiam
40005,0.8641951084136963,0.8857133388519287,0.8631633520126343,-0.265292763710022,-0.10546743869781494,-13.193373,-15.41062,-12.387661,0.0,Beult at Stilebridge
40007,0.86278235912323,0.9237125515937805,0.8751388192176819,-0.5595005750656128,0.11604726314544678,-21.713871,-16.638329,-20.290852,0.0,Medway at Chafford / Colliers Land Bridge
40009,0.787695586681366,0.8430315852165222,0.7819863557815552,0.5641112327575684,0.5340189933776855,-7.4611187,-1.7844081,-4.567954,0.0,Teise at Stonebridge
40010,0.8712265491485596,0.839704155921936,0.8705624938011169,0.583354115486145,0.3593865633010864,-13.9309025,-13.7640915,-14.776629,1.49,Eden at Penshurst / Vexour Bridge
40011,0.8717232346534729,0.9047424793243408,0.8701896071434021,-2.2380332946777344,-0.8089112043380737,-4.4944196,-9.188,-11.062515,23.56,Great Stour at Horton
40012,0.7041497230529785,0.6813341379165649,0.6785274744033813,-2.1243951320648193,-4.181330680847168,24.676723,39.486046,25.485474,30.82,Darent at Hawley
40013,0.6234043836593628,0.6695831418037415,0.681756854057312,-2.6207468509674072,-2.1743202209472656,-47.079636,-53.132313,-42.54223,13.84,Darent at Otford
40016,0.37409186363220215,0.3521714210510254,0.4124296307563782,-0.19595086574554443,-0.2919020652770996,-25.96101,-16.524082,-27.97314,21.73,Cray at Crayford
40018,0.789972722530365,0.8338788151741028,0.8077852129936218,-0.6980041265487671,-0.43126845359802246,-9.748623,3.3262908,-16.840649,20.6,Darent at Lullingstone
41001,0.48361796140670776,0.6089286208152771,0.47662580013275146,-12.896361351013184,-7.229241371154785,-64.92108,-42.944263,-64.57762,0.0,Nunningham Stream at Tilley Bridge
41003,0.7902984619140625,0.8317267894744873,0.7727633714675903,-74.79299926757812,-59.58377456665039,-25.35519,-20.077347,-30.076763,1.41,Cuckmere at Sherman Bridge
41005,0.867798388004303,0.8911828994750977,0.8682786226272583,0.10752052068710327,0.39334648847579956,-13.29287,-1.8185139,-18.578533,0.0,Ouse at Gold Bridge
41006,0.6921697854995728,0.8352813124656677,0.6829923987388611,-2.5829243659973145,-0.7624061107635498,-48.15042,-28.188908,-45.85646,0.0,Uck at Isfield
41011,0.8124518394470215,0.8596181869506836,0.8096250295639038,0.1578105092048645,0.26303547620773315,-31.13639,-18.319038,-25.954239,11.48,Rother at Iping Mill
41012,0.7518541812896729,0.8282184600830078,0.7941756248474121,-6.878526210784912,-3.677478313446045,-37.531597,-25.41396,-31.19814,4.15,Adur E Branch at Sakeham
41013,0.7840969562530518,0.8711309432983398,0.7894057035446167,-2.2052149772644043,-0.4355720281600952,-37.511448,-17.525894,-37.083313,0.0,Huggletts Stream at Henley Bridge
41014,0.842427670955658,0.8318672776222229,0.8211113214492798,0.5106160044670105,0.5388057231903076,12.870777,10.981453,13.394785,0.0,Arun at Pallingham
41016,0.7889020442962646,0.9038558602333069,0.7900102138519287,-1.4883835315704346,0.01005321741104126,-39.085323,-16.404793,-37.834633,0.0,Cuckmere at Cowbeech
41019,0.8465064764022827,0.882002055644989,0.8524835705757141,-0.8013473749160767,-0.1406933069229126,-15.577093,-17.509583,-20.791447,0.0,Arun at Alfoldean
41020,0.7934874296188354,0.883562445640564,0.7915409207344055,-2.622239112854004,-0.7906019687652588,-26.530022,-19.579544,-25.18565,10.33,Bevern Stream at Clappers Bridge
41022,0.8511868715286255,0.9015280604362488,0.8567542433738708,0.09591919183731079,0.2978667616844177,-21.520916,-18.22486,-20.273897,0.0,Lod at Halfway Bridge
41023,0.5916328430175781,0.6489198207855225,0.615669846534729,-16.362518310546875,-9.696800231933594,54.395622,68.15727,56.529358,91.72,Lavant at Graylingwell
41025,0.8594513535499573,0.8950588703155518,0.8566015958786011,-1.2371115684509277,-0.807105302810669,-24.933382,-19.734848,-25.566566,0.0,Loxwood Stream at Drungewick
41027,0.7044516801834106,0.8078898191452026,0.690956711769104,-0.8396056890487671,-0.22026944160461426,-47.522533,-27.143883,-50.801224,11.18,Rother at Princes Marsh
41028,0.7595125436782837,0.8109928369522095,0.7569539546966553,-2.182830572128296,-1.628706693649292,-18.478436,-20.122139,-21.382803,9.78,Chess Stream at Chess Bridge
42001,0.695366621017456,0.8012353181838989,0.6865699291229248,-0.6529072523117065,0.06691628694534302,-29.668278,-22.937853,-32.2717,42.67,Wallington at North Fareham
42003,0.7984012961387634,0.7767741084098816,0.8055614233016968,-2.0534491539001465,-2.6424384117126465,-36.131817,-45.924664,-36.38454,0.0,Lymington at Brockenhurst
42004,0.6171427369117737,0.7268351912498474,0.6430574059486389,-173.5093994140625,-168.98870849609375,19.209677,9.880752,14.66893,66.22,Test at Broadlands
42006,0.8464736938476562,0.8606159687042236,0.8384448885917664,-4.4001851081848145,-5.431034564971924,23.879332,10.767442,24.696022,71.64,Meon at Mislingford
42008,0.7281112670898438,0.7890863418579102,0.6954467296600342,-2.181316375732422,-3.8446269035339355,38.561226,20.290459,50.59236,58.47,Cheriton Stream at Sewards Bridge
42010,0.7282804250717163,0.8023800253868103,0.711330771446228,-1.5769517421722412,-1.1756644248962402,20.25627,19.898628,15.66205,67.32,Itchen at Highbridge & Allbrook Total
42011,0.7425872087478638,0.7556990385055542,0.7324596047401428,-0.8794680833816528,-1.09688138961792,-28.681301,-37.954567,-29.95312,48.34,Hamble at Frogmill
43005,0.8689432144165039,0.9248492121696472,0.8552913665771484,-1.3961305618286133,-0.3953944444656372,24.481417,11.66153,15.673792,68.13,Avon at Amesbury
43006,0.8756178021430969,0.8978782296180725,0.8712329268455505,-0.670769453048706,-0.5893930196762085,-18.408333,-27.943913,-23.859821,36.55,Nadder at Wilton
43007,0.8454039692878723,0.8518257737159729,0.8399497270584106,-2.3799750804901123,-2.581212043762207,-12.896177,-17.99922,-12.653244,27.16,Stour at Throop
43008,0.7514561414718628,0.8052141666412354,0.7287803888320923,-2.9851953983306885,-0.9879010915756226,35.691654,42.494583,34.310562,79.02,Wylye at South Newton
43009,0.8937053084373474,0.8983990550041199,0.8821551203727722,-1.0382428169250488,-0.8653039932250977,-26.729664,-21.352585,-24.217087,4.23,Stour at Hammoon
43014,0.6686202883720398,0.731948971748352,0.6818670034408569,-0.33111095428466797,0.3231543302536011,8.093804,14.685577,6.2128067,34.8,East Avon at Upavon East
43017,0.7822933197021484,0.8454455137252808,0.7816663980484009,-2.9296252727508545,-1.0618855953216553,-40.16664,-34.347,-41.43534,55.89,West Avon at Upavon West
44001,0.7267681360244751,0.8518069982528687,0.7307370901107788,-82.3896255493164,-69.16533660888672,36.798157,30.063032,41.95618,21.16,Frome at East Stoke Total
44002,0.825424075126648,0.8525325059890747,0.8249369263648987,-205.0885009765625,-316.0081787109375,15.821534,16.81425,11.8021965,41.25,Piddle at Baggs Mill
44006,0.6942940950393677,0.7707206606864929,0.7023656368255615,-34.7801628112793,-33.094486236572266,46.035915,19.100708,62.079025,52.3,Sydling Water at Sydling St Nicholas
45001,0.92067551612854,0.9118157625198364,0.9242557883262634,-0.4517858028411865,0.0034877657890319824,-17.746933,-11.711821,-16.910748,0.0,Exe at Thorverton
45003,0.8284134864807129,0.8986139297485352,0.837835967540741,-0.31053030490875244,0.2575869560241699,-24.824017,-19.197151,-24.44122,0.0,Culm at Woodmill
45004,0.7908157110214233,0.8982061147689819,0.7932771444320679,-0.32804977893829346,0.3128461241722107,-37.24414,-23.317797,-36.897804,2.04,Axe at Whitford
45005,0.8037458658218384,0.898806095123291,0.8066459894180298,-0.03307485580444336,0.4466503858566284,-31.696877,-11.755526,-29.181355,0.0,Otter at Dotton
45009,0.9135140776634216,0.93433678150177,0.9159510731697083,0.1273975372314453,0.5694977045059204,-16.822853,-7.4055076,-7.4322014,0.0,Exe at Pixton
45012,0.8255530595779419,0.903764009475708,0.8096942901611328,-1.4185898303985596,-0.1724785566329956,-35.09037,-16.306274,-35.414833,0.0,Creedy at Cowley
46003,0.8737963438034058,0.9650101065635681,0.8779289126396179,-0.19164013862609863,0.6375503540039062,-23.393353,-9.670493,-23.718388,0.0,Dart at Austins Bridge
46005,0.8045049905776978,0.9282788038253784,0.8197386264801025,-0.4453446865081787,0.4399235248565674,-29.512804,-9.223453,-32.72972,0.0,East Dart at Bellever
47001,0.9282329678535461,0.9540883302688599,0.926932692527771,0.03353071212768555,0.6524753570556641,-10.009092,-6.2651634,-11.036301,0.0,Tamar at Gunnislake
47004,0.9219262599945068,0.9638497829437256,0.9223201870918274,0.26280438899993896,0.7291641235351562,-16.90297,-7.613373,-21.487633,0.0,Lynher at Pillaton Mill
47008,0.8358027935028076,0.9228706359863281,0.8307393193244934,0.28455203771591187,0.6434179544448853,-8.987153,8.904802,-10.81217,0.0,Thrushel at Tinhay
47009,0.9363503456115723,0.9573966860771179,0.938446581363678,0.347190260887146,0.51624596118927,-10.652274,-3.8479865,-12.330547,0.0,Tiddy at Tideford
48004,0.8940241932868958,0.9419795274734497,0.8920986652374268,-0.836706280708313,0.10650986433029175,-12.36203,-1.06951,-14.198682,0.0,Warleggan at Trengoffe
48005,0.9068745374679565,0.9399392008781433,0.9012068510055542,-1.690274953842163,-0.4649643898010254,-26.965284,-18.82964,-23.098072,0.0,Kenwyn at Truro
48011,0.9056174159049988,0.9537463188171387,0.9013368487358093,0.2860304117202759,0.6522039771080017,-5.846813,-3.6682158,-11.965283,0.0,Fowey at Restormel
49002,0.8784254193305969,0.9031557440757751,0.8746781349182129,-0.8615249395370483,-0.9441241025924683,2.7653575,4.409313,-1.7258763,0.0,Hayle at St Erth
49004,0.8769983649253845,0.9147096872329712,0.8809406161308289,-0.9807422161102295,-0.4503251314163208,-28.934677,-25.623974,-26.742796,0.0,Gannel at Gwills
50001,0.9269872307777405,0.9631525278091431,0.9219983220100403,0.24207985401153564,0.521016001701355,-9.809253,-8.128628,-10.342253,0.0,Taw at Umberleigh
50002,0.8914532661437988,0.9444356560707092,0.8921844959259033,-0.40696144104003906,0.37241631746292114,-20.585102,-13.405829,-20.58879,0.0,Torridge at Torrington
50006,0.9222936034202576,0.9377096891403198,0.924836277961731,0.20272493362426758,0.4094756245613098,-17.829731,-6.2916784,-20.261497,0.0,Mole at Woodleigh
51001,0.8755161166191101,0.9066914319992065,0.8764881491661072,-0.10358989238739014,0.09436428546905518,-8.076278,1.7287314,-3.7389636,0.0,Doniford Stream at Swill Bridge
52004,0.8434159755706787,0.904622495174408,0.8507328629493713,-0.31745171546936035,0.3034382462501526,-21.149387,-11.669633,-19.140842,0.94,Isle at Ashford Mill
52005,0.8854643702507019,0.9281836748123169,0.8953744173049927,0.006946265697479248,0.40775835514068604,-3.2173963,-3.340536,-4.573867,0.0,Tone at Bishops Hull
52006,0.8535947799682617,0.9173414707183838,0.8537687659263611,-0.4917161464691162,0.26394474506378174,-31.38265,-2.9579787,-27.736221,13.45,Yeo at Pen Mill
52007,0.8179678320884705,0.8870748281478882,0.8306121826171875,-0.6094439029693604,0.1423405408859253,-30.472569,-16.884766,-22.781239,10.46,Parrett at Chiselborough
52009,0.870735228061676,0.8919006586074829,0.8714194297790527,-3.109797954559326,-1.7929930686950684,-5.3010316,-0.5396396,-4.7739296,2.54,Sheppey at Fenny Castle
52010,0.810822606086731,0.8723537921905518,0.8109215497970581,-1.4340970516204834,-0.48243463039398193,-36.666733,-31.678825,-37.194443,8.75,Brue at Lovington
52011,0.8425783514976501,0.8541896939277649,0.8531190156936646,-8.819849967956543,-7.574986457824707,-0.60708225,7.2842717,3.0189157,0.15,Cary at Somerton
52016,0.8535667061805725,0.8528111577033997,0.8489844799041748,-1.374769687652588,-2.4391841888427734,-15.17557,6.9823146,-19.699268,0.0,Currypool Stream at Currypool Farm
53005,0.8911216259002686,0.9446438550949097,0.8967559337615967,-0.9921733140945435,0.17842209339141846,-28.811121,-16.03011,-28.524345,12.9,Midford Brook at Midford
53006,0.9016728401184082,0.9276338219642639,0.8995745778083801,0.17784202098846436,0.6274212598800659,-3.4273684,6.947345,3.776586,1.56,Frome (Bristol) at Frenchay
53007,0.8880958557128906,0.9333307147026062,0.8982363939285278,-0.6217702627182007,0.25225889682769775,-15.031672,-6.14295,-15.944642,7.01,Frome (Somerset) at Tellisford
53008,0.8589577078819275,0.9134431481361389,0.8625738024711609,-0.9484275579452515,-0.4441699981689453,-23.710476,-15.959475,-22.481554,68.37,Avon at Great Somerford
53009,0.9156351685523987,0.960578441619873,0.9143158793449402,-0.8505635261535645,0.4921433925628662,-14.465216,-6.483093,-20.107853,14.84,Wellow Brook at Wellow
53013,0.8537870049476624,0.8649523854255676,0.8537770509719849,-2.214179515838623,-1.5083694458007812,-35.26465,-25.007801,-31.647038,16.23,Marden at Stanley
53018,0.9156272411346436,0.939313530921936,0.9131069183349609,-1.1311707496643066,-0.485903263092041,-14.863401,-6.0218754,-4.4508753,31.1,Avon at Bathford
54001,0.8248575925827026,0.802646279335022,0.8314300179481506,-6.396782398223877,-7.491459846496582,3.7995517,-5.948263,-2.101454,0.0,Severn at Bewdley
54002,0.8736171126365662,0.8972824811935425,0.8837738633155823,-2.6318867206573486,-1.627612829208374,-8.424205,5.05169,-8.416703,1.01,Avon at Evesham
54003,0.7010253667831421,0.755358099937439,0.6836791038513184,-0.8562320470809937,-0.07824110984802246,-33.379486,-24.781055,-32.2211,0.0,Vyrnwy at Vyrnwy Reservoir
54004,0.8246181011199951,0.8133022785186768,0.8178300261497498,-0.23782086372375488,-0.09252822399139404,-17.51178,-28.363974,-16.53605,0.0,Sowe at Stoneleigh
54005,0.8767181634902954,0.8692833185195923,0.8640650510787964,-1.5366768836975098,-1.7587549686431885,3.3984542,26.073765,6.5186024,0.0,Severn at Montford
54007,0.6684333086013794,0.7658562064170837,0.6735315918922424,-2.1103062629699707,-0.8483908176422119,-49.352806,-38.1798,-49.6091,0.0,Arrow at Broom
54008,0.9157798886299133,0.9597710967063904,0.9120203852653503,-0.41933369636535645,0.3585742712020874,-21.860954,-15.877447,-23.14364,0.0,Teme at Tenbury
54012,0.7960721254348755,0.8544586896896362,0.800990641117096,-11.111165046691895,-14.170610427856445,27.17303,37.653877,27.463226,0.0,Tern at Walcot
54015,0.5295689105987549,0.5799839496612549,0.541431188583374,-1.1788721084594727,-1.093679666519165,-47.30313,-43.62066,-45.2312,0.0,Bow Brook at Besford Bridge
54017,0.7716559171676636,0.6990742683410645,0.7649407982826233,-3.2330594062805176,-5.968303680419922,-35.66768,-55.80757,-34.003273,0.0,Leadon at Wedderburn Bridge
54018,0.8696027398109436,0.84154212474823,0.878339946269989,-0.41154229640960693,-1.030717134475708,-27.221445,-30.5915,-21.819191,0.0,Rea Brook at Hookagate
54019,0.7197312116622925,0.8011612892150879,0.7039675712585449,-1.8476555347442627,-0.7843997478485107,-12.686139,-8.194595,-15.662164,0.0,Avon at Stareton
54020,0.8497904539108276,0.8848974704742432,0.8399062752723694,-4.862821102142334,-3.4280710220336914,21.951586,17.517614,27.967203,0.0,Perry at Yeaton
54024,0.6340144276618958,0.742199718952179,0.6166448593139648,0.1396656036376953,-0.17512309551239014,16.202766,1.9001126,10.323167,0.0,Worfe at Burcote
54025,0.9121220707893372,0.9303396344184875,0.9092720746994019,0.35077399015426636,0.6020328998565674,-12.877453,3.1742902,-13.151083,0.0,Dulas at Rhos-y-pentref
54027,0.8587455749511719,0.8742083311080933,0.8465489149093628,-8.589550018310547,-6.400543212890625,-3.050834,5.5981994,-2.6846023,71.37,Frome at Ebley Mill
54028,0.9031040668487549,0.9124035835266113,0.9032383561134338,-0.0329442024230957,0.10433405637741089,-23.972765,-28.069466,-23.204887,0.0,Vyrnwy at Llanymynech
54029,0.9121102690696716,0.902552604675293,0.9270501136779785,-1.129058837890625,-0.35532355308532715,-20.626705,-5.9619603,-14.269826,0.0,Teme at Knightsford Bridge
54032,0.8405476212501526,0.9003987312316895,0.8465204834938049,-11.364555358886719,-6.5742621421813965,14.694113,14.79429,16.552269,0.0,Severn at Saxons Lode
54034,0.5988271236419678,0.5969521999359131,0.6122637987136841,0.0035684704780578613,-0.010576725006103516,-32.028297,-26.971931,-25.814253,0.0,Dowles Brook at Oak Cottage
54036,0.7794007658958435,0.8380283713340759,0.7863293886184692,-0.9379949569702148,-0.3314805030822754,-19.23764,-22.219833,-20.019197,15.14,Isbourne at Hinton on the Green
54044,0.7701647281646729,0.7508485317230225,0.7494217157363892,0.4805004596710205,0.5644736886024475,3.1003356,11.833132,0.8344829,0.0,Tern at Ternhill
54052,0.836926281452179,0.8444838523864746,0.8351871371269226,0.4205361008644104,0.46262431144714355,-10.063955,4.054433,-5.6840925,0.0,Bailey Brook at Ternhill
54057,0.8244200944900513,0.891508162021637,0.8138218522071838,-6.1675848960876465,-2.729719400405884,24.583757,23.392189,19.608688,0.47,Severn at Haw Bridge
55002,0.9055681228637695,0.8819419145584106,0.9025501608848572,-0.8040968179702759,-0.6184924840927124,-19.98226,-19.40934,-23.027855,0.0,Wye at Belmont
55007,0.9043592214584351,0.9396507740020752,0.9039188623428345,-0.4801849126815796,0.2946181297302246,-30.116016,-21.18525,-31.40166,0.0,Wye at Erwood
55008,0.8240796327590942,0.8899045586585999,0.8446252942085266,-0.8384945392608643,-0.09184074401855469,-22.17998,-13.47571,-20.490616,0.0,Wye at Cefn Brwyn
55013,0.9152023792266846,0.9399045705795288,0.9149773716926575,-0.445542573928833,0.05450397729873657,-9.78593,-11.760751,-6.948784,0.0,Arrow at Titley Mill
55014,0.86775141954422,0.9084123373031616,0.8763677477836609,-0.6745902299880981,-0.3537825345993042,-32.740112,-19.56073,-29.467003,0.0,Lugg at Byton
55016,0.8712010383605957,0.9158071875572205,0.8737984299659729,-0.8913149833679199,-0.052469611167907715,-37.770164,-21.90494,-30.772156,0.0,Ithon at Disserth
55018,0.8136823177337646,0.8011689186096191,0.810755729675293,-1.2861180305480957,-1.9098529815673828,-13.720939,-23.809767,-15.313253,0.0,Frome at Yarkhill
55021,0.9226942658424377,0.9501107931137085,0.9227344393730164,-0.1468111276626587,-0.01887071132659912,-10.072133,6.761235,-4.4520855,0.0,Lugg at Butts Bridge
55023,0.886847198009491,0.8915566205978394,0.8879467248916626,-2.150723695755005,-1.6808838844299316,-0.9986788,-1.5607476,-1.6250312,0.0,Wye at Redbrook
55025,0.8604699373245239,0.8992205858230591,0.8568494319915771,-0.26290881633758545,0.09012472629547119,-31.12125,-25.504559,-28.89781,0.0,Llynfi at Three Cocks
55026,0.8767601847648621,0.9177863001823425,0.8781169056892395,-0.20421206951141357,0.28816741704940796,-33.78356,-24.878258,-31.670105,0.0,Wye at Ddol Farm
55029,0.826131284236908,0.8440033197402954,0.8327401876449585,-0.5963143110275269,-0.26853811740875244,-25.804317,-34.17524,-27.145779,0.0,Monnow at Grosmont
55032,0.7241290807723999,0.7922835350036621,0.7187871336936951,-2.566934823989868,-0.5361063480377197,-41.803066,-19.12415,-39.104366,0.0,Elan at Caban Dam
56001,0.8980643153190613,0.9295686483383179,0.9012303948402405,-0.5642725229263306,0.04095369577407837,-27.935818,-25.88385,-24.331793,0.0,Usk at Chainbridge
56007,0.8874354958534241,0.9429248571395874,0.8906925916671753,0.211869478225708,0.5919694900512695,-14.745861,10.345232,-13.10724,0.0,Senni at Pont-Hen-Hafod
56013,0.9075112342834473,0.9407364130020142,0.9072343707084656,0.018694937229156494,0.4448939561843872,-16.90497,-3.80837,-13.60293,0.0,Yscir at Pont-Ar-Yscir
57004,0.8640679121017456,0.9625383019447327,0.870774507522583,-1.182706356048584,0.4884634017944336,-32.990715,-9.710491,-33.11586,0.0,Cynon at Abercynon
57005,0.8670501112937927,0.9765740633010864,0.8738350868225098,-1.1807827949523926,0.5531572699546814,-30.797733,-9.417293,-28.873302,0.0,Taff at Pontypridd
57006,0.852137565612793,0.9452051520347595,0.8633133769035339,-1.269716739654541,0.30094200372695923,-32.754723,-17.013744,-32.946724,0.0,Rhondda at Trehafod
57007,0.8067915439605713,0.9335741400718689,0.8221480846405029,-0.9582993984222412,0.3439788222312927,-31.928274,-14.022848,-28.872906,0.0,Taff at Fiddlers Elbow
57008,0.9055514931678772,0.9714064598083496,0.9053112268447876,-0.4681504964828491,0.6646467447280884,-22.283728,-10.094672,-23.779171,0.0,Rhymney at Llanedeyrn
58001,0.8731688857078552,0.9461345076560974,0.8768123388290405,-0.14245212078094482,0.6301443576812744,-24.584297,-14.034846,-27.785328,0.0,Ogmore at Bridgend
58006,0.844366192817688,0.94940185546875,0.8608492016792297,-0.27521491050720215,0.5591482520103455,-30.836401,-8.17275,-28.840939,0.0,Mellte at Pontneddfechan
58008,0.8602821826934814,0.9562461376190186,0.8695574998855591,-0.5383903980255127,0.5592933893203735,-33.6978,-13.280639,-30.087826,0.0,Dulais at Cilfrew
58009,0.8968105912208557,0.9123520851135254,0.9048299789428711,0.3597884178161621,0.5364527702331543,-16.453144,-7.224405,-14.513495,0.0,Ewenny at Keepers Lodge
59001,0.8212346434593201,0.9427957534790039,0.851364016532898,-0.6393144130706787,0.4861804246902466,-41.270184,-18.13666,-30.791767,0.0,Tawe at Ynystanglws
60002,0.8203429579734802,0.9295976161956787,0.8140103816986084,-0.46379590034484863,0.43636780977249146,-37.05226,-19.807962,-38.004086,0.0,Cothi at Felin Mynachdy
60003,0.880090057849884,0.9395778775215149,0.8824437856674194,-3.9694876670837402,-1.3141684532165527,-30.310955,-16.092354,-28.748316,0.0,Taf at Clog-y-Fran
60005,0.884088397026062,0.9262844324111938,0.8873095512390137,-0.0611952543258667,0.45299357175827026,-20.784306,-12.986696,-26.579464,0.0,Bran at Llandovery
60006,0.8401867151260376,0.914230465888977,0.8381791114807129,-0.17129755020141602,0.6752946376800537,-26.445618,-9.695843,-28.751263,0.0,Gwili at Glangwili
60010,0.8713697791099548,0.9242647886276245,0.871545672416687,-0.11879754066467285,0.3079048991203308,-27.684044,-18.893894,-27.318203,0.0,Tywi at Capel Dewi
61002,0.8719828724861145,0.913632333278656,0.8777653574943542,-2.1088035106658936,-0.7821067571640015,-30.243263,-21.756752,-30.036865,0.0,Eastern Cleddau at Canaston Bridge
62001,0.8991459608078003,0.9154765009880066,0.9024918675422668,0.026630938053131104,0.17579960823059082,-18.38442,-21.729149,-19.013935,0.0,Teifi at Glanteifi
63001,0.8451834321022034,0.9132151007652283,0.8402936458587646,-0.890385627746582,0.14174681901931763,-40.450592,-21.694925,-41.886574,0.0,Ystwyth at Pont Llolwyn
64002,0.7503530979156494,0.8208405375480652,0.750921905040741,-0.5332202911376953,0.016072869300842285,-35.679688,-14.4145155,-36.704582,0.0,Dysynni at Pont-y-Garth
65001,0.8090202808380127,0.9277719259262085,0.8731973171234131,-1.7374088764190674,0.3410053253173828,-42.774918,-8.202234,-28.632904,0.0,Glaslyn at Beddgelert
65005,0.7745087146759033,0.8748360276222229,0.7778140306472778,-1.5694153308868408,-0.5542615652084351,-27.902815,-22.79726,-26.891878,0.0,Erch at Pencaenewydd
65008,0.7160475254058838,0.8683071136474609,0.725212574005127,-3.128335952758789,-0.6632626056671143,-43.66604,-23.297506,-41.900047,0.0,Peris at Nant Peris
66001,0.890921950340271,0.9036340117454529,0.890654444694519,-0.9780350923538208,-0.9725120067596436,-19.098303,-20.011362,-21.205116,0.0,Clwyd at Pont-y-Cambwll
66004,0.6576253175735474,0.712530255317688,0.6718026399612427,-2.2693607807159424,-1.438082218170166,65.26352,49.509476,56.370644,0.0,Wheeler at Bodfari
66011,0.8275064826011658,0.9322983026504517,0.8209151029586792,-0.6207020282745361,0.43462175130844116,-28.479338,-18.296154,-34.100754,0.0,Conwy at Cwmlanerch
67001,0.9025233387947083,0.9136507511138916,0.8977866172790527,0.05356782674789429,0.3555755615234375,-4.4287057,-1.4741302,-3.2959998,0.0,Dee at Bala
67006,0.879066526889801,0.9019840359687805,0.8802596926689148,0.18519777059555054,0.4554940462112427,-12.512407,-21.44334,-19.601011,0.0,Alwen at Druid
67008,0.851668119430542,0.8701805472373962,0.8453904986381531,-0.42059826850891113,-0.8910499811172485,4.7065916,11.606735,7.1002846,0.0,Alyn at Pont-y-Capel
67015,0.918932318687439,0.9001563191413879,0.9149646759033203,0.4919160008430481,0.1573743224143982,-7.654619,-0.8420348,-3.823629,0.0,Dee at Manley Hall
67018,0.8604134321212769,0.9386640191078186,0.8573154211044312,-1.1663353443145752,0.21451342105865479,-22.981777,-17.053396,-25.91034,0.0,Dee at New Inn
68001,0.8750832676887512,0.9259083867073059,0.869828462600708,-0.08388996124267578,0.45169520378112793,3.8546443,16.945028,3.7992418,0.0,Weaver at Ashbrook
68003,0.8325256705284119,0.871900737285614,0.8281756639480591,-0.5145673751831055,0.08211231231689453,-26.980236,-17.718544,-24.529026,0.0,Dane at Rudheath
68004,0.8090075850486755,0.8578402400016785,0.8219181895256042,-0.42990005016326904,0.10136336088180542,-30.898926,-15.820113,-27.372814,0.0,Wistaston Brook at Marshfield Bridge
68005,0.7533150315284729,0.7810242176055908,0.7557342648506165,-0.12165939807891846,-0.16569292545318604,-23.62992,-21.159092,-21.188417,0.0,Weaver at Audlem
69002,0.8554391860961914,0.9092905521392822,0.8527137041091919,0.3718830347061157,0.5391435623168945,-24.002829,-14.657047,-28.77615,0.0,Irwell at Adelphi Weir
69015,0.8025972843170166,0.8516322374343872,0.7995869517326355,-0.8755627870559692,-0.3912569284439087,-22.266378,4.0323734,-20.05939,0.0,Etherow at Compstall
69027,0.8572332262992859,0.9303763508796692,0.861727237701416,-0.2255079746246338,0.36102020740509033,-27.887035,-21.340322,-23.865396,0.0,Tame at Portwood
71001,0.8831716179847717,0.9381213188171387,0.8816684484481812,0.15454858541488647,0.508254885673523,-23.501553,-24.970936,-23.625042,0.0,Ribble at Samlesbury
71004,0.8699405193328857,0.9139523506164551,0.8719366192817688,0.35397863388061523,0.5725029110908508,-22.7826,-10.793655,-23.260197,0.0,Calder at Whalley Weir
71006,0.8880636096000671,0.9539604187011719,0.8859026432037354,0.224980890750885,0.6942952275276184,-12.237246,-0.48868954,-17.371197,0.0,Ribble at Henthorn
72002,0.8340996503829956,0.9092472195625305,0.8313100934028625,-0.6196277141571045,0.08351480960845947,-24.612621,-19.350426,-30.13835,0.0,Wyre at St Michaels
72004,0.8184083700180054,0.8749436140060425,0.8178510069847107,0.028860390186309814,0.3268836736679077,-33.447563,-19.730684,-34.841217,0.0,Lune at Caton
72005,0.8177982568740845,0.8981035351753235,0.815186083316803,-0.027303457260131836,0.2862517237663269,-28.266727,-8.874896,-27.834007,0.0,Lune at Killington
73005,0.8309516906738281,0.9098144769668579,0.8276174068450928,0.09747415781021118,0.3653385639190674,-22.250425,-3.088081,-20.208382,0.0,Kent at Sedgwick
73010,0.9306738972663879,0.9420033097267151,0.927619218826294,-0.3161039352416992,-0.02918875217437744,-5.586806,-0.6952286,-8.522627,0.0,Leven at Newby Bridge
73011,0.8603062629699707,0.9326436519622803,0.859647274017334,0.16409027576446533,0.4639933705329895,-23.943207,-5.6530805,-24.075964,0.0,Mint at Mint Bridge
74001,0.8527896404266357,0.9319374561309814,0.8418141007423401,0.09964966773986816,0.38197755813598633,-15.2307625,-5.263814,-13.705212,0.0,Duddon at Duddon Hall
74006,0.8209583759307861,0.9087144136428833,0.8232375383377075,-0.9405120611190796,-0.1993039846420288,-22.887278,-9.894255,-20.339195,0.0,Calder at Calder Hall
75003,0.8872408866882324,0.9178035855293274,0.8839640021324158,0.024681806564331055,0.32500332593917847,-6.579292,2.607888,-10.227489,0.0,Derwent at Ouse Bridge
75004,0.8834819197654724,0.937468409538269,0.891887903213501,0.3345053195953369,0.6835278272628784,-16.538876,-5.009049,-10.798257,0.0,Cocker at Southwaite Bridge
76005,0.791375994682312,0.807593822479248,0.8231617212295532,0.21885406970977783,0.23701363801956177,-28.908401,-30.10204,-24.458569,0.0,Eden at Temple Sowerby
76007,0.9084781408309937,0.9198830127716064,0.9085911512374878,0.5485879182815552,0.5505921840667725,-6.8955574,-9.016538,-4.0257306,0.0,Eden at Sheepmount
76008,0.769978404045105,0.8409416079521179,0.7638582587242126,-1.1547777652740479,-0.38153600692749023,-32.178467,-26.177387,-30.765581,0.0,Irthing at Greenholme
76011,0.7786538004875183,0.8519394397735596,0.7838725447654724,0.47656840085983276,0.48867493867874146,-9.216386,-3.9874315,-4.4542255,0.0,Coal Burn at Coalburn
77002,0.8560283780097961,0.9252467155456543,0.8681086897850037,0.07625722885131836,0.49082326889038086,-26.850464,-14.306604,-22.908447,0.0,Esk at Canonbie
78003,0.9012569189071655,0.9522119760513306,0.8984330892562866,-0.2962660789489746,0.31427931785583496,-19.948185,-12.783728,-19.56361,0.01,Annan at Brydekirk
78004,0.8086646795272827,0.915327250957489,0.8032000660896301,-1.9199953079223633,-0.11712276935577393,-27.796736,-17.449467,-28.37792,0.0,Kinnel Water at Redhall
79002,0.87787264585495,0.9530103206634521,0.8780196905136108,-0.5744750499725342,0.6412821412086487,-21.449253,-7.997626,-19.664368,0.08,Nith at Friars Carse
79003,0.8252653479576111,0.9279822707176208,0.8184095621109009,-0.47589707374572754,0.44020944833755493,-19.813747,-12.757316,-20.561653,0.0,Nith at Hall Bridge
79004,0.8652769327163696,0.9524417519569397,0.8663037419319153,-0.6858184337615967,0.28093576431274414,-9.634983,-5.95192,-14.896095,0.0,Scar Water at Capenoch
79005,0.8598678112030029,0.9386317133903503,0.8628190755844116,-0.9195635318756104,0.3255167007446289,-24.582653,-14.218005,-24.57129,0.01,Cluden Water at Fiddlers Ford
79006,0.854588508605957,0.9416579008102417,0.8547801971435547,-0.912787914276123,0.4200752377510071,-23.242828,-6.062424,-24.323997,0.0,Nith at Drumlanrig
80001,0.8561720848083496,0.9370724558830261,0.8592304587364197,-0.579316258430481,0.23977690935134888,-28.083101,-20.890696,-27.941168,0.0,Urr at Dalbeattie
81003,0.8198868036270142,0.8776445388793945,0.8184329271316528,-0.2434830665588379,-0.22852003574371338,-21.765682,-9.378424,-19.339909,0.0,Luce at Airyhemming
82001,0.8504511713981628,0.8930435180664062,0.8486841320991516,-0.5998717546463013,0.308806836605072,-3.2318144,10.791737,-2.4424791,0.0,Girvan at Robstone
82003,0.815949022769928,0.9212125539779663,0.8173620104789734,-2.2295916080474854,-0.4726806879043579,-32.73796,-21.54343,-31.341717,0.0,Stinchar at Balnowlart
83003,0.7845497131347656,0.9166640043258667,0.7953436374664307,-2.5770039558410645,-0.3680027723312378,-16.009209,-15.577084,-15.239826,0.0,Ayr at Catrine
83004,0.8064320683479309,0.9107207655906677,0.8050287365913391,-0.8176010847091675,0.37116867303848267,-16.00412,-3.9121537,-18.495485,0.0,Lugar Water at Langholm
84001,0.8855218291282654,0.9331045746803284,0.8871473670005798,-1.3917362689971924,-0.9248058795928955,-11.587885,-4.631269,-11.204839,0.0,Kelvin at Killermont
84004,0.8785984516143799,0.9516220688819885,0.8810086846351624,-0.19957447052001953,0.5579854249954224,-19.688982,-7.9718504,-21.509045,0.12,Clyde at Sills of Clyde
84005,0.8986324071884155,0.9437519311904907,0.8996106386184692,-1.3050706386566162,0.0457531213760376,-11.399126,-2.5949001,-15.146002,0.05,Clyde at Blairston
84008,0.8246136903762817,0.8782703876495361,0.82273268699646,-2.6817831993103027,-1.5213584899902344,-28.410404,-18.852398,-26.582779,0.0,Rotten Calder Water at Redlees
84012,0.830905020236969,0.918062150478363,0.829181969165802,-0.341455340385437,0.0901917815208435,-4.119155,3.9163888,-1.665014,0.0,White Cart Water at Hawkhead
84013,0.9067590832710266,0.9578758478164673,0.9033886194229126,-0.5919363498687744,0.3797265291213989,-2.2690177,-0.062692165,-9.602803,0.05,Clyde at Daldowie
84014,0.8497427105903625,0.9485883712768555,0.853034496307373,-1.3655972480773926,0.4058883786201477,-18.554432,-4.4934244,-17.773323,0.0,Avon Water at Fairholm
84016,0.8217499256134033,0.9014253616333008,0.821989893913269,0.37294846773147583,0.5158128142356873,21.403557,22.384876,14.978099,0.0,Luggie Water at Condorrat
84017,0.8893805742263794,0.9214063882827759,0.8840217590332031,-0.3530203104019165,0.07028651237487793,-2.3436933,0.9497404,-1.0220647,0.0,Black Cart Water at Milliken Park
84018,0.8804066181182861,0.9417226314544678,0.8795899748802185,-0.2332606315612793,0.5551697015762329,-7.8555794,2.91965,-8.305362,0.1,Clyde at Tulliford Mill
84019,0.8293809294700623,0.8763613104820251,0.832072913646698,-0.27677619457244873,0.2498464584350586,-17.73261,-17.684605,-17.80723,0.0,North Calder Water at Calderpark
84020,0.8216063976287842,0.8956390619277954,0.8315538167953491,-0.09144234657287598,0.21965712308883667,-9.769583,-16.49358,-13.921019,0.0,Glazert Water at Milton of Campsie
84022,0.803504228591919,0.9004617929458618,0.8052436113357544,-2.5303473472595215,-0.7429125308990479,-23.703634,-9.3846,-26.194796,0.82,Duneaton at Maidencots
85001,0.8583964705467224,0.8797134757041931,0.8529517650604248,-8.867871284484863,-6.41162109375,19.216377,6.4242005,22.234707,0.0,Leven at Linnbrane
85002,0.800796627998352,0.8261457085609436,0.7975753545761108,-3.08273983001709,-3.003300666809082,-15.130245,-30.395218,-20.311295,0.0,Endrick Water at Gaidrew
85003,0.8342089056968689,0.902432382106781,0.8367950320243835,-1.7051877975463867,-1.4432470798492432,-4.473269,7.7708006,-2.4268627,0.0,Falloch at Glen Falloch
94001,0.917868971824646,0.9268187880516052,0.9164167642593384,0.0357511043548584,0.06500953435897827,5.357039,6.9956484,7.8436494,0.0,Ewe at Poolewe
97002,0.7452113032341003,0.8287515044212341,0.7263573408126831,-0.3214128017425537,0.2749052047729492,-18.059492,-21.165197,-17.08244,0.0,Thurso at Halkirk
101002,0.7557876706123352,0.8253544569015503,0.7620066404342651,-0.8293623924255371,-0.02102220058441162,-29.066784,3.3150554,-30.181732,4.28,Medina at Shide
