gid,gauges,how,coverage,best_shift,r_best,r0,bias_pct,wet_q95_ratio
22001,2,inside:2,0.9687428701802419,0,0.9584159204901259,0.9584159204901259,-9.244674682617188,0.9315333892206203
22006,3,nearest:3,0.9641797855350217,0,0.9401010594194562,0.9401010594194562,0.9028196334838867,1.019919094531979
22007,3,inside:3,0.9908738307095597,0,0.9493175001499413,0.9493175001499413,-3.697901964187622,0.9278992700255057
22009,2,inside:2,0.9687428701802419,0,0.9586335315548248,0.9586335315548248,-17.706138610839844,0.8474252781492372
23001,11,inside:11,1.0,0,0.9590719729385772,0.9590719729385772,3.585803508758545,1.0300566455036284
23004,6,inside:6,1.0,0,0.9676783576995396,0.9676783576995396,5.276751518249512,1.0781511863908928
23006,4,inside:4,0.9787816563997263,0,0.9755994192106936,0.9755994192106936,-1.9594907760620117,0.9905356756692254
23007,3,nearest:3,0.9669176363221538,0,0.9507372064881057,0.9507372064881057,-7.460987567901611,0.936262143818882
23008,3,nearest:3,0.9949806068902578,0,0.9418985082870627,0.9418985082870627,-11.765527725219727,0.8956651647669794
23011,3,nearest:3,0.9810631987223363,0,0.9570119981935045,0.9570119981935045,-21.43436050415039,0.8090905399222513
24001,7,inside:7,1.0,0,0.9614649838832153,0.9614649838832153,-7.323145866394043,0.9096549940598322
24003,4,inside:4,0.9000684462696783,0,0.9411254447925322,0.9411254447925322,-11.436528205871582,0.9041731168504892
24004,3,nearest:3,0.9838010495094685,0,0.9418935268275123,0.9418935268275123,-13.19848918914795,0.9003939321348657
25001,5,inside:5,0.9984029203741729,0,0.9388549918729298,0.9388549918729298,-11.40097427368164,0.8955618710884793
25006,3,nearest:3,0.9858544375998175,0,0.9578009715505411,0.9578009715505411,-15.617036819458008,0.8665388092343421
25012,3,nearest:3,0.9762719598448552,0,0.9384806380097691,0.9384806380097691,-20.12830352783203,0.8121393613147725
25020,3,nearest:3,0.9849418206707734,0,0.9611192503957958,0.9611192503957958,-10.44670295715332,0.9030431119506325
27001,2,inside:2,0.9794661190965093,0,0.9266374981487185,0.9266374981487185,14.813685417175293,1.185618593966702
27003,22,inside:22,1.0,0,0.9802533100153089,0.9802533100153089,14.112890243530273,1.090868903040569
27006,4,inside:4,0.999771845767739,0,0.9711533868181076,0.9711533868181076,-1.0409772396087646,1.0011041772401852
27007,3,inside:3,1.0,0,0.9399276973020102,0.9399276973020102,11.106121063232422,1.122252532699015
27009,16,inside:16,1.0,0,0.9795796779598828,0.9795796779598828,-1.181495189666748,0.9962992275975633
27021,10,inside:10,1.0,0,0.9794996112388312,0.9794996112388312,5.246901512145996,1.04334542310564
27023,3,nearest:3,0.999771845767739,0,0.9571983765544303,0.9571983765544303,17.33856201171875,1.1414077770754354
27025,2,inside:2,0.9237964864248231,0,0.9635760621902753,0.9635760621902753,9.784674644470215,1.1450382179539025
27026,2,inside:2,0.9237964864248231,0,0.9727785879282598,0.9727785879282598,3.013169765472412,1.0518934176316348
27029,6,inside:6,0.999543691535478,0,0.9815881443348103,0.9815881443348103,6.541681289672852,1.071099947435739
27030,3,inside:3,0.9940679899612138,0,0.9757962045925037,0.9757962045925037,-0.3844738006591797,1.0251159805776937
27034,2,inside:2,0.999543691535478,0,0.9418345383401306,0.9418345383401306,7.777893543243408,1.0545595598419168
27035,4,inside:4,1.0,0,0.9554730130904291,0.9554730130904291,-3.1484246253967285,0.9655748561982156
27042,3,nearest:3,0.9885922883869496,0,0.9389225167797262,0.9389225167797262,-12.571573257446289,0.8949564146601763
27047,3,nearest:3,1.0,0,0.9592025628350714,0.9592025628350714,-1.8546700477600098,0.9684933330578617
27071,9,inside:9,1.0,0,0.9742832203942945,0.9742832203942945,-9.13076400756836,0.9143266430382426
28001,3,nearest:3,1.0,0,0.9684654024738368,0.9684654024738368,-17.452484130859375,0.8153541657020784
28008,3,inside:3,0.9860825918320785,0,0.9614556118019404,0.9614556118019404,-0.5162596702575684,0.9764825478353834
28009,49,inside:49,1.0,0,0.9946461176737496,0.9946461176737496,-3.0944347381591797,0.9747071910999282
28012,8,inside:8,1.0,0,0.9894984504113254,0.9894984504113254,1.1108994483947754,0.9995057257762551
28018,7,inside:7,1.0,0,0.9860727202730116,0.9860727202730116,0.39168596267700195,1.022352574584843
28022,53,inside:53,1.0,0,0.995387299486893,0.995387299486893,-2.5432169437408447,0.9837242956044646
28024,4,inside:4,1.0,0,0.9932215357100559,0.9932215357100559,-0.7086694240570068,0.9948580152570214
28026,2,inside:2,0.997946611909651,0,0.9747901261897098,0.9747901261897098,-4.698544502258301,0.9744478165282655
28031,3,nearest:3,1.0,0,0.9757219266870338,0.9757219266870338,-3.4016966819763184,0.9471317094989461
28039,3,nearest:3,0.9924709103353867,0,0.9831606206668055,0.9831606206668055,0.7341742515563965,0.9892574691906704
28040,3,nearest:3,0.9755874971480721,0,0.9776055032931652,0.9776055032931652,4.973697662353516,1.0435064851359714
28043,3,nearest:3,1.0,0,0.9405250861985609,0.9405250861985609,-15.852397918701172,0.8795536486130816
28046,3,nearest:3,1.0,0,0.9721349506410509,0.9721349506410509,-7.212638854980469,0.9375000524927273
28048,3,nearest:3,0.9954369153547798,0,0.9663425105100218,0.9663425105100218,-4.9865007400512695,0.9637613966350153
28050,3,nearest:3,0.999543691535478,0,0.9756793379304018,0.9756793379304018,-1.958775520324707,1.044365851494146
28052,3,nearest:3,1.0,0,0.9718041939785691,0.9718041939785691,-3.494751453399658,0.989372330375518
28067,7,inside:7,1.0,0,0.9694816800766319,0.9694816800766319,-17.735355377197266,0.8360111512197281
28080,4,inside:4,1.0,0,0.983714005916386,0.983714005916386,3.4540653228759766,1.0351220599003734
28082,3,nearest:3,1.0,0,0.9889337580283644,0.9889337580283644,0.3131985664367676,1.0147806059328723
28085,5,inside:5,1.0,0,0.9710320678236443,0.9710320678236443,-14.593893051147461,0.8943547171637083
29003,3,nearest:3,0.999543691535478,0,0.9650728105414664,0.9650728105414664,-0.5862832069396973,0.9969613024609892
30012,3,nearest:3,0.999771845767739,0,0.9648541870878727,0.9648541870878727,-8.532047271728516,0.8936908156765181
30014,3,nearest:3,0.9806068902578143,0,0.9585799037454016,0.9585799037454016,-1.8904805183410645,1.003824053970856
32004,2,inside:2,1.0,0,0.972232585819938,0.972232585819938,-1.5795767307281494,1.0327209719114039
33007,3,nearest:3,0.9849418206707734,0,0.9532839176303072,0.9532839176303072,-5.044519901275635,0.9464506566232185
33012,3,nearest:3,0.9796942733287702,0,0.9547616520574019,0.9547616520574019,-2.4283528327941895,0.9847483917497141
33014,3,nearest:3,0.9954369153547798,0,0.9707734953137612,0.9707734953137612,-3.5677433013916016,0.9599853831582527
33018,3,nearest:3,0.9922427561031257,0,0.9245980190616676,0.9245980190616676,-0.013262033462524414,1.0208526685130295
33019,3,nearest:3,0.9657768651608487,0,0.9344195298123638,0.9344195298123638,-1.8330633640289307,0.9826242604153166
33021,3,nearest:3,0.9605293178188455,0,0.9724567397442055,0.9724567397442055,4.730939865112305,1.0845704501497306
33022,4,inside:4,0.9942961441934748,0,0.978950082538582,0.978950082538582,0.8113741874694824,1.0243493830273718
33023,3,nearest:3,1.0,0,0.9654259024212403,0.9654259024212403,1.7302870750427246,1.0705272602837543
33024,3,nearest:3,0.9908738307095597,0,0.9803852146763943,0.9803852146763943,-1.1865317821502686,0.9811257657285968
33028,3,nearest:3,0.9961213780515629,0,0.9820858843626287,0.9820858843626287,4.801285266876221,1.0390005604768957
33031,3,nearest:3,0.9961213780515629,0,0.952015121819656,0.952015121819656,-0.8543550968170166,0.9720637598124057
33032,3,nearest:3,0.9573351585671914,0,0.9637894683718563,0.9637894683718563,-7.801276206970215,0.9397842569357765
33033,3,nearest:3,0.9933835272644308,0,0.9743477800453401,0.9743477800453401,-2.501511573791504,1.0004821596060165
33034,3,inside:3,0.9527720739219713,0,0.9660850790839342,0.9660850790839342,-6.626873970031738,0.9436273868154523
33039,8,inside:8,1.0,0,0.9813635206516256,0.9813635206516256,0.887596607208252,0.99030415123733
33053,3,nearest:3,0.9605293178188455,0,0.9671121458165406,0.9671121458165406,-3.7391245365142822,0.9832957254450919
34003,3,nearest:3,1.0,0,0.9581818224609601,0.9581818224609601,-2.7208447456359863,0.9774949016146978
34010,3,nearest:3,0.9815195071868583,0,0.9097629886872041,0.9097629886872041,-6.898480415344238,0.936934707852367
34011,3,nearest:3,0.9828884325804244,0,0.9532930935928179,0.9532930935928179,-5.434691905975342,0.9334370085448332
35003,3,nearest:3,0.9981747661419119,0,0.9699089502481945,0.9699089502481945,-2.83161997795105,0.9674688087158704
35008,3,nearest:3,0.9931553730321697,0,0.969042317526348,0.969042317526348,-2.01680064201355,1.0035167010811543
36003,3,nearest:3,0.9589322381930184,0,0.9711378736010878,0.9711378736010878,-0.9768128395080566,0.9794847670900619
36006,6,inside:6,1.0,0,0.9742226789424839,0.9742226789424839,-3.980255126953125,0.9752763996689857
36009,3,nearest:3,0.9582477754962354,0,0.9328902173722055,0.9328902173722055,-4.599565505981445,0.9411498366863784
36010,3,nearest:3,0.9828884325804244,0,0.9582691089892139,0.9582691089892139,-3.7907063961029053,0.9552893516271282
36011,3,nearest:3,0.9819758156513804,0,0.9758211997042355,0.9758211997042355,-6.367552280426025,0.9696710971560945
36012,2,inside:2,0.9778690394706822,0,0.9623896010913638,0.9623896010913638,-5.408167839050293,0.9872845683141298
37001,6,inside:6,0.9977184576773899,0,0.9467260448664432,0.9467260448664432,-1.2897610664367676,0.9954164379753339
37005,3,inside:3,0.8466803559206023,0,0.9645538871906855,0.9645538871906855,-4.052698612213135,0.9536194099228401
37008,3,nearest:3,0.9653205566963268,0,0.4052938705533961,0.4052938705533961,10.669815063476562,1.001167658153948
37009,3,nearest:3,0.9112480036504678,0,0.970245476705701,0.970245476705701,1.692211627960205,1.0025225739851171
37010,4,inside:4,0.9644079397672827,0,0.975381861735901,0.975381861735901,-1.1341750621795654,1.0119048078584583
37011,3,nearest:3,0.9767282683093771,0,0.403465609119065,0.403465609119065,7.010185718536377,0.9637640558269787
37018,3,nearest:3,0.9881359799224275,0,0.886841663659842,0.886841663659842,1.3743996620178223,1.0315203323899211
37019,3,nearest:3,0.9876796714579056,0,0.9584460133853806,0.9584460133853806,-1.662600040435791,1.011865763304064
37020,3,nearest:3,0.9767282683093771,0,0.40823360117420415,0.40823360117420415,8.113039016723633,0.9802786738510363
38003,2,inside:2,0.8564909879078257,0,0.9728421900392062,0.9728421900392062,-6.195801734924316,0.9537494822799919
38007,3,nearest:3,0.9806068902578143,0,0.9793818837650959,0.9793818837650959,-4.314470291137695,0.9512760925904926
38014,3,nearest:3,0.9265343372119553,0,0.9579301735438466,0.9579301735438466,-3.7393152713775635,1.010101029347911
38017,3,nearest:3,0.9641797855350217,0,0.9805871392629222,0.9805871392629222,-4.279488563537598,0.9766192953638511
38018,3,inside:3,0.9888204426192105,0,0.9858331113325767,0.9858331113325767,-3.2738864421844482,0.9652076912175906
38021,3,nearest:3,0.9787816563997263,0,0.9797441493571711,0.9797441493571711,-4.854625701904297,0.9693820375051535
39001,55,inside:55,1.0,0,0.9942982241920105,0.9942982241920105,-5.824482440948486,0.9331842242303343
39010,4,inside:4,0.974218571754506,0,0.9818548837574642,0.9818548837574642,-3.639131784439087,0.9625660062968193
39011,3,inside:3,0.997946611909651,0,0.9831055187394325,0.9831055187394325,-12.489014625549316,0.9130331579270176
39012,3,nearest:3,1.0,0,0.9862207665469008,0.9862207665469008,-4.449468612670898,0.9713409270995167
39014,3,nearest:3,0.9769564225416382,0,0.9796747375779988,0.9796747375779988,-7.554739952087402,0.9355429681635657
39016,5,inside:5,0.997946611909651,0,0.9811931817731293,0.9811931817731293,-9.92933464050293,0.9164837082565827
39020,3,nearest:3,0.9961213780515629,0,0.9727634120226389,0.9727634120226389,-8.603471755981445,0.9199691607671673
39023,2,inside:2,0.9794661190965093,0,0.973321058069457,0.973321058069457,-1.1159241199493408,0.9848945359488717
39025,3,nearest:3,1.0,0,0.9765902308879704,0.9765902308879704,-13.860243797302246,0.867243382182885
39027,2,inside:2,0.9623545516769336,0,0.9850365332110789,0.9850365332110789,-4.24678897857666,0.962028501153596
39028,3,nearest:3,0.919689710244125,0,0.9759328447305627,0.9759328447305627,-12.179803848266602,0.911634666656521
39029,3,nearest:3,1.0,0,0.9772446161401777,0.9772446161401777,-6.578564643859863,0.9452736384895982
39035,3,nearest:3,0.9778690394706822,0,0.9529998184640152,0.9529998184640152,2.1340012550354004,1.0225212956402365
39036,3,nearest:3,1.0,0,0.9780615273902361,0.9780615273902361,-10.282516479492188,0.9054086367458218
39037,3,nearest:3,0.9771845767738991,0,0.9219082466945383,0.9219082466945383,13.997686386108398,1.1425463030379421
39042,3,nearest:3,0.9974903034451289,0,0.9817772923311596,0.9817772923311596,-8.099913597106934,0.9278024437269283
39052,3,nearest:3,0.9970339949806069,0,0.981909784220376,0.981909784220376,-3.9052486419677734,1.0016145034445723
39061,3,nearest:3,0.9974903034451289,0,0.970941863563751,0.970941863563751,-9.32491397857666,0.9312307826227574
39081,3,nearest:3,0.9963495322838238,0,0.9833623730126088,0.9833623730126088,-3.1293511390686035,1.0051300724520418
40005,4,inside:4,0.9974903034451289,0,0.9858661069167093,0.9858661069167093,-1.7001807689666748,0.9618244601733004
40009,3,nearest:3,0.9984029203741729,0,0.967576375185512,0.967576375185512,-7.2203216552734375,0.9220529526213546
41005,2,inside:2,0.9098790782569016,0,0.9658570557218891,0.9658570557218891,-0.09032487869262695,0.9747949653759944
41006,4,inside:4,0.9872233629933835,0,0.9758899739026891,0.9758899739026891,-5.166351795196533,0.9193030557779762
41011,2,inside:2,0.9621263974446727,0,0.9848344177063171,0.9848344177063171,0.20053386688232422,1.0015465410417002
41022,3,nearest:3,1.0,0,0.9264878724048375,0.9264878724048375,4.763531684875488,0.9603121157336061
41023,3,nearest:3,1.0,0,0.9775229480503784,0.9775229480503784,-10.68456745147705,0.8767773130648852
41027,3,nearest:3,1.0,0,0.9813552269899223,0.9813552269899223,-5.544745922088623,0.9631902981996222
42001,3,nearest:3,1.0,0,0.9190697341032482,0.9190697341032482,-1.2932300567626953,0.9640823978082076
42008,3,nearest:3,1.0,0,0.9835596641916898,0.9835596641916898,-7.132619857788086,0.8990320067469452
43005,2,inside:2,0.9135295459730778,0,0.8840419424574645,0.8840419424574645,37.73341369628906,1.3923327002515815
43006,3,nearest:3,0.9897330595482546,0,0.9783958661725313,0.9783958661725313,-0.8067071437835693,0.9937196993846282
43007,7,inside:7,0.9938398357289527,0,0.9837409981520258,0.9837409981520258,-2.895033359527588,0.9440754667308363
43008,3,nearest:3,0.9904175222450377,0,0.9646640531937716,0.9646640531937716,-12.372082710266113,0.8994141217960235
43009,5,inside:5,0.9936116814966918,0,0.9896714929140346,0.9896714929140346,-0.011628866195678711,0.9840977998610345
43014,3,nearest:3,0.9482089892767511,0,0.8850882326677428,0.8850882326677428,33.50334167480469,1.3451657723375336
43017,3,nearest:3,0.9940679899612138,0,0.9390275207974156,0.9390275207974156,17.070865631103516,1.2403543365693375
44002,3,nearest:3,0.9897330595482546,0,0.9673418385428092,0.9673418385428092,-8.3296537399292,0.8716774337330243
44006,3,nearest:3,0.9897330595482546,0,0.9801406412609562,0.9801406412609562,-1.5698671340942383,0.9718669741432923
45001,7,inside:7,1.0,0,0.9799822076842349,0.9799822076842349,8.07145881652832,1.0547388483209224
45003,3,nearest:3,1.0,0,0.9743780338230793,0.9743780338230793,-2.2276222705841064,0.9640205585890999
45004,3,inside:3,0.973305954825462,0,0.9755461153349577,0.9755461153349577,1.0182380676269531,1.0147049350433575
45005,4,nearest:4,0.9883641341546886,0,0.9796767707688265,0.9796767707688265,6.146657466888428,1.0992211870197648
45009,2,inside:2,0.9844855122062515,0,0.964099281630053,0.964099281630053,3.423333168029785,1.0227018117422615
45012,3,nearest:3,0.6153319644079398,0,0.9506536913464702,0.9506536913464702,4.143762588500977,1.0710616354468976
46003,5,inside:5,1.0,0,0.983525527723659,0.983525527723659,-2.136111259460449,1.0122540979091457
46005,3,nearest:3,0.9644079397672827,0,0.9593877592010259,0.9593877592010259,-10.768550872802734,0.9528775772938325
47001,8,inside:8,1.0,0,0.9946072620861371,0.9946072620861371,-2.8180062770843506,0.9783828465523502
47004,3,nearest:3,1.0,0,0.9928855535887541,0.9928855535887541,2.241849899291992,1.0215298536605535
47008,3,nearest:3,1.0,0,0.988474454298144,0.988474454298144,6.995630264282227,1.1068283025505294
47009,3,nearest:3,1.0,0,0.9721863332291887,0.9721863332291887,3.5825014114379883,1.0715910791496366
48004,3,nearest:3,1.0,0,0.8891605699602623,0.8891605699602623,0.7866382598876953,0.9985496553514915
48005,3,nearest:3,1.0,0,0.9862485385910167,0.9862485385910167,2.5821447372436523,1.041874851520194
48011,3,nearest:3,1.0,0,0.8848383335315748,0.8848383335315748,1.5848517417907715,0.9943340239958288
49002,3,nearest:3,0.9920146018708647,0,0.986903965485279,0.986903965485279,-3.5445451736450195,0.9368438907402281
49004,3,nearest:3,1.0,0,0.9791645214519902,0.9791645214519902,1.1362671852111816,0.9756390667220993
50001,5,inside:5,1.0,0,0.9676956187142776,0.9676956187142776,-10.26921272277832,0.9453633244095223
50002,3,inside:3,0.9694273328770249,0,0.9715476078163197,0.9715476078163197,15.127098083496094,1.1339118213351511
50006,2,inside:2,0.5998174766141912,0,0.9355730395811394,0.9355730395811394,-18.04937171936035,0.910924932756256
51001,3,nearest:3,0.8724617841660963,0,0.9719986743877307,0.9719986743877307,10.943973541259766,1.1242554909721825
52004,3,nearest:3,1.0,0,0.9564723621775186,0.9564723621775186,7.230257987976074,1.0184141065350314
52005,3,nearest:3,0.9363449691991786,0,0.9789255561856357,0.9789255561856357,3.5864830017089844,1.069021642135145
52006,3,inside:3,0.9883641341546886,0,0.9558512378950593,0.9558512378950593,25.405704498291016,1.2726540570207843
52007,3,nearest:3,0.9539128450832763,0,0.9289916470582257,0.9289916470582257,31.142484664916992,1.3345894362756774
52009,3,nearest:3,0.9386265115217888,0,0.9578678629221505,0.9578678629221505,10.183119773864746,1.1277883683592276
52010,3,inside:3,0.781428245493954,0,0.9784560014952056,0.9784560014952056,-4.174458980560303,1.0026857415189154
53005,3,nearest:3,0.9762719598448552,0,0.9607824274647847,0.9607824274647847,17.128490447998047,1.1416280665780805
53006,3,nearest:3,0.9523157654574492,0,0.9690600347520593,0.9690600347520593,-0.7643342018127441,1.0292376021140146
53007,3,inside:3,0.9881359799224275,0,0.9774149451040308,0.9774149451040308,9.925699234008789,1.0816045905195557
53008,3,inside:3,0.9822039698836413,0,0.9787295802093867,0.9787295802093867,-5.642104148864746,0.9753828799822895
53009,3,nearest:3,0.9762719598448552,0,0.9655849052997236,0.9655849052997236,11.346185684204102,1.0855030261361618
53013,3,nearest:3,0.9908738307095597,0,0.9092662662001287,0.9092662662001287,16.841339111328125,1.1575006626475843
53018,15,inside:15,0.9920146018708647,0,0.9908336862588958,0.9908336862588958,-0.27917027473449707,1.0013264823563113
54001,13,inside:13,1.0,0,0.9476863579196654,0.9476863579196654,-22.746192932128906,0.8243051991360676
54002,12,inside:12,1.0,0,0.9921880979564758,0.9921880979564758,-1.4844238758087158,0.9873221646028949
54005,3,inside:3,1.0,0,0.8938776803615642,0.8938776803615642,-29.656553268432617,0.728675513832066
54007,2,inside:2,1.0,0,0.9814075962391041,0.9814075962391041,-0.20140409469604492,0.9979210494462295
54008,5,inside:5,1.0,0,0.9749286571078218,0.9749286571078218,-5.059534072875977,0.9659069438181506
54012,4,inside:4,1.0,0,0.9820294756720104,0.9820294756720104,-1.8925011157989502,0.9914375927773564
54015,3,nearest:3,0.999771845767739,0,0.9794527522092938,0.9794527522092938,-1.823502779006958,0.9839314485375151
54017,3,nearest:3,0.9849418206707734,0,0.9785107267493294,0.9785107267493294,0.38733482360839844,1.0298048568433769
54018,3,nearest:3,1.0,0,0.9526349554818355,0.9526349554818355,0.4379391670227051,0.9949217261080686
54019,2,inside:2,0.9240246406570842,0,0.9764978798910282,0.9764978798910282,-1.6500294208526611,1.01119923920078
54020,3,nearest:3,1.0,0,0.972079296926438,0.972079296926438,-0.7302343845367432,1.0230713323108112
54024,3,nearest:3,1.0,0,0.9818973306351084,0.9818973306351084,0.8631348609924316,1.0174261148054626
54027,3,inside:3,1.0,0,0.9705030289090115,0.9705030289090115,0.5954146385192871,1.0154173503880912
54029,7,inside:7,1.0,0,0.9822265681816619,0.9822265681816619,-3.4210622310638428,0.9828095763073503
54032,25,inside:25,1.0,0,0.9727065557360458,0.9727065557360458,-15.348995208740234,0.9036882225799676
54034,3,nearest:3,1.0,0,0.9583650726715583,0.9583650726715583,-8.02013874053955,0.941440998412714
54036,3,nearest:3,1.0,0,0.9556177779231289,0.9556177779231289,-0.9135842323303223,1.0056900832739613
54057,39,inside:39,1.0,0,0.9801947606242558,0.9801947606242558,-12.697434425354004,0.9301451660106503
55002,2,nearest:2,0.9856262833675564,0,0.9002763362623362,0.9002763362623362,-30.817920684814453,0.7631010200875831
55013,3,nearest:3,0.9860825918320785,0,0.943225659303848,0.943225659303848,-18.53927993774414,0.8188930039912081
55014,3,nearest:3,1.0,0,0.9481732610341254,0.9481732610341254,-14.899415016174316,0.8812320072038053
55018,2,inside:2,0.650695870408396,0,0.97374909900065,0.97374909900065,-11.679524421691895,0.9359462056658845
55021,3,nearest:3,1.0,0,0.9332219499123172,0.9332219499123172,-20.881038665771484,0.854628302008315
68001,3,inside:3,0.9858544375998175,0,0.3816232358954489,0.3816232358954489,15.344834327697754,0.9821731888082768
68003,2,inside:2,0.9044033766826375,0,0.964031791698812,0.964031791698812,1.7884254455566406,1.0366672303152218
68004,3,nearest:3,0.9842573579739904,0,0.9744255650332236,0.9744255650332236,0.39420127868652344,1.048492184070959
68005,2,inside:2,0.9438740588637919,0,0.26845549854958645,0.26845549854958645,38.202880859375,1.0659390383323206
69015,2,inside:2,1.0,0,0.9638460226912436,0.9638460226912436,-10.027324676513672,0.9128280120644724
69027,3,inside:3,0.8694957791467032,0,0.9642888544407414,0.9642888544407414,-11.050945281982422,0.9249517133397481
71001,14,inside:14,1.0,0,0.9701420321764472,0.9701420321764472,-5.495631694793701,0.9363872301945809
71004,7,inside:7,1.0,0,0.9159906183689136,0.9159906183689136,-4.562568664550781,0.9575105083635191
71006,3,inside:3,1.0,0,0.9520821741238152,0.9520821741238152,2.3851990699768066,1.0076156397717233
72002,3,inside:3,0.9687428701802419,0,0.9630835007427591,0.9630835007427591,-6.842059135437012,0.9656989233467179
72004,6,inside:6,1.0,0,0.9740410412971467,0.9740410412971467,-6.244701385498047,0.948434435784233
72005,2,inside:2,0.9714807209673739,0,0.9684558566206841,0.9684558566206841,2.6017308235168457,1.084010869992219
73005,3,inside:3,0.8886607346566279,0,0.9747957300341892,0.9747957300341892,-8.222532272338867,0.9097911463112658
73010,3,inside:3,0.9705681040383299,0,0.9586992196630788,0.9586992196630788,-1.4212429523468018,1.0027880898336514
73011,3,nearest:3,0.9904175222450377,0,0.9817943093442553,0.9817943093442553,-1.9142568111419678,0.9954506439979337
74001,2,inside:2,0.9600730093543235,0,0.9722198491840668,0.9722198491840668,2.7253270149230957,1.0452436275298878
74006,3,nearest:3,0.9794661190965093,0,0.9742878988859017,0.9742878988859017,-14.036262512207031,0.882850916474647
75003,7,inside:7,0.9911019849418207,0,0.9566503149293653,0.9566503149293653,33.040164947509766,1.33981266936326
75004,3,nearest:3,0.9069130732375086,0,0.96527482869284,0.96527482869284,-13.634002685546875,0.8745177146434993
76005,4,inside:4,0.9892767510837326,0,0.9693015955412533,0.9693015955412533,-0.5652010440826416,0.9825191374301948
76007,26,inside:26,0.9922427561031257,0,0.9906071194415784,0.9906071194415784,1.9635796546936035,1.0158845261473513
76008,5,inside:5,0.9897330595482546,0,0.9828490256893493,0.9828490256893493,-1.8107414245605469,0.9766162861206608
76011,3,nearest:3,0.9899612137805156,0,0.9644282835903868,0.9644282835903868,-15.993701934814453,0.8463398027208717
