gid,nse_gauged,nse_ungauged,top1_nse_ungauged,fold,chalk,gauge_name,penalty,area
6007,0.8587746024131775,0.7925757765769958,-1.6171770095825195,4,False,Ness at Ness-side,0.06619882583618164,3.2626266705807416
7001,0.6715590953826904,0.5760707855224609,-4.921209335327148,2,False,Findhorn at Shenachie,0.09548830986022949,2.6186650889403156
7002,0.6846078634262085,0.6439996957778931,-1.7785401344299316,1,False,Findhorn at Forres,0.04060816764831543,2.8930790006006526
7003,0.7578054666519165,0.6944131851196289,0.451407253742218,3,False,Lossie at Sheriffmills,0.0633922815322876,2.33577873881047
8004,0.6891534924507141,0.6743152141571045,-4.189997673034668,3,False,Avon at Delnashaugh,0.01483827829360962,2.7329563695756245
8005,0.7197362184524536,0.48059505224227905,-1.8181488513946533,3,False,Spey at Boat of Garten,0.23914116621017456,3.1008218389469513
8006,0.7430554628372192,0.6239715814590454,-3.1680941581726074,4,False,Spey at Boat o Brig,0.11908388137817383,3.455210427775805
8009,0.6740823984146118,0.6280243396759033,-6.667531967163086,1,False,Dulnain at Balnaan Bridge,0.046058058738708496,2.4348881208673157
9002,0.7950109839439392,0.7908321022987366,-0.7906227111816406,1,False,Deveron at Muiresk,0.004178881645202637,2.982917669520506
9003,0.7898980975151062,0.7798327207565308,-0.9295703172683716,4,False,Isla at Grange,0.01006537675857544,2.2552001166571176
9005,0.6748462915420532,0.6148536205291748,-5.046135902404785,3,False,Allt Deveron at Cabrach,0.05999267101287842,1.8329557506045984
10002,0.7577994465827942,0.7396602630615234,-0.12189316749572754,3,False,Ugie at Inverugie,0.018139183521270752,2.5128444261207994
11001,0.8499066829681396,0.8126047849655151,0.15741300582885742,4,False,Don at Parkhill,0.03730189800262451,3.103516376024478
11003,0.7634883522987366,0.7387996912002563,-0.25911712646484375,3,False,Don at Bridge of Alford,0.024688661098480225,2.707519079623743
12001,0.7086609601974487,0.6710847616195679,-1.071828842163086,2,False,Dee at Woodend,0.03757619857788086,3.139894821423499
12002,0.7700648903846741,0.7452560663223267,-1.2441284656524658,0,False,Dee at Park,0.024808824062347412,3.2632122176175744
14001,0.904593288898468,0.9034273028373718,-0.05015063285827637,0,False,Eden at Kemback,0.0011659860610961914,2.489592899821887
14002,0.8538455963134766,0.8319088220596313,0.046192288398742676,0,False,Dighty Water at Balmossie Mill,0.021936774253845215,2.1059187402863726
15006,0.8819364309310913,0.8533650040626526,-0.982682466506958,0,False,Tay at Ballathie,0.02857142686843872,3.6615079101609047
15007,0.8923454284667969,0.7660565972328186,-1.4761013984680176,3,False,Tay at Pitnacree,0.12628883123397827,3.060350265719691
15010,0.8244328498840332,0.8254774212837219,-0.6105221509933472,3,False,Isla at Wester Cardean,-0.0010445713996887207,2.560826880071928
15011,0.7129493951797485,0.4757475256919861,-2.038451910018921,4,False,Lyon at Comrie Bridge,0.23720186948776245,2.589200942776746
15012,0.8337042927742004,0.6228524446487427,-5.856710910797119,2,False,Tummel at Pitlochry,0.21085184812545776,3.2217584069681595
15013,0.7624183297157288,0.7157086730003357,-2.785806894302368,2,False,Almond at Almondbank,0.046709656715393066,2.238798562713917
16001,0.8808640241622925,0.8705970644950867,-0.2527538537979126,4,False,Earn at Kinkell Bridge,0.01026695966720581,2.7669033822355824
16003,0.7989590167999268,0.6856751441955566,-4.510797023773193,0,False,Ruchill Water at Cultybraggan,0.11328387260437012,2.0046222657007826
16004,0.9019893407821656,0.8807141780853271,-0.5669711828231812,2,False,Earn at Forteviot Bridge,0.02127516269683849,2.894255124234563
17001,0.8164653778076172,0.7816393375396729,-0.03568994998931885,2,False,Carron at Headswood,0.034826040267944336,2.083287569327283
17003,0.8048651218414307,0.7902584075927734,-0.4381692409515381,3,False,Bonny Water at Bonnybridge,0.014606714248657227,1.7117228918272347
17005,0.8797832727432251,0.8657076358795166,-2.479140281677246,2,False,Avon at Polmonthill,0.014075636863708496,2.2896112463483
18001,0.7996048927307129,0.7874693274497986,-1.2308602333068848,1,False,Allan Water at Kinbuck,0.012135565280914307,2.2048793337606623
18002,0.7832297086715698,0.7838183641433716,-1.40199875831604,2,False,Devon at Glenochil,-0.0005886554718017578,2.252100248832793
18003,0.8844290971755981,0.8385151624679565,-1.7377653121948242,0,False,Teith at Bridge of Teith,0.0459139347076416,2.712329754533151
19001,0.8453986644744873,0.8285738229751587,-2.5752456188201904,3,False,Almond at Craigiehall,0.016824841499328613,2.5792346673481497
19006,0.843696653842926,0.8363524675369263,-1.0624828338623047,1,False,Water of Leith at Murrayfield,0.007344186305999756,2.0097482559485536
19010,0.5993131399154663,0.6359823942184448,-0.21182334423065186,1,False,Braid Burn at Liberton,-0.036669254302978516,1.187520720836463
20002,0.743852972984314,0.7318755984306335,-3.5298404693603516,1,False,West Peffer Burn at Luffness,0.01197737455368042,1.40671045860979
20003,0.7640916109085083,0.7462550401687622,-1.5234711170196533,3,False,Tyne at Spilmersford,0.017836570739746094,2.2115743634828506
20007,0.8344414234161377,0.8028130531311035,-1.5123100280761719,2,False,Gifford Water at Lennoxlove,0.03162837028503418,1.8310374856400253
21003,0.8774638772010803,0.8735625743865967,0.08750146627426147,0,False,Tweed at Peebles,0.0039013028144836426,2.8439363008835103
21006,0.8737713694572449,0.8753011226654053,-0.28550827503204346,4,False,Tweed at Boleside,-0.0015297532081604004,3.1776922985724596
21008,0.8468739986419678,0.8384522795677185,-0.38131701946258545,0,False,Teviot at Ormiston Mill,0.008421719074249268,3.0498147674147407
21009,0.8958886861801147,0.8884539604187012,-0.8458508253097534,4,False,Tweed at Norham,0.007434725761413574,3.643330267155526
21011,0.8061915636062622,0.6464654207229614,-0.8964028358459473,1,False,Yarrow Water at Philiphaugh,0.15972614288330078,2.3663295505191058
21012,0.8626540899276733,0.8237738609313965,-0.5200176239013672,1,False,Teviot at Hawick,0.038880228996276855,2.5111076199592683
21013,0.8086512088775635,0.8095560073852539,-2.8697433471679688,3,False,Gala Water at Galashiels,-0.0009047985076904297,2.3126850063887594
21015,0.7460974454879761,0.7428539395332336,-0.3685331344604492,1,False,Leader Water at Earlston,0.0032435059547424316,2.3786159020312243
21016,0.777742862701416,0.7624742984771729,-0.6788879632949829,4,False,Eye Water at Eyemouth Mill,0.015268564224243164,2.0750357259221905
21017,0.8471405506134033,0.73964524269104,-3.0783329010009766,3,False,Ettrick Water at Brockhoperig,0.10749530792236328,1.5864747785713966
21018,0.8162961006164551,0.8220001459121704,-0.3423142433166504,4,False,Lyne Water at Lyne Station,-0.005704045295715332,2.2405242881123635
21022,0.7893584370613098,0.7824074029922485,-0.7298680543899536,2,False,Whiteadder Water at Hutton Castle,0.006951034069061279,2.700902651119476
21023,0.5210555791854858,0.42915403842926025,-4.305220127105713,0,False,Leet Water at Coldstream,0.09190154075622559,2.052886235256382
21024,0.8194705247879028,0.8046246767044067,-0.5048027038574219,4,False,Jed Water at Jedburgh,0.014845848083496094,2.145972902802181
22001,0.8456252813339233,0.8342463970184326,-0.15218281745910645,3,False,Coquet at Morwick,0.011378884315490723,2.762115641442657
22006,0.8434042930603027,0.8407483696937561,0.21540480852127075,2,False,Blyth at Hartford Bridge,0.002655923366546631,2.4372271921907287
22007,0.8286720514297485,0.8223509192466736,-0.37660765647888184,1,False,Wansbeck at Mitford,0.006321132183074951,2.4502645085598513
22009,0.8220276236534119,0.7821483612060547,-0.609652042388916,0,False,Coquet at Rothbury,0.03987926244735718,2.53905099433993
23001,0.8653668761253357,0.8645618557929993,0.6168559789657593,0,False,Tyne at Bywell,0.0008050203323364258,3.3369317974628796
23004,0.8422224521636963,0.813693106174469,0.016944050788879395,4,False,South Tyne at Haydon Bridge,0.028529345989227295,2.8749975621961523
23006,0.8353042006492615,0.8115421533584595,-0.5592353343963623,0,False,South Tyne at Featherstone,0.023762047290802002,2.5092697453761876
23007,0.8062993884086609,0.724506139755249,0.428011417388916,3,False,Derwent at Rowlands Gill,0.08179324865341187,2.3873720270198104
23008,0.8074567317962646,0.802951455116272,-0.009899258613586426,4,False,Rede at Rede Bridge,0.004505276679992676,2.538058205908395
23011,0.8144111037254333,0.78936368227005,-0.11580193042755127,1,False,Kielder Burn at Kielder,0.0250474214553833,1.767823498007517
24001,0.8444902896881104,0.8301209211349487,-0.4234405755996704,3,False,Wear at Sunderland Bridge,0.014369368553161621,2.8203197081465268
24003,0.7998621463775635,0.7658594846725464,-0.7317706346511841,3,False,Wear at Stanhope,0.03400266170501709,2.2392994791268923
24004,0.8351766467094421,0.8284978270530701,-1.1922848224639893,3,False,Bedburn Beck at Bedburn,0.00667881965637207,1.86993541064686
24005,0.7705209255218506,0.7304286360740662,0.034215450286865234,3,False,Browney at Burnhall,0.040092289447784424,2.252828768040592
25001,0.8398851752281189,0.8426618576049805,0.2167271375656128,2,False,Tees at Darlington Broken Scar,-0.0027766823768615723,2.928237059917442
25006,0.7979220747947693,0.6926174163818359,-1.7919023036956787,2,False,Greta at Rutherford Bridge,0.10530465841293335,1.938569756221061
25012,0.8500757217407227,0.6148236989974976,-2.1807467937469482,3,False,Harwood Beck at Harwood,0.2352520227432251,1.3905818785504354
25020,0.8018262386322021,0.7964708209037781,-0.43526792526245117,4,False,Skerne at Preston le Skerne,0.005355417728424072,2.1840380786268887
26003,0.6371787786483765,0.3441172242164612,-129.89735412597656,3,True,Foston Beck at Foston Mill,0.2930615544319153,1.7751733854247869
27001,0.8568820953369141,0.8532050251960754,-0.1601102352142334,0,False,Nidd at Hunsingore Weir,0.003677070140838623,2.69365661213802
27003,0.9067401885986328,0.8990856409072876,-8.616477012634277,3,False,Aire at Beal,0.007654547691345215,3.2868986231503685
27006,0.8344828486442566,0.785408079624176,0.4017270803451538,4,False,Don at Sheffield Hadfields,0.049074769020080566,2.562150059232882
27007,0.8451747894287109,0.8336623311042786,-0.34252870082855225,1,False,Ure at Westwick,0.011512458324432373,2.9602757055405062
27009,0.8444874286651611,0.821215808391571,-6.592437744140625,0,False,Ouse at Skelton,0.023271620273590088,3.518619210629076
27021,0.8691937923431396,0.8213514685630798,-1.3070259094238281,1,False,Don at Doncaster,0.047842323780059814,3.0978990773214536
27023,0.8084352016448975,0.7856185436248779,-0.6301580667495728,1,False,Dearne at Barnsley Weir,0.02281665802001953,2.077585906367243
27025,0.7981934547424316,0.782070517539978,-1.124014139175415,2,False,Rother at Woodhouse Mill,0.016122937202453613,2.5501427090794015
27026,0.8141670227050781,0.8009313941001892,-0.34535467624664307,0,False,Rother at Whittington,0.013235628604888916,2.222794481113707
27029,0.8871965408325195,0.8731372356414795,-0.0012166500091552734,1,False,Calder at Elland,0.014059305191040039,2.532423119067103
27030,0.8045716881752014,0.7339254021644592,-2.721214771270752,1,False,Dearne at Adwick,0.07064628601074219,2.4927324592231748
27032,-0.0662159919738769,-23.058687210083008,-121.22648620605469,0,False,Hebden Beck at Hebden,22.99247121810913,1.3471347829100198
27034,0.8545443415641785,0.8383060097694397,-0.41001713275909424,4,False,Ure at Kilgram Bridge,0.01623833179473877,2.7083614036647377
27035,0.8824671506881714,0.8617637157440186,-0.26944029331207275,2,False,Aire at Kildwick Bridge,0.020703434944152832,2.4523845212062794
27038,0.11387699842453,-5.5205841064453125,-7.2454938888549805,4,False,Costa Beck at Gatehouses,5.6344611048698425,0.9469432706978254
27042,0.8213276863098145,0.7783956527709961,-0.6803380250930786,1,False,Dove at Kirkby Mills,0.04293203353881836,1.7806053058389697
27047,0.8673909306526184,0.7695649862289429,-1.2736778259277344,3,False,Snaizeholme Beck at Low Houses,0.09782594442367554,1.0546130545568877
27051,0.836574912071228,0.7841155529022217,-0.2555736303329468,3,False,Crimple at Burn Bridge,0.05245935916900635,0.9122220565324155
27071,0.8172096014022827,0.7791506052017212,-3.133608818054199,1,False,Swale at Crakehill,0.03805899620056152,3.1317533581439294
28001,0.6096096634864807,0.1982194185256958,0.2224634289741516,3,False,Derwent at Yorkshire Bridge,0.4113902449607849,2.1027766148834415
28008,0.8604312539100647,0.8144131898880005,-0.5697202682495117,2,False,Dove at Rocester Weir,0.04601806402206421,2.59986124768202
28009,0.8694016337394714,0.8696532249450684,-2.596684455871582,2,False,Trent at Colwick,-0.00025159120559692383,3.873111834485089
28012,0.7958291172981262,0.7878978252410889,-0.7169042825698853,0,False,Trent at Yoxall,0.007931292057037354,3.081559721641072
28018,0.8836408257484436,0.8625267744064331,-0.9994579553604126,4,False,Dove at Marston on Dove,0.021114051342010498,2.9464866534860965
28022,0.8340030908584595,0.8246353268623352,-5.954306602478027,3,False,Trent at North Muskham,0.009367763996124268,3.9143124750612914
28024,0.8267924785614014,0.8247188329696655,-5.496448516845703,3,False,Wreake at Syston Mill,0.00207364559173584,2.62015688394582
28026,0.799685001373291,0.7635908126831055,-0.8371732234954834,1,False,Anker at Polesworth,0.03609418869018555,2.570052330393215
28031,0.826366126537323,0.767329216003418,-3.1600284576416016,3,False,Manifold at Ilam,0.05903691053390503,2.170672340315576
28039,0.7208184003829956,0.41542303562164307,-0.605154275894165,1,False,Rea at Calthorpe Park,0.30539536476135254,1.8674085565227911
28040,0.7892324328422546,0.6334701776504517,-0.021155118942260742,0,False,Trent at Stoke-On-Trent,0.15576225519180298,1.7672300981107183
28043,0.8479262590408325,0.8120216131210327,0.4770966172218323,3,False,Derwent at Chatsworth,0.035904645919799805,2.5370126991458206
28046,0.848414957523346,0.6466180682182312,-1.2489287853240967,4,False,Dove at Izaak Walton,0.20179688930511475,1.9329301428307895
28048,0.7849900722503662,0.7693317532539368,-2.044018507003784,1,False,Amber at Wingfield Park,0.015658318996429443,2.109376031404376
28050,0.7514420747756958,0.6630814075469971,-1.7505829334259033,3,False,Torne at Auckley,0.08836066722869873,2.114610984232173
28052,0.7686808109283447,0.766804039478302,-1.118577480316162,0,False,Sow at Great Bridgeford,0.0018767714500427246,2.1515537045429753
28067,0.8598531484603882,0.8556410670280457,-2.6902177333831787,4,False,Derwent at Church Wilne,0.004212081432342529,3.0706362261828377
28080,0.7912848591804504,0.18692320585250854,-2.4202911853790283,4,False,Tame at Lea Marston Lakes,0.6043616533279419,2.9004272155599997
28082,0.8653265237808228,0.8633043169975281,-1.1424281597137451,0,False,Soar at Littlethorpe,0.0020222067832946777,2.2565974927628454
28085,0.905135989189148,0.9055098295211792,0.2273167371749878,2,False,Derwent at St Mary's Bridge,-0.00037384033203125,3.021606848211076
29002,0.6888939142227173,0.6582069993019104,-0.9806054830551147,4,True,Great Eau at Claythorpe Mill,0.030686914920806885,1.9053640687668922
29003,0.7064652442932129,0.6909641027450562,-3.5768141746520996,1,True,Lud at Louth,0.015501141548156738,1.7460111077519258
29005,0.3064011335372925,0.22359734773635864,-24.83493995666504,4,False,Rase at Bishopbridge,0.08280378580093384,1.8011978344591488
30001,0.8384559750556946,0.8086341023445129,-2.5807180404663086,0,False,Witham at Claypole Mill,0.02982187271118164,2.4708219495400128
30004,0.6556258797645569,0.5571422576904297,-3.5523204803466797,4,False,Lymn at Partney Mill,0.0984836220741272,1.7788022040132387
30005,0.7766292095184326,0.7696043848991394,-0.9207602739334106,4,True,Witham at Saltersford Total,0.007024824619293213,2.0915262726310906
30011,0.7962015867233276,0.8066504597663879,0.557201623916626,3,False,Bain at Goulceby Bridge,-0.010448873043060303,1.809896246602439
30012,0.7557295560836792,0.7609509825706482,-1.081754446029663,0,False,Stainfield Beck at Cream Poke Farm,-0.005221426486968994,1.582290682718994
30014,0.7501037120819092,0.7290824055671692,-0.2538151741027832,2,False,Pointon Lode at Pointon,0.02102130651473999,1.0386201619497029
31002,0.7052291631698608,0.3742843270301819,-0.3374394178390503,3,False,Glen at Kates Br & King St Br,0.33094483613967896,2.5287624855106072
31006,-0.2769409418106079,-1.9225373268127441,-6.836670875549316,4,False,Gwash at Belmesthorpe,1.6455963850021362,2.173681489728459
31010,0.7444839477539062,0.5986796617507935,-4.622777462005615,4,False,Chater at Fosters Bridge,0.1458042860031128,1.8376515578463926
31021,0.7824755907058716,0.7865327596664429,-25.092853546142578,4,False,Welland at Ashley,-0.004057168960571289,2.3928551693895352
31023,0.6378710865974426,0.48615747690200806,-0.36202168464660645,2,False,West Glen at Easton Wood,0.15171360969543457,0.6414741105040995
32003,0.7240424752235413,0.6984940767288208,-0.38248884677886963,1,False,Harpers Brook at Old Mill Bridge,0.02554839849472046,1.8479426388452236
32004,0.8115738034248352,0.7912139296531677,-5.007423400878906,1,False,Ise Brook at Harrowden,0.02035987377166748,2.2886068903909687
32006,0.8484240174293518,0.7936093807220459,-7.154660224914551,1,False,Nene/Kislingbury at Upton Total,0.05481463670730591,2.343782654669529
32008,0.8663110136985779,0.8598974943161011,-1.6855521202087402,0,False,Nene/Kislingbury at Dodford,0.006413519382476807,2.0181177205910004
33006,0.550249457359314,0.41471678018569946,-6.6682047843933105,0,False,Wissey at Northwold Total,0.1355326771736145,2.4139029975044397
33007,0.7580540776252747,0.47688740491867065,-17.30201530456543,1,False,Nar at Marham,0.281166672706604,2.168468018854484
33012,0.7924656867980957,0.7521377801895142,-2.1177661418914795,2,False,Kym at Meagre Farm,0.04032790660858154,2.1403823245594022
33013,0.3194342851638794,0.018093407154083252,-9.468849182128906,3,False,Sapiston at Rectory Bridge,0.30134087800979614,2.292610452838321
33014,0.7951651811599731,0.7560969591140747,-7.399859428405762,4,False,Lark at Temple,0.03906822204589844,2.4378139588473458
33018,0.8277930021286011,0.8346025943756104,-0.33191370964050293,4,False,Tove at Cappenham Bridge,-0.006809592247009277,2.1223469662550785
33019,0.7051686644554138,0.6091691255569458,-2.667473793029785,2,False,Thet at Melford Bridge,0.09599953889846802,2.4932907143060246
33021,0.7079434394836426,0.6107228398323059,-17.565969467163086,4,True,Rhee at Burnt Mill,0.09722059965133667,2.4886212131294285
33022,0.8441079258918762,0.832583487033844,-2.0742530822753906,2,False,Ivel at Blunham,0.011524438858032227,2.732096085685356
33023,0.2421978712081909,-2.2195611000061035,-4.091614723205566,2,False,Lea Brook at Beck Bridge,2.4617589712142944,2.119090852421722
33024,0.609374463558197,0.41892367601394653,-0.11465585231781006,1,False,Cam at Dernford,0.1904507875442505,2.300138778165712
33026,0.7915940284729004,0.767188310623169,-4.25193977355957,3,False,Bedford Ouse at Offord,0.024405717849731445,3.4093074239519776
33028,0.7836199402809143,0.3955049514770508,0.19582027196884155,0,False,Flit at Shefford,0.3881149888038635,2.077077066845761
33029,0.7686913013458252,0.6786121129989624,-6.129651069641113,4,True,Stringside at Whitebridge,0.09007918834686279,1.9795938958489303
33031,0.6091389656066895,0.5861968994140625,-6.526346683502197,0,False,Broughton Brook at Broughton,0.022942066192626953,1.8455321174935755
33032,0.2108997106552124,-0.7515387535095215,-91.72933197021484,2,False,Heacham at Heacham,0.9624384641647339,1.7494270991217489
33033,0.687096118927002,0.698856770992279,-0.5581523180007935,1,False,Hiz at Arlesey,-0.0117606520652771,2.0529246837077286
33034,0.6903283596038818,0.6784708499908447,-0.9717192649841309,1,False,Little Ouse at Abbey Heath,0.01185750961303711,2.849886014263404
33035,0.7788534164428711,0.7742369174957275,-2.004403591156006,1,False,Ely Ouse at Denver Complex,0.004616498947143555,3.553978852004511
33039,0.7015807628631592,0.6385424137115479,-5.280910491943359,1,False,Bedford Ouse at Roxton,0.06303834915161133,3.220709404879566
33053,0.5626929998397827,-0.10549545288085938,-1.4480435848236084,2,False,Granta at Stapleford,0.6681884527206421,2.0568286526378117
34002,0.7910326719284058,0.680522084236145,-0.026980042457580566,1,False,Tas at Shotesham,0.11051058769226074,2.185230416167563
34003,0.4570844173431396,0.055157363414764404,-14.867911338806152,2,False,Bure at Ingworth,0.4019270539283752,2.2079035303860515
34004,0.4801056385040283,0.27304989099502563,-26.48908805847168,1,False,Wensum at Costessey Mill,0.20705574750900269,2.74795530690673
34005,0.5686324238777161,0.3342556357383728,-0.8829745054244995,2,False,Tud at Costessey Park,0.23437678813934326,1.857995495560924
34006,0.7734735608100891,0.767951488494873,0.3853955864906311,2,False,Waveney at Needham Mill,0.0055220723152160645,2.5752802381801962
34007,0.7029913067817688,0.6826214790344238,-1.3175466060638428,3,False,Dove at Oakley Park,0.02036982774734497,2.1441693000416664
34008,-0.8810106515884399,-2.2337725162506104,-110.06595611572266,4,False,Ant at Honing Lock,1.3527618646621704,1.647676313240871
34010,0.6168071031570435,0.575508713722229,0.36667943000793457,1,False,Waveney at Billingford Bridge,0.04129838943481445,2.176438555741045
34011,-0.1943757534027099,-1.2349200248718262,-17.03734588623047,4,False,Wensum at Fakenham,1.0405442714691162,2.21200105751229
34012,-1.3927695751190186,-8.038351058959961,-183.13278198242188,0,False,Burn at Burnham Overy,6.645581483840942,1.9236066430174592
35003,0.4836846590042114,0.4427803158760071,-2.580244541168213,2,False,Alde at Farnham,0.040904343128204346,1.7977521286507108
35008,0.8175605535507202,0.8176789879798889,-0.42473483085632324,1,False,Gipping at Stowmarket,-0.00011843442916870117,2.099887727411467
36003,0.7489699125289917,0.6926265358924866,0.17148202657699585,3,False,Box at Polstead,0.05634337663650513,1.7537362221750101
36006,0.6091916561126709,0.565807580947876,-8.124423027038574,2,False,Stour at Langham,0.04338407516479492,2.7569022317166274
36009,0.7481012344360352,0.7084413170814514,-0.5562701225280762,2,False,Brett at Cockfield,0.03965991735458374,1.4075608494863625
36010,0.7253429889678955,0.7120170593261719,-1.1876306533813477,3,False,Bumpstead Brook at Broad Green,0.013325929641723633,1.440121603187804
36011,0.7683448791503906,0.6992751359939575,-1.4795751571655273,0,False,Stour Brook at Sturmer,0.0690697431564331,1.5345337560051155
36012,0.5970938205718994,0.469496488571167,-1.6006052494049072,0,False,Stour at Kedington,0.12759733200073242,1.884512159190394
37001,0.8005572557449341,0.7406450510025024,-2.164340019226074,2,False,Roding at Redbridge,0.05991220474243164,2.4786386315431668
37003,0.6478902101516724,0.6206684112548828,-12.33185863494873,2,False,Ter at Crabbs Bridge,0.02722179889678955,1.8907562519182182
37005,0.7927951812744141,0.7503229379653931,-2.721792459487915,3,False,Colne at Lexden,0.042472243309020996,2.3727095303859254
37008,0.779721200466156,0.7837687730789185,-0.6661200523376465,4,False,Chelmer at Springfield,-0.004047572612762451,2.2778841422402
37009,0.7914565205574036,0.7133548855781555,-0.5455094575881958,0,False,Brain at Guithavon Valley,0.07810163497924805,1.7801011914679117
37010,0.7216789722442627,0.70350581407547,-1.7295937538146973,1,False,Blackwater at Appleford Bridge,0.018173158168792725,2.3963911617301985
37011,0.8192087411880493,0.8159329891204834,0.11137557029724121,3,False,Chelmer at Churchend,0.003275752067565918,1.8620120512502165
37018,0.6700857281684875,0.6420911550521851,-0.41369545459747314,0,False,Ingrebourne at Gaynes Park,0.02799457311630249,1.6506959797606109
37019,0.712708592414856,0.6785725355148315,-0.5344548225402832,4,False,Beam at Bretons Farm,0.034136056900024414,1.7121444142148858
37020,0.7413135170936584,0.7395468950271606,-1.7186107635498047,0,False,Chelmer at Felsted,0.0017666220664978027,2.1253185781235264
38001,0.7317596077919006,0.39334970712661743,-0.693518877029419,1,False,Lee at Feildes Weir,0.3384099006652832,3.019157847739282
38003,-0.0730111598968505,-0.09161269664764404,-9.602664947509766,4,False,Mimram at Panshanger Park,0.01860153675079354,2.1146443389022793
38007,0.7916401028633118,0.7409088611602783,-1.4972069263458252,4,False,Canons Brook at Elizabeth Way,0.05073124170303345,1.3172273491764201
38014,0.7744259834289551,0.7551541328430176,-0.9764678478240967,2,False,Salmon Brook at Edmonton,0.0192718505859375,1.3592661646067485
38017,-2.6224586963653564,-6.749467372894287,-344.963134765625,1,False,Mimram at Whitwell,4.127008676528931,1.5843312243675307
38018,0.759274423122406,0.6277939081192017,-2.1624319553375244,3,False,Upper Lee at Water Hall,0.13148051500320435,2.197914303318418
38021,0.7970314025878906,0.7588487267494202,-0.12028372287750244,0,False,Turkey Brook at Albany Park,0.03818267583847046,1.617943434828973
39001,0.8843239545822144,0.7835559248924255,-2.3061397075653076,0,False,Thames at Kingston,0.10076802968978882,3.996985547524192
39006,0.8758761882781982,0.8362486958503723,-11.138860702514648,1,True,Windrush at Newbridge,0.03962749242782593,2.558216411281003
39007,0.8183517456054688,0.791057825088501,-12.817377090454102,0,False,Blackwater at Swallowfield,0.027293920516967773,2.5560611590095323
39010,-0.0683232545852661,-1.145812749862671,-8.569327354431152,2,False,Colne at Denham,1.0774894952774048,2.8608767964032977
39011,0.7670355439186096,0.6821364164352417,-6.443150520324707,0,False,Wey at Tilford,0.08489912748336792,2.5925320448535816
39012,0.6095150709152222,-0.6629558801651001,-10.21343994140625,4,False,Hogsmill at Kingston upon Thames,1.2724709510803223,1.8627870982353443
39014,-1.6287968158721924,-9.580540657043457,-461.5440979003906,3,False,Ver at Hansteads,7.951743841171265,2.1288837020997735
39016,0.6758105754852295,0.6558731198310852,-1.6938400268554688,0,False,Kennet at Theale,0.019937455654144287,3.015942057262973
39020,0.8714622855186462,0.7108010053634644,-34.245731353759766,1,True,Coln at Bibury,0.16066128015518188,2.030599721965951
39021,0.4291628003120422,0.23897415399551392,-3.8165736198425293,0,False,Cherwell at Enslow Mill,0.19018864631652826,2.744652789820986
39022,0.8593500852584839,0.41470807790756226,-3.8327903747558594,1,False,Loddon at Sheepbridge,0.44464200735092163,2.24740856192157
39023,-2.3271076679229736,-4.570725917816162,-323.3056640625,1,False,Wye at Bourne End Hedsor,2.2436182498931885,2.1276877875398506
39025,0.8814305067062378,0.8319385647773743,-3.026852607727051,1,False,Enborne at Brimpton,0.049491941928863525,2.1523189274246453
39027,0.1721870303153991,-3.1718978881835938,-12.105509757995605,0,False,Pang at Pangbourne,3.344084918498993,2.2447223227699977
39028,0.3498684763908386,-0.23802566528320312,-48.553489685058594,4,False,Dun at Hungerford,0.5878941416740417,2.00039068924991
39029,0.1426982283592224,-0.5516788959503174,-63.6802978515625,2,False,Tilling Bourne at Shalford,0.6943771243095398,1.7692295817365937
39034,0.8260312080383301,0.7603408098220825,-3.7545289993286133,4,False,Evenlode at Cassington Mill,0.06569039821624756,2.630570243320645
39035,0.5222203731536865,0.2929614782333374,-15.549840927124023,4,True,Churn at Cerney Wick,0.22925889492034912,2.1029479680053735
39036,-5.886982440948486,-22.640941619873047,-137.3775177001953,3,False,Law Brook at Albury,16.75395917892456,1.2060158767633447
39037,0.7237714529037476,0.3491142988204956,-0.23884975910186768,0,True,Kennet at Marlborough,0.37465715408325195,2.1349098791318784
39042,0.7545129060745239,0.6631898880004883,-45.30678939819336,1,True,Leach at Priory Mill Lechlade,0.09132301807403564,1.889917683436206
39052,0.8315863609313965,0.8313088417053223,-0.7857929468154907,2,False,The Cut at Binfield,0.00027751922607421875,1.6988831367525903
39061,0.6746384501457214,-0.31198740005493164,-42.63693618774414,1,True,Letcombe Brook at Letcombe Bassett,0.9866258502006531,0.6009728956867483
39081,0.7713233828544617,0.7482501268386841,0.025500237941741943,2,False,Ock at Abingdon,0.023073256015777588,2.3684728384403617
40003,0.8688396215438843,0.8745103478431702,-0.5520879030227661,2,False,Medway at Teston / East Farleigh,-0.005670726299285889,3.1008218389469513
40004,0.8344350457191467,0.8249536156654358,-1.2001979351043701,2,False,Rother at Udiam,0.009481430053710938,2.3109905271345785
40005,0.8641951084136963,0.8628706336021423,-0.04310166835784912,0,False,Beult at Stilebridge,0.001324474811553955,2.4441228994129194
40007,0.86278235912323,0.8645092844963074,-0.28865015506744385,3,False,Medway at Chafford / Colliers Land Bridge,-0.0017269253730773926,2.401521161385542
40009,0.787695586681366,0.7044267654418945,0.6851646304130554,2,False,Teise at Stonebridge,0.08326882123947144,2.128722284338427
40010,0.8712265491485596,0.8592676520347595,0.6157872676849365,2,False,Eden at Penshurst / Vexour Bridge,0.011958897113800049,2.3510615580323826
40011,0.8717232346534729,0.7737337350845337,-4.387687683105469,2,False,Great Stour at Horton,0.09798949956893921,2.5330853864405705
40012,0.7041497230529785,0.44738632440567017,-3.0456957817077637,2,False,Darent at Hawley,0.25676339864730835,2.2725609638615567
40013,0.6234043836593628,0.585357666015625,-3.26759672164917,1,False,Darent at Otford,0.03804671764373779,1.9920672600276668
40016,0.3740918636322021,-5.753954887390137,-1.3243305683135986,0,False,Cray at Crayford,6.128046751022339,2.091631790626808
40018,0.789972722530365,0.7736538052558899,-0.7440611124038696,3,False,Darent at Lullingstone,0.016318917274475098,2.0872133412316147
41001,0.4836179614067077,0.40481871366500854,-15.635860443115234,4,False,Nunningham Stream at Tilley Bridge,0.07879924774169916,1.2332500095411003
41003,0.7902984619140625,0.8325966000556946,-51.592403411865234,0,False,Cuckmere at Sherman Bridge,-0.04229813814163208,2.1150443952584133
41005,0.867798388004303,0.8414217233657837,-0.006071329116821289,2,False,Ouse at Gold Bridge,0.026376664638519287,2.26164345331189
41006,0.6921697854995728,0.6281237006187439,-3.5148611068725586,4,False,Uck at Isfield,0.06404608488082886,1.9501700598082001
41011,0.8124518394470215,0.748974084854126,0.16799038648605347,2,False,Rother at Iping Mill,0.06347775459289551,2.1957336482732113
41012,0.7518541812896729,0.6712390780448914,-10.267603874206543,3,False,Adur E Branch at Sakeham,0.0806151032447815,1.9713686367914234
41013,0.7840969562530518,0.7784751653671265,-1.3800063133239746,0,False,Huggletts Stream at Henley Bridge,0.005621790885925293,1.1516762308470478
41014,0.842427670955658,0.8126522898674011,0.4443626403808594,1,False,Arun at Pallingham,0.029775381088256836,2.5986044970052267
41016,0.7889020442962646,0.7560984492301941,-2.3062398433685303,1,False,Cuckmere at Cowbeech,0.03280359506607056,1.2808059283936668
41019,0.8465064764022827,0.830738365650177,-1.2633681297302246,2,False,Arun at Alfoldean,0.015768110752105713,2.1807564923035585
41020,0.7934874296188354,0.7783204317092896,-3.052124500274658,2,False,Bevern Stream at Clappers Bridge,0.015166997909545898,1.5499836111596887
41022,0.8511868715286255,0.8306125402450562,0.2713748812675476,1,False,Lod at Halfway Bridge,0.020574331283569336,1.7196626830180466
41023,0.5916328430175781,-0.6150274276733398,-21.28305435180664,1,True,Lavant at Graylingwell,1.206660270690918,1.9355072658247128
41025,0.8594513535499573,0.7500246167182922,-3.9664688110351562,2,False,Loxwood Stream at Drungewick,0.10942673683166504,1.9685296443748395
41027,0.7044516801834106,0.635826587677002,-1.292198896408081,3,False,Rother at Princes Marsh,0.06862509250640869,1.5589484459780396
41028,0.7595125436782837,0.746355414390564,-2.321140766143799,4,False,Chess Stream at Chess Bridge,0.013157129287719727,1.3981136917305026
42001,0.695366621017456,0.27302122116088867,-0.16054952144622803,2,False,Wallington at North Fareham,0.4223453998565674,2.047975405279086
42003,0.7984012961387634,0.7985122799873352,-1.6959314346313477,3,False,Lymington at Brockenhurst,-0.00011098384857177734,1.9994785336793102
42004,0.6171427369117737,0.3390452265739441,-191.52967834472656,4,True,Test at Broadlands,0.2780975103378296,3.0148186463653297
42006,0.8464736938476562,0.7702828645706177,-4.115602493286133,3,True,Meon at Mislingford,0.07619082927703857,1.8798983243300098
42008,0.7281112670898438,0.2776873707771301,-3.928293228149414,1,True,Cheriton Stream at Sewards Bridge,0.4504238963127136,1.8711641328029494
42010,0.7282804250717163,-0.5366177558898926,-5.3761444091796875,4,True,Itchen at Highbridge & Allbrook Total,1.2648981809616089,2.531363941520202
42011,0.7425872087478638,0.6978948712348938,-0.7278432846069336,4,False,Hamble at Frogmill,0.04469233751296997,1.7423322823571483
43005,0.8689432144165039,0.7989179491996765,-1.5517551898956299,4,True,Avon at Amesbury,0.07002526521682739,2.5138432792311174
43006,0.8756178021430969,0.7586784362792969,-2.109161615371704,0,False,Nadder at Wilton,0.11693936586380005,2.3337091828972722
43007,0.8454039692878723,0.8011411428451538,-3.5040297508239746,3,False,Stour at Throop,0.044262826442718506,3.026161319803131
43008,0.7514561414718628,0.44113004207611084,-5.10778284072876,2,True,Wylye at South Newton,0.31032609939575195,2.651442781983703
43009,0.8937053084373474,0.8769587278366089,-1.3844590187072754,1,False,Stour at Hammoon,0.016746580600738525,2.714958109720149
43014,0.6686202883720398,0.6536498069763184,0.2699674963951111,0,False,East Avon at Upavon East,0.014970481395721436,1.933588510196653
43017,0.7822933197021484,0.7057449221611023,-3.047652244567871,1,True,West Avon at Upavon West,0.07654839754104614,1.9275243408750287
44001,0.7267681360244751,0.5164259672164917,-178.54684448242188,1,False,Frome at East Stoke Total,0.2103421688079834,2.61761882260783
44002,0.825424075126648,0.775812566280365,-298.0240478515625,4,False,Piddle at Baggs Mill,0.04961150884628296,2.2643218777630056
44006,0.6942940950393677,-0.20749831199645996,-114.97346496582031,4,True,Sydling Water at Sydling St Nicholas,0.9017924070358276,1.080987046910887
45001,0.92067551612854,0.9112221002578735,-0.644000768661499,0,False,Exe at Thorverton,0.009453415870666504,2.7840107110782126
45003,0.8284134864807129,0.8255877494812012,-0.22414696216583252,0,False,Culm at Woodmill,0.0028257369995117188,2.359664765369852
45004,0.7908157110214233,0.7582165598869324,-0.5280255079269409,4,False,Axe at Whitford,0.03259915113449097,2.4602511794543624
45005,0.8037458658218384,0.7461588382720947,-0.498152494430542,4,False,Otter at Dotton,0.05758702754974365,2.3071321906557802
45009,0.9135140776634216,0.9036667943000793,0.2674552798271179,2,False,Exe at Pixton,0.009847283363342285,2.1697038169945717
45012,0.8255530595779419,0.7602683901786804,-2.386115789413452,4,False,Creedy at Cowley,0.06528466939926147,2.4209948296439574
46003,0.8737963438034058,0.8621180057525635,-0.24227476119995117,2,False,Dart at Austins Bridge,0.011678338050842285,2.3979400086720375
46005,0.8045049905776978,0.7268698215484619,-1.2520489692687988,1,False,East Dart at Bellever,0.07763516902923584,1.347720217034038
47001,0.928232967853546,0.9302693009376526,-0.04274332523345947,3,False,Tamar at Gunnislake,-0.0020363330841065563,2.96389638739659
47004,0.9219262599945068,0.8864524960517883,0.10478276014328003,4,False,Lynher at Pillaton Mill,0.035473763942718506,2.131265696780032
47008,0.8358027935028076,0.7446365356445312,0.23099368810653687,4,False,Thrushel at Tinhay,0.09116625785827637,2.0520009801013
47009,0.9363503456115724,0.8881470561027527,0.04210120439529419,4,False,Tiddy at Tideford,0.04820328950881969,1.57287160220048
48004,0.8940241932868958,0.4205426573753357,-0.33380353450775146,0,False,Warleggan at Trengoffe,0.47348153591156006,1.402433346219312
48005,0.9068745374679564,0.8678146600723267,-2.3012757301330566,0,False,Kenwyn at Truro,0.03905987739562977,1.2789821168654432
48011,0.9056174159049988,0.8450630903244019,0.28132492303848267,1,False,Fowey at Restormel,0.060554325580596924,2.2232362731029975
49002,0.8784254193305969,0.7963422536849976,-0.4458644390106201,1,False,Hayle at St Erth,0.08208316564559937,1.6864575104691117
49004,0.8769983649253845,0.8883362412452698,-0.16014301776885986,4,False,Gannel at Gwills,-0.011337876319885254,1.6108730003800518
50001,0.9269872307777404,0.9247796535491943,0.21285957098007202,1,False,Taw at Umberleigh,0.0022075772285460316,2.920624146429142
50002,0.8914532661437988,0.8712881803512573,-0.9822189807891846,4,False,Torridge at Torrington,0.020165085792541504,2.8223381011510074
50006,0.9222936034202576,0.9191279411315918,0.23121362924575806,0,False,Mole at Woodleigh,0.0031656622886657715,2.514547752660286
51001,0.8755161166191101,0.8543499708175659,-0.000263214111328125,4,False,Doniford Stream at Swill Bridge,0.02116614580154419,1.8705794605526849
52004,0.8434159755706787,0.8233151435852051,-0.48270606994628906,3,False,Isle at Ashford Mill,0.020100831985473633,1.9415611202360707
52005,0.8854643702507019,0.8446294069290161,0.2560250759124756,0,False,Tone at Bishops Hull,0.04083496332168579,2.3088844144220166
52006,0.8535947799682617,0.8328548669815063,-0.5757144689559937,1,False,Yeo at Pen Mill,0.02073991298675537,2.3352572564345317
52007,0.8179678320884705,0.7856568098068237,-0.8410854339599609,0,False,Parrett at Chiselborough,0.03231102228164673,1.87069645798925
52009,0.870735228061676,0.7851796746253967,-3.1051511764526367,4,False,Sheppey at Fenny Castle,0.0855555534362793,1.7646243978509815
52010,0.810822606086731,0.7819876670837402,-2.099921226501465,1,False,Brue at Lovington,0.028834939002990723,2.139438274158168
52011,0.8425783514976501,0.8368865251541138,-9.872600555419922,2,False,Cary at Somerton,0.005691826343536377,1.9275756546911105
52016,0.8535667061805725,0.8368222713470459,-1.976039171218872,2,False,Currypool Stream at Currypool Farm,0.01674443483352661,1.1967287226232868
53005,0.8911216259002686,0.8676726818084717,-1.2697551250457764,0,False,Midford Brook at Midford,0.023448944091796875,2.1681142868195318
53006,0.9016728401184082,0.8884468674659729,-0.15676069259643555,3,False,Frome (Bristol) at Frenchay,0.013225972652435303,2.180813775754397
53007,0.8880958557128906,0.8916679620742798,-0.2774341106414795,0,False,Frome (Somerset) at Tellisford,-0.00357210636138916,2.4212089341350964
53008,0.8589577078819275,0.8067442178726196,-1.6803407669067383,3,True,Avon at Great Somerford,0.05221349000930786,2.4845418376876873
53009,0.9156351685523988,0.787304162979126,-4.969883441925049,0,False,Wellow Brook at Wellow,0.12833100557327282,1.867113779831977
53013,0.8537870049476624,0.7481115460395813,-5.330490589141846,2,False,Marden at Stanley,0.10567545890808105,1.9976484548962061
53018,0.9156272411346436,0.8689432144165039,-3.6576123237609863,0,False,Avon at Bathford,0.04668402671813965,3.1957198117305765
54001,0.8248575925827026,0.8072123527526855,-6.80832576751709,3,False,Severn at Bewdley,0.01764523983001709,3.636477866341889
54002,0.8736171126365662,0.8516998291015625,-3.3125505447387695,1,False,Avon at Evesham,0.021917283535003662,3.343989234378736
54003,0.7010253667831421,0.2271396517753601,-0.25644052028656006,2,False,Vyrnwy at Vyrnwy Reservoir,0.473885715007782,1.8694077493822019
54004,0.8246181011199951,0.7369776964187622,-0.5952273607254028,3,False,Sowe at Stoneleigh,0.08764040470123291,2.4208300620261136
54005,0.8767181634902954,0.8309682011604309,-2.3311567306518555,4,False,Severn at Montford,0.0457499623298645,3.306806610078623
54007,0.6684333086013794,0.6177929639816284,-2.566115140914917,4,False,Arrow at Broom,0.05064034461975098,2.5062749712869747
54008,0.9157798886299132,0.9096046090126038,-0.5453404188156128,1,False,Teme at Tenbury,0.006175279617309459,3.051009664324265
54012,0.7960721254348755,0.640354335308075,-18.120922088623047,3,False,Tern at Walcot,0.15571779012680054,2.930256051276512
54015,0.5295689105987549,0.4907371401786804,-1.338566780090332,0,False,Bow Brook at Besford Bridge,0.03883177042007446,2.199508348896786
54017,0.7716559171676636,0.8058504462242126,-2.270465135574341,3,False,Leadon at Wedderburn Bridge,-0.03419452905654907,2.458501874686394
54018,0.8696027398109436,0.8560714721679688,-0.505323052406311,1,False,Rea Brook at Hookagate,0.013531267642974854,2.2376945086640565
54019,0.7197312116622925,0.7037382125854492,-1.9897103309631348,1,False,Avon at Stareton,0.01599299907684326,2.539151403445493
54020,0.8497904539108276,0.7881707549095154,-7.36543083190918,3,False,Perry at Yeaton,0.061619699001312256,2.274342616116883
54024,0.6340144276618958,-0.08366799354553223,-0.7072892189025879,4,False,Worfe at Burcote,0.717682421207428,2.406931720475127
54025,0.9121220707893372,0.8914301991462708,0.288246214389801,2,False,Dulas at Rhos-y-pentref,0.020691871643066406,1.7269715836828765
54027,0.8587455749511719,0.777892529964447,-8.559694290161133,4,True,Frome at Ebley Mill,0.08085304498672485,2.2938043599193367
54028,0.9031040668487548,0.8997774720191956,-0.029695987701416016,0,False,Vyrnwy at Llanymynech,0.003326594829559215,2.8916155010160765
54029,0.9121102690696716,0.9131783246994019,-0.9222383499145508,3,False,Teme at Knightsford Bridge,-0.0010680556297302246,3.171334388111691
54032,0.8405476212501526,0.8317870497703552,-11.265881538391113,1,False,Severn at Saxons Lode,0.008760571479797363,3.836632950051533
54034,0.5988271236419678,0.5998584628105164,0.013415694236755371,3,False,Dowles Brook at Oak Cottage,-0.001031339168548584,1.6450290647211425
54036,0.7794007658958435,0.7658544778823853,-1.189291000366211,1,False,Isbourne at Hinton on the Green,0.013546288013458252,1.9676883504533125
54044,0.7701647281646729,0.6444971561431885,0.4932582378387451,0,False,Tern at Ternhill,0.12566757202148438,1.9810026899413997
54052,0.836926281452179,0.8421381711959839,0.5435546636581421,2,False,Bailey Brook at Ternhill,-0.005211889743804932,1.5854607295085006
54057,0.8244200944900513,0.7884625196456909,-6.6165900230407715,4,False,Severn at Haw Bridge,0.03595757484436035,3.9949973224664905
55002,0.9055681228637696,0.8872610926628113,-1.2571079730987549,1,False,Wye at Belmont,0.018307030200958363,3.277439588614276
55007,0.9043592214584352,0.8827125430107117,-1.1387724876403809,0,False,Wye at Erwood,0.0216466784477235,3.1083586510049313
55008,0.8240796327590942,0.759472131729126,-2.3455989360809326,1,False,Wye at Cefn Brwyn,0.06460750102996826,1.021189299069938
55013,0.9152023792266846,0.9098038077354431,-0.35904204845428467,2,False,Arrow at Titley Mill,0.005398571491241455,2.1000257301078626
55014,0.86775141954422,0.8683961033821106,-0.5778012275695801,3,False,Lugg at Byton,-0.000644683837890625,2.3065108056433825
55016,0.8712010383605957,0.8094443082809448,-1.9237949848175049,4,False,Ithon at Disserth,0.06175673007965088,2.5550218584761524
55018,0.8136823177337646,0.8020244836807251,-1.151477575302124,3,False,Frome at Yarkhill,0.01165783405303955,2.1578494804529016
55021,0.9226942658424376,0.8881086111068726,-0.5081393718719482,0,False,Lugg at Butts Bridge,0.034585654735565075,2.5633386704130054
55023,0.886847198009491,0.8592609167098999,-2.8337390422821045,2,False,Wye at Redbrook,0.027586281299591064,3.6038196572149803
55025,0.8604699373245239,0.8508411645889282,0.10270273685455322,3,False,Llynfi at Three Cocks,0.009628772735595703,2.1193548812964265
55026,0.8767601847648621,0.8401479721069336,-0.756158709526062,0,False,Wye at Ddol Farm,0.03661221265792847,2.235831337410518
55029,0.826131284236908,0.8197141289710999,-0.7409859895706177,3,False,Monnow at Grosmont,0.0064171552658081055,2.55024058653017
55032,0.7241290807723999,0.5839185118675232,-1.325124740600586,3,False,Elan at Caban Dam,0.1402105689048767,2.2642982471902164
56001,0.8980643153190613,0.8933234810829163,-0.6085214614868164,2,False,Usk at Chainbridge,0.0047408342361450195,2.9605896808839542
56007,0.8874354958534241,0.8642938733100891,-0.1728515625,2,False,Senni at Pont-Hen-Hafod,0.02314162254333496,1.2855573090077739
56013,0.9075112342834472,0.9034159779548645,0.0729987621307373,1,False,Yscir at Pont-Ar-Yscir,0.004095256328582653,1.8030472104911286
57004,0.8640679121017456,0.8449705839157104,-1.5192492008209229,4,False,Cynon at Abercynon,0.019097328186035156,2.014058277424336
57005,0.8670501112937927,0.8402127027511597,-1.911672830581665,3,False,Taff at Pontypridd,0.026837408542633057,2.6548404757885513
57006,0.852137565612793,0.8059722781181335,-2.5034189224243164,2,False,Rhondda at Trehafod,0.046165287494659424,2.0115281538575394
57007,0.8067915439605713,0.8560165166854858,-0.30406999588012695,0,False,Taff at Fiddlers Elbow,-0.04922497272491455,2.2874658053432286
57008,0.9055514931678772,0.9053196310997009,-0.3946659564971924,1,False,Rhymney at Llanedeyrn,0.00023186206817626953,2.268577971882843
58001,0.8731688857078552,0.8928554058074951,0.16229236125946045,4,False,Ogmore at Bridgend,-0.019686520099639893,2.1980519517243446
58006,0.844366192817688,0.8646531105041504,0.08304601907730103,4,False,Mellte at Pontneddfechan,-0.020286917686462402,1.8150461760646306
58008,0.8602821826934814,0.7116916179656982,-2.2889480590820312,1,False,Dulais at Cilfrew,0.1485905647277832,1.6378898165807905
58009,0.8968105912208557,0.8748818635940552,0.2383713722229004,0,False,Ewenny at Keepers Lodge,0.021928727626800537,1.8011978344591488
59001,0.8212346434593201,0.6944135427474976,-2.051198720932007,4,False,Tawe at Ynystanglws,0.1268211007118225,2.3568859411659737
60002,0.8203429579734802,0.7729800939559937,-0.7843377590179443,1,False,Cothi at Felin Mynachdy,0.04736286401748657,2.4752788388753837
60003,0.880090057849884,0.8612720966339111,-4.814445495605469,2,False,Taf at Clog-y-Fran,0.0188179612159729,2.3353174594448496
60005,0.884088397026062,0.8725051879882812,-0.18476450443267822,2,False,Bran at Llandovery,0.011583209037780762,1.8041394323353503
60006,0.8401867151260376,0.8128726482391357,-0.3384665250778198,1,False,Gwili at Glangwili,0.027314066886901855,2.1177682949263725
60010,0.8713697791099548,0.8824869394302368,0.01959550380706787,4,False,Tywi at Capel Dewi,-0.011117160320281982,3.0383816914676958
61002,0.8719828724861145,0.8596735000610352,-2.2335782051086426,1,False,Eastern Cleddau at Canaston Bridge,0.012309372425079346,2.2597610667986645
62001,0.8991459608078003,0.8843313455581665,-0.02434718608856201,0,False,Teifi at Glanteifi,0.014814615249633789,2.953082843912086
63001,0.8451834321022034,0.8333290815353394,-0.9597611427307129,3,False,Ystwyth at Pont Llolwyn,0.011854350566864014,2.230704313612569
64002,0.7503530979156494,0.6891247034072876,0.07792305946350098,2,False,Dysynni at Pont-y-Garth,0.061228394508361816,1.874655732598101
65001,0.8090202808380127,0.7920160293579102,-1.7674684524536133,1,False,Glaslyn at Beddgelert,0.01700425148010254,1.8258154449852035
65005,0.7745087146759033,0.7600120306015015,-1.4019038677215576,3,False,Erch at Pencaenewydd,0.014496684074401855,1.2882492255719862
65008,0.7160475254058838,0.6148261427879333,-5.083645820617676,0,False,Peris at Nant Peris,0.10122138261795044,1.0141003215196205
66001,0.890921950340271,0.8850151896476746,-1.3491334915161133,3,False,Clwyd at Pont-y-Cambwll,0.0059067606925964355,2.606982940624488
66004,0.6576253175735474,0.21440237760543823,-6.73453426361084,3,False,Wheeler at Bodfari,0.44322293996810913,1.7987196851850062
66011,0.8275064826011658,0.5891847610473633,-3.5755534172058105,0,False,Conwy at Cwmlanerch,0.2383217215538025,2.5316321704045124
67001,0.9025233387947084,0.19982755184173584,-1.9950158596038818,1,False,Dee at Bala,0.7026957869529725,2.419674935053872
67006,0.879066526889801,0.8658043146133423,0.35052555799484253,0,False,Alwen at Druid,0.01326221227645874,2.268297087223767
67008,0.851668119430542,0.6835288405418396,-1.9824440479278564,3,False,Alyn at Pont-y-Capel,0.1681392788887024,2.3534545838060428
67015,0.918932318687439,0.86652672290802,0.48327213525772095,3,False,Dee at Manley Hall,0.052405595779418945,3.003770631717043
67018,0.8604134321212769,0.7198883891105652,-4.100154399871826,3,False,Dee at New Inn,0.14052504301071167,1.727378569451489
68001,0.8750832676887512,0.8557888269424438,-0.40827715396881104,2,False,Weaver at Ashbrook,0.019294440746307373,2.794271891287979
68003,0.8325256705284119,0.8047972917556763,-0.7169709205627441,4,False,Dane at Rudheath,0.027728378772735596,2.6153713079398946
68004,0.8090075850486755,0.8022037744522095,-0.4838716983795166,0,False,Wistaston Brook at Marshfield Bridge,0.0068038105964660645,1.9546765869186435
68005,0.7533150315284729,0.7742915749549866,0.023118138313293457,2,False,Weaver at Audlem,-0.020976543426513672,2.304016336520766
69002,0.8554391860961914,0.8310407400131226,0.1264551281929016,4,False,Irwell at Adelphi Weir,0.024398446083068848,2.7420806724102023
69015,0.8025972843170166,0.8037657737731934,-0.502853512763977,0,False,Etherow at Compstall,-0.0011684894561767578,2.17435059747938
69027,0.8572332262992859,0.7683439254760742,-1.3814599514007568,4,False,Tame at Portwood,0.08888930082321167,2.164352855784437
71001,0.8831716179847717,0.8756871223449707,0.03604555130004883,2,False,Ribble at Samlesbury,0.007484495639801025,3.05869168281923
71004,0.8699405193328857,0.8608193397521973,0.3180235028266907,3,False,Calder at Whalley Weir,0.009121179580688477,2.5016616504740847
71006,0.8880636096000671,0.8800792694091797,0.0006575584411621094,1,False,Ribble at Henthorn,0.007984340190887451,2.6495003654268197
72002,0.8340996503829956,0.8290356397628784,-0.8226079940795898,3,False,Wyre at St Michaels,0.0050640106201171875,2.4373541278481747
72004,0.8184083700180054,0.8108460307121277,-0.08501589298248291,2,False,Lune at Caton,0.0075623393058776855,2.993603743266894
72005,0.8177982568740845,0.7800405621528625,-0.28421688079833984,0,False,Lune at Killington,0.037757694721221924,2.3409197934001624
73005,0.8309516906738281,0.8263218402862549,0.070281982421875,4,False,Kent at Sedgwick,0.004629850387573242,2.326827236974273
73010,0.930673897266388,0.6234914064407349,-0.887008786201477,0,False,Leven at Newby Bridge,0.3071824908256532,2.3943991420255912
73011,0.8603062629699707,0.8601001501083374,0.18978923559188843,0,False,Mint at Mint Bridge,0.00020611286163330078,1.8158432906632667
74001,0.8527896404266357,0.8230704069137573,-0.12483930587768555,3,False,Duddon at Duddon Hall,0.029719233512878418,1.9306943876645353
74006,0.8209583759307861,0.806063711643219,-0.83875572681427,2,False,Calder at Calder Hall,0.014894664287567139,1.6423655808449733
75003,0.8872408866882324,0.7249975204467773,0.04239863157272339,2,False,Derwent at Ouse Bridge,0.16224336624145508,2.5599544785408606
75004,0.8834819197654724,0.7864277958869934,0.4068763256072998,3,False,Cocker at Southwaite Bridge,0.097054123878479,2.0650566033560187
76005,0.791375994682312,0.7879297137260437,0.20197910070419312,1,False,Eden at Temple Sowerby,0.0034462809562683105,2.791143050790596
76007,0.9084781408309937,0.8670186400413513,0.663540780544281,2,False,Eden at Sheepmount,0.041459500789642334,3.3571722577230334
76008,0.769978404045105,0.7325736284255981,-1.6716747283935547,1,False,Irthing at Greenholme,0.037404775619506836,2.522991647169023
76011,0.7786538004875183,0.6781921982765198,0.4623798131942749,0,False,Coal Burn at Coalburn,0.10046160221099854,0.21218760440395779
77002,0.8560283780097961,0.8544244766235352,-0.165826678276062,1,False,Esk at Canonbie,0.0016039013862609863,2.694973534979556
78003,0.9012569189071656,0.8808954954147339,-0.918662428855896,4,False,Annan at Brydekirk,0.02036142349243175,2.9661417327390325
78004,0.8086646795272827,0.7054911255836487,-4.431416034698486,4,False,Kinnel Water at Redhall,0.10317355394363403,1.8817839555933846
79002,0.87787264585495,0.8714377880096436,-0.7911549806594849,0,False,Nith at Friars Carse,0.0064348578453063965,2.9018395920512297
79003,0.8252653479576111,0.7644965052604675,-0.8632103204727173,0,False,Nith at Hall Bridge,0.060768842697143555,2.1847198151502716
79004,0.8652769327163696,0.8231422901153564,-2.0771992206573486,2,False,Scar Water at Capenoch,0.042134642601013184,2.1543935379569974
79005,0.8598678112030029,0.8386884331703186,-1.6509003639221191,0,False,Cluden Water at Fiddlers Ford,0.021179378032684326,2.3751329935171643
79006,0.854588508605957,0.8457717895507812,-1.0542309284210205,4,False,Nith at Drumlanrig,0.008816719055175781,2.6712006218574595
80001,0.8561720848083496,0.8514761328697205,-0.6018677949905396,0,False,Urr at Dalbeattie,0.00469595193862915,2.2946205165874205
81003,0.8198868036270142,0.739657998085022,-1.7673375606536865,4,False,Luce at Airyhemming,0.08022880554199219,2.2322335211147335
82001,0.8504511713981628,0.8245185613632202,-0.3297823667526245,2,False,Girvan at Robstone,0.025932610034942627,2.3867307652098315
82003,0.815949022769928,0.8291275501251221,-1.1537463665008545,2,False,Stinchar at Balnowlart,-0.013178527355194092,2.5112682318257082
83003,0.7845497131347656,0.7705826163291931,-2.7500956058502197,2,False,Ayr at Catrine,0.01396709680557251,2.2233661264398608
83004,0.8064320683479309,0.7937843799591064,-0.7601300477981567,1,False,Lugar Water at Langholm,0.012647688388824463,2.3092467972536714
84001,0.8855218291282654,0.8410826325416565,-0.7075095176696777,2,False,Kelvin at Killermont,0.04443919658660889,2.525329921743808
84004,0.8785984516143799,0.8748689889907837,-0.0772695541381836,3,False,Clyde at Sills of Clyde,0.0037294626235961914,2.8705677590753127
84005,0.8986324071884155,0.8858067989349365,-1.5188112258911133,3,False,Clyde at Blairston,0.012825608253479004,3.230285391495177
84008,0.8246136903762817,0.8010255694389343,-3.113223075866699,0,False,Rotten Calder Water at Redlees,0.023588120937347412,1.7435881501599038
84012,0.830905020236969,0.8438020348548889,-0.4645880460739136,4,False,White Cart Water at Hawkhead,-0.012897014617919922,2.3733901996274698
84013,0.9067590832710266,0.8987843990325928,-0.3219468593597412,2,False,Clyde at Daldowie,0.007974684238433838,3.279034658521766
84014,0.8497427105903625,0.8441141843795776,-1.801344394683838,2,False,Avon Water at Fairholm,0.005628526210784912,2.4200548157787636
84016,0.8217499256134033,0.753919780254364,0.3081796169281006,1,False,Luggie Water at Condorrat,0.0678301453590393,1.5482665451707454
84017,0.8893805742263794,0.7447448968887329,-1.5655462741851807,3,False,Black Cart Water at Milliken Park,0.14463567733764648,2.0135113334659
84018,0.8804066181182861,0.8742136359214783,-0.6236964464187622,0,False,Clyde at Tulliford Mill,0.006192982196807861,2.972378742945708
84019,0.8293809294700623,0.7950928211212158,0.0334550142288208,2,False,North Calder Water at Calderpark,0.034288108348846436,2.1116992775735506
84020,0.8216063976287842,0.815720796585083,-0.2124391794204712,0,False,Glazert Water at Milton of Campsie,0.005885601043701172,1.715334683792313
84022,0.803504228591919,0.7964928150177002,-1.8596022129058838,3,False,Duneaton at Maidencots,0.00701141357421875,2.047975405279086
85001,0.8583964705467224,0.19225049018859863,-53.256935119628906,3,False,Leven at Linnbrane,0.6661459803581238,2.895472271568371
85002,0.800796627998352,0.762069821357727,-4.260031223297119,4,False,Endrick Water at Gaidrew,0.038726806640625,2.340563083333371
85003,0.8342089056968689,0.7637680768966675,-4.349984169006348,3,False,Falloch at Glen Falloch,0.07044082880020142,1.9026554752179259
94001,0.917868971824646,0.6375163197517395,-4.886083126068115,0,False,Ewe at Poolewe,0.2803526520729065,2.644635503768153
97002,0.7452113032341003,0.5577762722969055,-0.4036531448364258,0,False,Thurso at Halkirk,0.18743503093719482,2.617503579279065
101002,0.7557876706123352,0.6855142116546631,-0.9470762014389038,4,False,Medina at Shide,0.07027345895767212,1.4858633295973347
