gid,nse_raw,nse_norm,nse_log1p,nse_lstm,chalk,gauge_name,d_norm,d_log1p,d_lstm
6007,0.8587746024131775,0.859112024307251,0.8601820468902588,0.9016892313957214,False,Ness at Ness-side,0.00033742189407348633,0.0014074444770812988,0.042914628982543945
7001,0.6715590953826904,0.6790811419487,0.6416611075401306,0.6852943301200867,False,Findhorn at Shenachie,0.0075220465660095215,-0.029897987842559814,0.01373523473739624
7002,0.6846078634262085,0.6812942624092102,0.6626288294792175,0.7751317024230957,False,Findhorn at Forres,-0.003313601016998291,-0.021979033946990967,0.09052383899688721
7003,0.7578054666519165,0.7946356534957886,0.7882335782051086,0.8325846195220947,False,Lossie at Sheriffmills,0.03683018684387207,0.03042811155319214,0.07477915287017822
8004,0.6891534924507141,0.6645880341529846,0.6414348483085632,0.6630597710609436,False,Avon at Delnashaugh,-0.024565458297729492,-0.04771864414215088,-0.026093721389770508
8005,0.7197362184524536,0.7334363460540771,0.7222192287445068,0.8094521164894104,False,Spey at Boat of Garten,0.013700127601623535,0.0024830102920532227,0.08971589803695679
8006,0.7430554628372192,0.7520421743392944,0.7629294991493225,0.8075453042984009,False,Spey at Boat o Brig,0.008986711502075195,0.01987403631210327,0.06448984146118164
8009,0.6740823984146118,0.671658456325531,0.6635351181030273,0.7281643152236938,False,Dulnain at Balnaan Bridge,-0.0024239420890808105,-0.010547280311584473,0.05408191680908203
9002,0.7950109839439392,0.8008456230163574,0.802068293094635,0.8362014293670654,False,Deveron at Muiresk,0.005834639072418213,0.007057309150695801,0.04119044542312622
9003,0.7898980975151062,0.7838924527168274,0.7822765111923218,0.8484785556793213,False,Isla at Grange,-0.006005644798278809,-0.007621586322784424,0.05858045816421509
9005,0.6748462915420532,0.6716941595077515,0.6149874925613403,0.6997948884963989,False,Allt Deveron at Cabrach,-0.003152132034301758,-0.05985879898071289,0.024948596954345703
10002,0.7577994465827942,0.7900018692016602,0.7660636305809021,0.8512377738952637,False,Ugie at Inverugie,0.03220242261886597,0.00826418399810791,0.09343832731246948
11001,0.8499066829681396,0.8456324338912964,0.8465795516967773,0.8507135510444641,False,Don at Parkhill,-0.004274249076843262,-0.0033271312713623047,0.0008068680763244629
11003,0.7634883522987366,0.7465795278549194,0.7577654123306274,0.750594973564148,False,Don at Bridge of Alford,-0.01690882444381714,-0.005722939968109131,-0.012893378734588623
12001,0.7086609601974487,0.7159873247146606,0.7092616558074951,0.7545986175537109,False,Dee at Woodend,0.007326364517211914,0.0006006956100463867,0.04593765735626221
12002,0.7700648903846741,0.7610490918159485,0.7572059035301208,0.8197423815727234,False,Dee at Park,-0.009015798568725586,-0.012858986854553223,0.049677491188049316
14001,0.904593288898468,0.90398108959198,0.9059531092643738,0.9183019399642944,False,Eden at Kemback,-0.0006121993064880371,0.0013598203659057617,0.013708651065826416
14002,0.8538455963134766,0.852400004863739,0.8646343946456909,0.8608973026275635,False,Dighty Water at Balmossie Mill,-0.0014455914497375488,0.010788798332214355,0.007051706314086914
15006,0.8819364309310913,0.8807317614555359,0.8834463357925415,0.899157702922821,False,Tay at Ballathie,-0.00120466947555542,0.0015099048614501953,0.017221271991729736
15007,0.8923454284667969,0.8858951330184937,0.891528308391571,0.8988016843795776,False,Tay at Pitnacree,-0.006450295448303223,-0.0008171200752258301,0.006456255912780762
15010,0.8244328498840332,0.8190803527832031,0.8162115812301636,0.8292080163955688,False,Isla at Wester Cardean,-0.005352497100830078,-0.008221268653869629,0.0047751665115356445
15011,0.7129493951797485,0.7124446630477905,0.6892552971839905,0.6816699504852295,False,Lyon at Comrie Bridge,-0.0005047321319580078,-0.023694097995758057,-0.03127944469451904
15012,0.8337042927742004,0.8251174092292786,0.8232846260070801,0.8404362797737122,False,Tummel at Pitlochry,-0.008586883544921875,-0.010419666767120361,0.006731986999511719
15013,0.7624183297157288,0.7647072076797485,0.7423312664031982,0.7664750218391418,False,Almond at Almondbank,0.0022888779640197754,-0.020087063312530518,0.004056692123413086
16001,0.8808640241622925,0.8757831454277039,0.8801957964897156,0.858620285987854,False,Earn at Kinkell Bridge,-0.005080878734588623,-0.0006682276725769043,-0.022243738174438477
16003,0.7989590167999268,0.7855475544929504,0.7775764465332031,0.7986023426055908,False,Ruchill Water at Cultybraggan,-0.013411462306976318,-0.021382570266723633,-0.0003566741943359375
16004,0.9019893407821656,0.895116925239563,0.8976091742515564,0.9114209413528442,False,Earn at Forteviot Bridge,-0.00687241554260265,-0.004380166530609242,0.0094316005706786
17001,0.8164653778076172,0.820691704750061,0.7842525243759155,0.8127020597457886,False,Carron at Headswood,0.004226326942443848,-0.03221285343170166,-0.0037633180618286133
17003,0.8048651218414307,0.8014273643493652,0.8348466753959656,0.8252863883972168,False,Bonny Water at Bonnybridge,-0.0034377574920654297,0.029981553554534912,0.020421266555786133
17005,0.8797832727432251,0.8799347877502441,0.8787707686424255,0.8927080035209656,False,Avon at Polmonthill,0.00015151500701904297,-0.0010125041007995605,0.012924730777740479
18001,0.7996048927307129,0.8010980486869812,0.8017793297767639,0.814697265625,False,Allan Water at Kinbuck,0.0014931559562683105,0.0021744370460510254,0.01509237289428711
18002,0.7832297086715698,0.7804133892059326,0.7528975009918213,0.7609699964523315,False,Devon at Glenochil,-0.002816319465637207,-0.030332207679748535,-0.02225971221923828
18003,0.8844290971755981,0.8782355785369873,0.8746597766876221,0.8967205882072449,False,Teith at Bridge of Teith,-0.00619351863861084,-0.009769320487976074,0.012291491031646729
19001,0.8453986644744873,0.8416391611099243,0.8331905007362366,0.8787263631820679,False,Almond at Craigiehall,-0.0037595033645629883,-0.012208163738250732,0.033327698707580566
19006,0.843696653842926,0.8365087509155273,0.8349720239639282,0.8663057088851929,False,Water of Leith at Murrayfield,-0.007187902927398682,-0.008724629878997803,0.022609055042266846
19010,0.5993131399154663,0.6275465488433838,0.7067452669143677,0.6683908104896545,False,Braid Burn at Liberton,0.02823340892791748,0.10743212699890137,0.06907767057418823
20002,0.743852972984314,0.7791822552680969,0.7432117462158203,0.8440203666687012,False,West Peffer Burn at Luffness,0.03532928228378296,-0.0006412267684936523,0.10016739368438721
20003,0.7640916109085083,0.7759250402450562,0.7622761726379395,0.8141902089118958,False,Tyne at Spilmersford,0.011833429336547852,-0.0018154382705688477,0.05009859800338745
20007,0.8344414234161377,0.8422706127166748,0.8212575316429138,0.8548324704170227,False,Gifford Water at Lennoxlove,0.00782918930053711,-0.013183891773223877,0.02039104700088501
21003,0.8774638772010803,0.8754782676696777,0.8730272054672241,0.8840554356575012,False,Tweed at Peebles,-0.001985609531402588,-0.004436671733856201,0.0065915584564208984
21006,0.8737713694572449,0.8721654415130615,0.8711016178131104,0.8903189897537231,False,Tweed at Boleside,-0.0016059279441833496,-0.0026697516441345215,0.01654762029647827
21008,0.8468739986419678,0.8434328436851501,0.8430132269859314,0.8536308407783508,False,Teviot at Ormiston Mill,-0.003441154956817627,-0.003860771656036377,0.006756842136383057
21009,0.8958886861801147,0.8895111680030823,0.8914448022842407,0.9199745655059814,False,Tweed at Norham,-0.006377518177032471,-0.0044438838958740234,0.0240858793258667
21011,0.8061915636062622,0.8115662932395935,0.8145903944969177,0.8293882012367249,False,Yarrow Water at Philiphaugh,0.005374729633331299,0.008398830890655518,0.023196637630462646
21012,0.8626540899276733,0.8576183915138245,0.8497998714447021,0.8689220547676086,False,Teviot at Hawick,-0.005035698413848877,-0.012854218482971191,0.006267964839935303
21013,0.8086512088775635,0.806633472442627,0.8088367581367493,0.8313753604888916,False,Gala Water at Galashiels,-0.0020177364349365234,0.00018554925918579102,0.022724151611328125
21015,0.7460974454879761,0.7784779667854309,0.7775783538818359,0.7890755534172058,False,Leader Water at Earlston,0.032380521297454834,0.03148090839385986,0.042978107929229736
21016,0.777742862701416,0.7938276529312134,0.7801831960678101,0.8107815980911255,False,Eye Water at Eyemouth Mill,0.016084790229797363,0.002440333366394043,0.03303873538970947
21017,0.8471405506134033,0.8412671089172363,0.8421339988708496,0.8344557285308838,False,Ettrick Water at Brockhoperig,-0.005873441696166992,-0.005006551742553711,-0.012684822082519531
21018,0.8162961006164551,0.8221695423126221,0.8309141993522644,0.8431379199028015,False,Lyne Water at Lyne Station,0.005873441696166992,0.014618098735809326,0.026841819286346436
21022,0.7893584370613098,0.7810717821121216,0.7722916603088379,0.8469841480255127,False,Whiteadder Water at Hutton Castle,-0.008286654949188232,-0.017066776752471924,0.05762571096420288
21023,0.5210555791854858,0.5547417402267456,0.5175893306732178,0.6200006604194641,False,Leet Water at Coldstream,0.033686161041259766,-0.0034662485122680664,0.09894508123397827
21024,0.8194705247879028,0.8100374937057495,0.8096233606338501,0.8355872631072998,False,Jed Water at Jedburgh,-0.00943303108215332,-0.009847164154052734,0.016116738319396973
22001,0.8456252813339233,0.8485074043273926,0.8169514536857605,0.8971343040466309,False,Coquet at Morwick,0.0028821229934692383,-0.028673827648162842,0.05150902271270752
22006,0.8434042930603027,0.8534873723983765,0.842427134513855,0.9130234718322754,False,Blyth at Hartford Bridge,0.01008307933807373,-0.000977158546447754,0.06961917877197266
22007,0.8286720514297485,0.8233216404914856,0.8041982650756836,0.8829575181007385,False,Wansbeck at Mitford,-0.0053504109382629395,-0.02447378635406494,0.05428546667098999
22009,0.8220276236534119,0.8310585618019104,0.8021383285522461,0.8668339848518372,False,Coquet at Rothbury,0.009030938148498535,-0.01988929510116577,0.04480636119842529
23001,0.8653668761253357,0.86669921875,0.8675362467765808,0.8897150754928589,False,Tyne at Bywell,0.0013323426246643066,0.002169370651245117,0.024348199367523193
23004,0.8422224521636963,0.8352925777435303,0.8182401657104492,0.8717294335365295,False,South Tyne at Haydon Bridge,-0.006929874420166016,-0.02398228645324707,0.029506981372833252
23006,0.8353042006492615,0.837277889251709,0.8263317942619324,0.8623118996620178,False,South Tyne at Featherstone,0.0019736886024475098,-0.008972406387329102,0.027007699012756348
23007,0.8062993884086609,0.8051340579986572,0.7675813436508179,0.7879725694656372,False,Derwent at Rowlands Gill,-0.0011653304100036621,-0.03871804475784302,-0.01832681894302368
23008,0.8074567317962646,0.7987927198410034,0.7996349334716797,0.8183205127716064,False,Rede at Rede Bridge,-0.00866401195526123,-0.007821798324584961,0.010863780975341797
23011,0.8144111037254333,0.8159915208816528,0.809155285358429,0.8381807208061218,False,Kielder Burn at Kielder,0.0015804171562194824,-0.0052558183670043945,0.023769617080688477
24001,0.8444902896881104,0.837896466255188,0.8237816095352173,0.8720048666000366,False,Wear at Sunderland Bridge,-0.006593823432922363,-0.020708680152893066,0.02751457691192627
24003,0.7998621463775635,0.797684371471405,0.7548702359199524,0.8049748539924622,False,Wear at Stanhope,-0.0021777749061584473,-0.044991910457611084,0.005112707614898682
24004,0.8351766467094421,0.8419214487075806,0.8314377665519714,0.8558355569839478,False,Bedburn Beck at Bedburn,0.006744801998138428,-0.003738880157470703,0.020658910274505615
24005,0.7705209255218506,0.7983912825584412,0.7832916378974915,0.8348284959793091,False,Browney at Burnhall,0.027870357036590576,0.01277071237564087,0.0643075704574585
25001,0.8398851752281189,0.8410665988922119,0.8231242299079895,0.8577604293823242,False,Tees at Darlington Broken Scar,0.0011814236640930176,-0.016760945320129395,0.017875254154205322
25006,0.7979220747947693,0.8015815019607544,0.7808979749679565,0.8168509602546692,False,Greta at Rutherford Bridge,0.0036594271659851074,-0.017024099826812744,0.018928885459899902
25012,0.8500757217407227,0.8425825238227844,0.8264923095703125,0.8535231351852417,False,Harwood Beck at Harwood,-0.007493197917938232,-0.023583412170410156,0.003447413444519043
25020,0.8018262386322021,0.8272754549980164,0.8393052816390991,0.8644521236419678,False,Skerne at Preston le Skerne,0.02544921636581421,0.03747904300689697,0.06262588500976562
26003,0.6371787786483765,0.6998230218887329,0.7759493589401245,0.8550413250923157,True,Foston Beck at Foston Mill,0.06264424324035645,0.13877058029174805,0.2178625464439392
27001,0.8568820953369141,0.8488476276397705,0.8352221846580505,0.8656520247459412,False,Nidd at Hunsingore Weir,-0.008034467697143555,-0.021659910678863525,0.0087699294090271
27003,0.9067401885986328,0.90776526927948,0.9254932403564453,0.9321989417076112,False,Aire at Beal,0.001025080680847168,0.0187530517578125,0.025458753108978383
27006,0.8344828486442566,0.8117279410362244,0.8127171993255615,0.8269372582435608,False,Don at Sheffield Hadfields,-0.022754907608032227,-0.02176564931869507,-0.007545590400695801
27007,0.8451747894287109,0.8486387729644775,0.8382933139801025,0.8459996581077576,False,Ure at Westwick,0.0034639835357666016,-0.0068814754486083984,0.0008248686790466309
27009,0.8444874286651611,0.8450806140899658,0.8735719919204712,0.9110554456710817,False,Ouse at Skelton,0.0005931854248046875,0.02908456325531006,0.06656801700592052
27021,0.8691937923431396,0.8727794885635376,0.868996798992157,0.9176424741744996,False,Don at Doncaster,0.0035856962203979492,-0.00019699335098266602,0.048448681831359974
27023,0.8084352016448975,0.8446967601776123,0.8385827541351318,0.8631580471992493,False,Dearne at Barnsley Weir,0.036261558532714844,0.030147552490234375,0.05472284555435181
27025,0.7981934547424316,0.8251826167106628,0.8065758943557739,0.8580214977264404,False,Rother at Woodhouse Mill,0.0269891619682312,0.008382439613342285,0.05982804298400879
27026,0.8141670227050781,0.831983745098114,0.8130431771278381,0.8665515780448914,False,Rother at Whittington,0.01781672239303589,-0.0011238455772399902,0.05238455533981323
27029,0.8871965408325195,0.8801001310348511,0.8797938823699951,0.8815565705299377,False,Calder at Elland,-0.007096409797668457,-0.007402658462524414,-0.005639970302581787
27030,0.8045716881752014,0.8499226570129395,0.8405907154083252,0.88458251953125,False,Dearne at Adwick,0.04535096883773804,0.03601902723312378,0.08001083135604858
27032,-0.0662159919738769,0.026021063327789307,0.5849782228469849,0.8155190944671631,False,Hebden Beck at Hebden,0.0922370553016662,0.6511942148208618,0.88173508644104
27034,0.8545443415641785,0.8501402139663696,0.8403997421264648,0.8566381931304932,False,Ure at Kilgram Bridge,-0.004404127597808838,-0.014144599437713623,0.0020938515663146973
27035,0.8824671506881714,0.8893547058105469,0.8825725317001343,0.8448564410209656,False,Aire at Kildwick Bridge,0.006887555122375488,0.00010538101196289062,-0.03761070966720581
27038,0.11387699842453,0.17039233446121216,0.2207319736480713,0.2643144726753235,False,Costa Beck at Gatehouses,0.05651533603668216,0.10685497522354129,0.15043747425079348
27042,0.8213276863098145,0.8211278915405273,0.8233332633972168,0.8456912040710449,False,Dove at Kirkby Mills,-0.00019979476928710938,0.0020055770874023438,0.02436351776123047
27047,0.8673909306526184,0.8614477515220642,0.8524755835533142,0.8721989393234253,False,Snaizeholme Beck at Low Houses,-0.005943179130554199,-0.0149153470993042,0.004808008670806885
27051,0.836574912071228,0.8358157873153687,0.8257482051849365,0.8774470090866089,False,Crimple at Burn Bridge,-0.000759124755859375,-0.010826706886291504,0.04087209701538086
27071,0.8172096014022827,0.8119977116584778,0.8388383388519287,0.8577926754951477,False,Swale at Crakehill,-0.005211889743804932,0.021628737449645996,0.04058307409286499
28001,0.6096096634864807,0.6054947376251221,0.663016140460968,0.6304322481155396,False,Derwent at Yorkshire Bridge,-0.004114925861358643,0.053406476974487305,0.020822584629058838
28008,0.8604312539100647,0.8697788119316101,0.8727006912231445,0.8968461751937866,False,Dove at Rocester Weir,0.00934755802154541,0.012269437313079834,0.036414921283721924
28009,0.8694016337394714,0.8876943588256836,0.9035930037498474,0.956899881362915,False,Trent at Colwick,0.018292725086212158,0.03419137001037598,0.0874982476234436
28012,0.7958291172981262,0.8132684230804443,0.8238760232925415,0.878079891204834,False,Trent at Yoxall,0.017439305782318115,0.028046905994415283,0.08225077390670776
28018,0.8836408257484436,0.8866400718688965,0.9020350575447083,0.9192726612091064,False,Dove at Marston on Dove,0.002999246120452881,0.01839423179626465,0.03563183546066284
28022,0.8340030908584595,0.8547831177711487,0.8795644640922546,0.9379520416259766,False,Trent at North Muskham,0.02078002691268921,0.045561373233795166,0.10394895076751709
28024,0.8267924785614014,0.8512404561042786,0.8548794984817505,0.8785808682441711,False,Wreake at Syston Mill,0.024447977542877197,0.02808701992034912,0.051788389682769775
28026,0.799685001373291,0.8322128057479858,0.8511195182800293,0.8329241871833801,False,Anker at Polesworth,0.032527804374694824,0.05143451690673828,0.03323918581008911
28031,0.826366126537323,0.8283852934837341,0.8121297359466553,0.840415894985199,False,Manifold at Ilam,0.002019166946411133,-0.014236390590667725,0.014049768447875977
28039,0.7208184003829956,0.731712818145752,0.7469018697738647,0.7723079323768616,False,Rea at Calthorpe Park,0.010894417762756348,0.02608346939086914,0.05148953199386597
28040,0.7892324328422546,0.828676700592041,0.8389742970466614,0.822054386138916,False,Trent at Stoke-On-Trent,0.03944426774978638,0.04974186420440674,0.03282195329666138
28043,0.8479262590408325,0.8603218197822571,0.8374385833740234,0.8604370355606079,False,Derwent at Chatsworth,0.01239556074142456,-0.010487675666809082,0.01251077651977539
28046,0.848414957523346,0.8589675426483154,0.8873897790908813,0.9112945199012756,False,Dove at Izaak Walton,0.010552585124969482,0.0389748215675354,0.06287956237792969
28048,0.7849900722503662,0.7872176170349121,0.7627179026603699,0.7943896651268005,False,Amber at Wingfield Park,0.0022275447845458984,-0.022272169589996338,0.009399592876434326
28050,0.7514420747756958,0.8000959753990173,0.7814358472824097,0.8544058799743652,False,Torne at Auckley,0.04865390062332153,0.029993772506713867,0.10296380519866943
28052,0.7686808109283447,0.7872923612594604,0.7916528582572937,0.8257945775985718,False,Sow at Great Bridgeford,0.018611550331115723,0.022972047328948975,0.05711376667022705
28067,0.8598531484603882,0.8537505269050598,0.863559901714325,0.8867205381393433,False,Derwent at Church Wilne,-0.006102621555328369,0.0037067532539367676,0.026867389678955078
28080,0.7912848591804504,0.8244831562042236,0.8047397136688232,0.8578543663024902,False,Tame at Lea Marston Lakes,0.03319829702377319,0.013454854488372803,0.0665695071220398
28082,0.8653265237808228,0.8817554116249084,0.8862881660461426,0.9099400043487548,False,Soar at Littlethorpe,0.016428887844085693,0.020961642265319824,0.04461348056793202
28085,0.905135989189148,0.901150107383728,0.9082860946655273,0.9199129343032836,False,Derwent at St Mary's Bridge,-0.003985881805419922,0.0031501054763793945,0.014776945114135631
29002,0.6888939142227173,0.7934677600860596,0.7739325165748596,0.796054482460022,True,Great Eau at Claythorpe Mill,0.10457384586334229,0.08503860235214233,0.10716056823730469
29003,0.7064652442932129,0.7948006987571716,0.8156869411468506,0.8281305432319641,True,Lud at Louth,0.08833545446395874,0.1092216968536377,0.12166529893875122
29005,0.3064011335372925,0.36188381910324097,0.29933565855026245,0.361914575099945,False,Rase at Bishopbridge,0.055482685565948486,-0.007065474987030029,0.05551344156265253
30001,0.8384559750556946,0.8747307062149048,0.8835318088531494,0.908705711364746,False,Witham at Claypole Mill,0.036274731159210205,0.045075833797454834,0.0702497363090514
30004,0.6556258797645569,0.7588796615600586,0.7427672743797302,0.7877292037010193,False,Lymn at Partney Mill,0.10325378179550171,0.08714139461517334,0.1321033239364624
30005,0.7766292095184326,0.8014388084411621,0.8336406946182251,0.8409499526023865,True,Witham at Saltersford Total,0.024809598922729492,0.05701148509979248,0.06432074308395386
30011,0.7962015867233276,0.7864447832107544,0.7075663208961487,0.7438296675682068,False,Bain at Goulceby Bridge,-0.009756803512573242,-0.08863526582717896,-0.05237191915512085
30012,0.7557295560836792,0.7852463722229004,0.7418949604034424,0.8046677112579346,False,Stainfield Beck at Cream Poke Farm,0.02951681613922119,-0.013834595680236816,0.04893815517425537
30014,0.7501037120819092,0.7663487792015076,0.7364493012428284,0.7832525372505188,False,Pointon Lode at Pointon,0.01624506711959839,-0.01365441083908081,0.03314882516860962
31002,0.7052291631698608,0.7856286764144897,0.8486024737358093,0.9050742983818054,False,Glen at Kates Br & King St Br,0.0803995132446289,0.1433733105659485,0.19984513521194458
31006,-0.2769409418106079,0.03803455829620361,0.43306392431259155,0.7697679996490479,False,Gwash at Belmesthorpe,0.3149755001068115,0.7100048661231995,1.0467089414596558
31010,0.7444839477539062,0.7888184785842896,0.7461563348770142,0.8151516318321228,False,Chater at Fosters Bridge,0.0443345308303833,0.0016723871231079102,0.07066768407821655
31021,0.7824755907058716,0.8090166449546814,0.7885280251502991,0.7880403995513916,False,Welland at Ashley,0.026541054248809814,0.00605243444442749,0.0055648088455200195
31023,0.6378710865974426,0.6740606427192688,0.684738278388977,0.7158432602882385,False,West Glen at Easton Wood,0.03618955612182617,0.046867191791534424,0.0779721736907959
32003,0.7240424752235413,0.7337620854377747,0.7141246795654297,0.7729895710945129,False,Harpers Brook at Old Mill Bridge,0.009719610214233398,-0.009917795658111572,0.04894709587097168
32004,0.8115738034248352,0.8267225027084351,0.8358033895492554,0.8419703841209412,False,Ise Brook at Harrowden,0.015148699283599854,0.024229586124420166,0.030396580696105957
32006,0.8484240174293518,0.884408175945282,0.8886474967002869,0.9225809574127196,False,Nene/Kislingbury at Upton Total,0.035984158515930176,0.04022347927093506,0.07415693998336781
32008,0.8663110136985779,0.8765621185302734,0.8880074620246887,0.8920496106147766,False,Nene/Kislingbury at Dodford,0.010251104831695557,0.02169644832611084,0.02573859691619873
33006,0.550249457359314,0.6201999187469482,0.6400788426399231,0.6097434163093567,False,Wissey at Northwold Total,0.06995046138763428,0.08982938528060913,0.059493958950042725
33007,0.7580540776252747,0.7731474041938782,0.8237450122833252,0.913649082183838,False,Nar at Marham,0.015093326568603516,0.06569093465805054,0.15559500455856334
33012,0.7924656867980957,0.8456075191497803,0.8337042331695557,0.8729990720748901,False,Kym at Meagre Farm,0.05314183235168457,0.04123854637145996,0.08053338527679443
33013,0.3194342851638794,0.44367170333862305,0.52767014503479,0.7242416143417358,False,Sapiston at Rectory Bridge,0.12423741817474365,0.20823585987091064,0.40480732917785645
33014,0.7951651811599731,0.8395459651947021,0.8527692556381226,0.840603768825531,False,Lark at Temple,0.044380784034729004,0.057604074478149414,0.04543858766555786
33018,0.8277930021286011,0.8393936157226562,0.8334093689918518,0.8470531702041626,False,Tove at Cappenham Bridge,0.011600613594055176,0.005616366863250732,0.019260168075561523
33019,0.7051686644554138,0.7664318680763245,0.8196560740470886,0.786074697971344,False,Thet at Melford Bridge,0.061263203620910645,0.1144874095916748,0.08090603351593018
33021,0.7079434394836426,0.7508353590965271,0.7667986154556274,0.777698814868927,True,Rhee at Burnt Mill,0.04289191961288452,0.05885517597198486,0.06975537538528442
33022,0.8441079258918762,0.8800868391990662,0.8825588226318359,0.9068639278411864,False,Ivel at Blunham,0.03597891330718994,0.03845089673995972,0.06275600194931019
33023,0.2421978712081909,0.5164738893508911,0.6557643413543701,0.8253035545349121,False,Lea Brook at Beck Bridge,0.2742760181427002,0.4135664701461792,0.5831056833267212
33024,0.609374463558197,0.6977376937866211,0.7545510530471802,0.8727625608444214,False,Cam at Dernford,0.08836323022842407,0.14517658948898315,0.26338809728622437
33026,0.7915940284729004,0.8288935422897339,0.8460860252380371,0.9008162617683412,False,Bedford Ouse at Offord,0.037299513816833496,0.05449199676513672,0.10922223329544078
33028,0.7836199402809143,0.8093692064285278,0.8205101490020752,0.8735370635986328,False,Flit at Shefford,0.025749266147613525,0.03689020872116089,0.0899171233177185
33029,0.7686913013458252,0.8198625445365906,0.822504997253418,0.8166607618331909,True,Stringside at Whitebridge,0.05117124319076538,0.05381369590759277,0.04796946048736572
33031,0.6091389656066895,0.6450803279876709,0.5522441267967224,0.6560367941856384,False,Broughton Brook at Broughton,0.035941362380981445,-0.05689483880996704,0.046897828578948975
33032,0.2108997106552124,0.5622785091400146,0.7403603792190552,0.8712137937545776,False,Heacham at Heacham,0.35137879848480225,0.5294606685638428,0.6603140830993652
33033,0.687096118927002,0.6959424018859863,0.7091138362884521,0.7821578979492188,False,Hiz at Arlesey,0.008846282958984375,0.022017717361450195,0.0950617790222168
33034,0.6903283596038818,0.7643876075744629,0.793778657913208,0.8168206810951233,False,Little Ouse at Abbey Heath,0.07405924797058105,0.10345029830932617,0.12649232149124146
33035,0.7788534164428711,0.8279448747634888,0.8581726551055908,0.8421341180801392,False,Ely Ouse at Denver Complex,0.049091458320617676,0.07931923866271973,0.06328070163726807
33039,0.7015807628631592,0.7448740005493164,0.7519203424453735,0.8234353065490723,False,Bedford Ouse at Roxton,0.04329323768615723,0.050339579582214355,0.12185454368591309
33053,0.5626929998397827,0.7121170163154602,0.7126741409301758,0.8152651786804199,False,Granta at Stapleford,0.1494240164756775,0.14998114109039307,0.2525721788406372
34002,0.7910326719284058,0.8622764348983765,0.8892147541046143,0.8991705179214478,False,Tas at Shotesham,0.0712437629699707,0.0981820821762085,0.10813784599304199
34003,0.4570844173431396,0.600358247756958,0.7631219625473022,0.9139998555183412,False,Bure at Ingworth,0.14327383041381841,0.30603754520416265,0.4569154381752016
34004,0.4801056385040283,0.5596715211868286,0.7284057140350342,0.7908764481544495,False,Wensum at Costessey Mill,0.07956588268280029,0.24830007553100586,0.31077080965042114
34005,0.5686324238777161,0.7531927227973938,0.8351313471794128,0.8682432174682617,False,Tud at Costessey Park,0.18456029891967773,0.2664989233016968,0.29961079359054565
34006,0.7734735608100891,0.8328046798706055,0.8299531936645508,0.8799852132797241,False,Waveney at Needham Mill,0.05933111906051636,0.05647963285446167,0.10651165246963501
34007,0.7029913067817688,0.7416694164276123,0.7217276096343994,0.7859017848968506,False,Dove at Oakley Park,0.038678109645843506,0.018736302852630615,0.08291047811508179
34008,-0.8810106515884399,0.017512500286102295,0.2593773603439331,0.8008180260658264,False,Ant at Honing Lock,0.8985231518745422,1.140388011932373,1.6818286776542664
34010,0.6168071031570435,0.6713780164718628,0.6822382211685181,0.6495352983474731,False,Waveney at Billingford Bridge,0.054570913314819336,0.06543111801147461,0.03272819519042969
34011,-0.1943757534027099,0.44925469160079956,0.5871111154556274,0.8397154808044434,False,Wensum at Fakenham,0.6436304450035095,0.7814868688583374,1.0340912342071533
34012,-1.3927695751190186,-0.1738269329071045,0.4155530333518982,0.8324575424194336,False,Burn at Burnham Overy,1.218942642211914,1.8083226084709167,2.225227117538452
35003,0.4836846590042114,0.5536233186721802,0.4859601855278015,0.5651981830596924,False,Alde at Farnham,0.06993865966796875,0.002275526523590088,0.08151352405548096
35008,0.8175605535507202,0.8420268297195435,0.835808277130127,0.8681451082229614,False,Gipping at Stowmarket,0.024466276168823242,0.01824772357940674,0.05058455467224121
36003,0.7489699125289917,0.8147267699241638,0.8343280553817749,0.8513725399971008,False,Box at Polstead,0.06575685739517212,0.0853581428527832,0.10240262746810913
36006,0.6091916561126709,0.6384254693984985,0.6198525428771973,0.7642946839332581,False,Stour at Langham,0.029233813285827637,0.010660886764526367,0.15510302782058716
36009,0.7481012344360352,0.7676992416381836,0.7776536345481873,0.804998517036438,False,Brett at Cockfield,0.019598007202148438,0.0295524001121521,0.05689728260040283
36010,0.7253429889678955,0.751538097858429,0.7032725811004639,0.7519961595535278,False,Bumpstead Brook at Broad Green,0.026195108890533447,-0.02207040786743164,0.026653170585632324
36011,0.7683448791503906,0.786127507686615,0.7646443843841553,0.7919908761978149,False,Stour Brook at Sturmer,0.017782628536224365,-0.0037004947662353516,0.023645997047424316
36012,0.5970938205718994,0.6104283928871155,0.6178510189056396,0.52915358543396,False,Stour at Kedington,0.013334572315216064,0.020757198333740234,-0.06794023513793945
37001,0.8005572557449341,0.8153061270713806,0.8254778385162354,0.8393663167953491,False,Roding at Redbridge,0.014748871326446533,0.02492058277130127,0.03880906105041504
37003,0.6478902101516724,0.6623280048370361,0.647942841053009,0.6244949698448181,False,Ter at Crabbs Bridge,0.01443779468536377,5.263090133666992e-05,-0.023395240306854248
37005,0.7927951812744141,0.8002737164497375,0.8313313722610474,0.8726820945739746,False,Colne at Lexden,0.007478535175323486,0.0385361909866333,0.07988691329956055
37008,0.779721200466156,0.8072056770324707,0.8464315533638,0.8520686626434326,False,Chelmer at Springfield,0.027484476566314697,0.06671035289764404,0.07234746217727661
37009,0.7914565205574036,0.8268234133720398,0.8466309309005737,0.8239417672157288,False,Brain at Guithavon Valley,0.03536689281463623,0.055174410343170166,0.032485246658325195
37010,0.7216789722442627,0.7531195878982544,0.766020655632019,0.7840296030044556,False,Blackwater at Appleford Bridge,0.0314406156539917,0.04434168338775635,0.06235063076019287
37011,0.8192087411880493,0.8458752632141113,0.8508812189102173,0.8235218524932861,False,Chelmer at Churchend,0.02666652202606201,0.03167247772216797,0.004313111305236816
37018,0.6700857281684875,0.6506376266479492,0.6685971021652222,0.6717307567596436,False,Ingrebourne at Gaynes Park,-0.01944810152053833,-0.0014886260032653809,0.0016450285911560059
37019,0.712708592414856,0.714522659778595,0.704621434211731,0.7552927136421204,False,Beam at Bretons Farm,0.0018140673637390137,-0.008087158203125,0.042584121227264404
37020,0.7413135170936584,0.7678923606872559,0.7467759847640991,0.7382805347442627,False,Chelmer at Felsted,0.026578843593597412,0.005462467670440674,-0.003032982349395752
38001,0.7317596077919006,0.8366430401802063,0.8828377723693848,0.8842560052871704,False,Lee at Feildes Weir,0.10488343238830566,0.15107816457748413,0.15249639749526978
38003,-0.0730111598968505,0.20973384380340576,0.5680637359619141,0.7283471822738647,False,Mimram at Panshanger Park,0.28274500370025624,0.6410748958587645,0.8013583421707152
38007,0.7916401028633118,0.7927420139312744,0.7819699048995972,0.8291579484939575,False,Canons Brook at Elizabeth Way,0.0011019110679626465,-0.0096701979637146,0.03751784563064575
38014,0.7744259834289551,0.7755190134048462,0.7950982451438904,0.818127453327179,False,Salmon Brook at Edmonton,0.0010930299758911133,0.020672261714935303,0.04370146989822388
38017,-2.6224586963653564,-1.0954055786132812,0.05512291193008423,0.8043136596679688,False,Mimram at Whitwell,1.5270531177520752,2.6775816082954407,3.426772356033325
38018,0.759274423122406,0.7990069389343262,0.8141852021217346,0.8677895069122314,False,Upper Lee at Water Hall,0.039732515811920166,0.05491077899932861,0.10851508378982544
38021,0.7970314025878906,0.7801420092582703,0.8175662755966187,0.813111424446106,False,Turkey Brook at Albany Park,-0.01688939332962036,0.020534873008728027,0.016080021858215332
39001,0.8843239545822144,0.8838782906532288,0.9365770220756531,0.9283021688461304,False,Thames at Kingston,-0.0004456639289855957,0.05225306749343872,0.043978214263916016
39006,0.8758761882781982,0.8859747052192688,0.9181012511253357,0.9233106970787048,True,Windrush at Newbridge,0.010098516941070557,0.04222506284713745,0.04743450880050659
39007,0.8183517456054688,0.867784857749939,0.8703901767730713,0.853567361831665,False,Blackwater at Swallowfield,0.049433112144470215,0.05203843116760254,0.03521561622619629
39010,-0.0683232545852661,0.2980523705482483,0.5675921440124512,0.7632744908332825,False,Colne at Denham,0.3663756251335144,0.6359153985977173,0.8315977454185486
39011,0.7670355439186096,0.8245255351066589,0.8087102174758911,0.8407770991325378,False,Wey at Tilford,0.057489991188049316,0.041674673557281494,0.07374155521392822
39012,0.6095150709152222,0.6500744819641113,0.6039884090423584,0.6433448791503906,False,Hogsmill at Kingston upon Thames,0.04055941104888916,-0.0055266618728637695,0.03382980823516846
39014,-1.6287968158721924,-0.5012686252593994,0.4581418037414551,0.6157832145690918,False,Ver at Hansteads,1.127528190612793,2.0869386196136475,2.244580030441284
39016,0.6758105754852295,0.726641058921814,0.7752628326416016,0.8250857591629028,False,Kennet at Theale,0.05083048343658447,0.09945225715637207,0.14927518367767334
39020,0.8714622855186462,0.8796368837356567,0.9181200265884399,0.9484888911247252,True,Coln at Bibury,0.008174598217010498,0.0466577410697937,0.07702660560607899
39021,0.4291628003120422,0.6342334747314453,0.6786201000213623,0.8936880826950073,False,Cherwell at Enslow Mill,0.20507067441940313,0.24945729970932012,0.46452528238296514
39022,0.8593500852584839,0.8914563655853271,0.8825739026069641,0.8878996968269348,False,Loddon at Sheepbridge,0.03210628032684326,0.023223817348480225,0.028549611568450928
39023,-2.3271076679229736,-1.4353206157684326,-0.1726677417755127,0.5093680024147034,False,Wye at Bourne End Hedsor,0.891787052154541,2.154439926147461,2.836475670337677
39025,0.8814305067062378,0.8945183753967285,0.8943284749984741,0.8967287540435791,False,Enborne at Brimpton,0.013087868690490723,0.012897968292236328,0.015298247337341309
39027,0.1721870303153991,0.38351237773895264,0.7249386310577393,0.8372849225997925,False,Pang at Pangbourne,0.21132534742355355,0.5527516007423402,0.6650978922843934
39028,0.3498684763908386,0.5978366136550903,0.7113474607467651,0.8358073830604553,False,Dun at Hungerford,0.2479681372642517,0.3614789843559265,0.4859389066696167
39029,0.1426982283592224,0.472314715385437,0.7080825567245483,0.7970362305641174,False,Tilling Bourne at Shalford,0.3296164870262146,0.5653843283653259,0.654338002204895
39034,0.8260312080383301,0.8419347405433655,0.864265501499176,0.9130254983901978,False,Evenlode at Cassington Mill,0.0159035325050354,0.03823429346084595,0.08699429035186768
39035,0.5222203731536865,0.5778743028640747,0.5078012943267822,0.6861672401428223,True,Churn at Cerney Wick,0.055653929710388184,-0.014419078826904297,0.16394686698913574
39036,-5.886982440948486,-2.960324287414551,-0.2995903491973877,0.6316899061203003,False,Law Brook at Albury,2.9266581535339355,5.587392091751099,6.518672347068787
39037,0.7237714529037476,0.7515501379966736,0.8431580662727356,0.92380291223526,True,Kennet at Marlborough,0.027778685092926025,0.11938661336898804,0.20003145933151245
39042,0.7545129060745239,0.7508251070976257,0.8045117855072021,0.8918828368186951,True,Leach at Priory Mill Lechlade,-0.0036877989768981934,0.04999887943267822,0.13736993074417114
39052,0.8315863609313965,0.8525761961936951,0.8385558724403381,0.843373715877533,False,The Cut at Binfield,0.020989835262298584,0.00696951150894165,0.011787354946136475
39061,0.6746384501457214,0.6776480674743652,0.6934338808059692,0.7284595966339111,True,Letcombe Brook at Letcombe Bassett,0.003009617328643799,0.018795430660247803,0.0538211464881897
39081,0.7713233828544617,0.8115262985229492,0.7720140218734741,0.8169940114021301,False,Ock at Abingdon,0.04020291566848755,0.0006906390190124512,0.04567062854766846
40003,0.8688396215438843,0.8780423998832703,0.8858426213264465,0.919131875038147,False,Medway at Teston / East Farleigh,0.009202778339385986,0.017002999782562256,0.050292253494262695
40004,0.8344350457191467,0.8360190987586975,0.8214370608329773,0.8564773797988892,False,Rother at Udiam,0.0015840530395507812,-0.012997984886169434,0.02204233407974243
40005,0.8641951084136963,0.8933665752410889,0.8610374331474304,0.8846032619476318,False,Beult at Stilebridge,0.029171466827392578,-0.003157675266265869,0.020408153533935547
40007,0.86278235912323,0.8724491000175476,0.8763911724090576,0.9024235010147096,False,Medway at Chafford / Colliers Land Bridge,0.009666740894317627,0.013608813285827637,0.0396411418914796
40009,0.787695586681366,0.7983571290969849,0.8166627287864685,0.8161377310752869,False,Teise at Stonebridge,0.010661542415618896,0.02896714210510254,0.0284421443939209
40010,0.8712265491485596,0.8643903732299805,0.8678810596466064,0.869913637638092,False,Eden at Penshurst / Vexour Bridge,-0.0068361759185791016,-0.003345489501953125,-0.0013129115104675293
40011,0.8717232346534729,0.9006452560424805,0.9139990210533142,0.9209426045417786,False,Great Stour at Horton,0.02892202138900757,0.04227578639984131,0.049219369888305664
40012,0.7041497230529785,0.7769542336463928,0.82273930311203,0.7793526649475098,False,Darent at Hawley,0.0728045105934143,0.11858958005905151,0.07520294189453125
40013,0.6234043836593628,0.621073842048645,0.5832079648971558,0.5739023685455322,False,Darent at Otford,-0.0023305416107177734,-0.04019641876220703,-0.049502015113830566
40016,0.3740918636322021,0.5591121912002563,0.5717285871505737,0.6667208075523376,False,Cray at Crayford,0.18502032756805425,0.19763672351837164,0.29262894392013555
40018,0.789972722530365,0.8124816417694092,0.8549480438232422,0.8294618129730225,False,Darent at Lullingstone,0.02250891923904419,0.0649753212928772,0.03948909044265747
41001,0.4836179614067077,0.5031242966651917,0.3856152892112732,0.4970877170562744,False,Nunningham Stream at Tilley Bridge,0.019506335258483942,-0.09800267219543451,0.013469755649566706
41003,0.7902984619140625,0.7997715473175049,0.7532167434692383,0.7488969564437866,False,Cuckmere at Sherman Bridge,0.009473085403442383,-0.03708171844482422,-0.04140150547027588
41005,0.867798388004303,0.8716238737106323,0.881055474281311,0.8958008289337158,False,Ouse at Gold Bridge,0.0038254857063293457,0.013257086277008057,0.028002440929412842
41006,0.6921697854995728,0.7059376239776611,0.6531673073768616,0.7313554286956787,False,Uck at Isfield,0.013767838478088379,-0.03900247812271118,0.03918564319610596
41011,0.8124518394470215,0.834391713142395,0.8277803063392639,0.811228334903717,False,Rother at Iping Mill,0.021939873695373535,0.015328466892242432,-0.0012235045433044434
41012,0.7518541812896729,0.765576183795929,0.7277252674102783,0.7628933787345886,False,Adur E Branch at Sakeham,0.013722002506256104,-0.02412891387939453,0.011039197444915771
41013,0.7840969562530518,0.8094488382339478,0.7668233513832092,0.7915651202201843,False,Huggletts Stream at Henley Bridge,0.025351881980895996,-0.01727360486984253,0.007468163967132568
41014,0.842427670955658,0.8446085453033447,0.8730002641677856,0.7802164554595947,False,Arun at Pallingham,0.0021808743476867676,0.030572593212127686,-0.06221121549606323
41016,0.7889020442962646,0.8040385246276855,0.7774212956428528,0.8082716464996338,False,Cuckmere at Cowbeech,0.015136480331420898,-0.011480748653411865,0.01936960220336914
41019,0.8465064764022827,0.848265528678894,0.841792106628418,0.8377319574356079,False,Arun at Alfoldean,0.0017590522766113281,-0.004714369773864746,-0.008774518966674805
41020,0.7934874296188354,0.8071647882461548,0.7926309704780579,0.8115124106407166,False,Bevern Stream at Clappers Bridge,0.013677358627319336,-0.0008564591407775879,0.018024981021881104
41022,0.8511868715286255,0.8552232980728149,0.8479627370834351,0.8708221912384033,False,Lod at Halfway Bridge,0.004036426544189453,-0.0032241344451904297,0.019635319709777832
41023,0.5916328430175781,0.7208611965179443,0.8594129681587219,0.906973958015442,True,Lavant at Graylingwell,0.1292283535003662,0.2677801251411438,0.3153411149978639
41025,0.8594513535499573,0.8723902702331543,0.8109554052352905,0.8726973533630371,False,Loxwood Stream at Drungewick,0.012938916683197021,-0.04849594831466675,0.013245999813079834
41027,0.7044516801834106,0.7134960889816284,0.6621253490447998,0.6872135400772095,False,Rother at Princes Marsh,0.009044408798217773,-0.04232633113861084,-0.017238140106201172
41028,0.7595125436782837,0.7620507478713989,0.7556059956550598,0.7710255980491638,False,Chess Stream at Chess Bridge,0.0025382041931152344,-0.003906548023223877,0.011513054370880127
42001,0.695366621017456,0.7415444254875183,0.7795737981796265,0.7818772196769714,False,Wallington at North Fareham,0.046177804470062256,0.08420717716217041,0.08651059865951538
42003,0.7984012961387634,0.8139357566833496,0.8040573596954346,0.8144720196723938,False,Lymington at Brockenhurst,0.015534460544586182,0.005656063556671143,0.01607072353363037
42004,0.6171427369117737,0.7607223987579346,0.7988328337669373,0.9349565505981444,True,Test at Broadlands,0.1435796618461609,0.18169009685516357,0.31781381368637074
42006,0.8464736938476562,0.8972958326339722,0.9252093434333801,0.9444786310195924,True,Meon at Mislingford,0.05082213878631592,0.07873564958572388,0.09800493717193615
42008,0.7281112670898438,0.7996571063995361,0.8835713863372803,0.8912237882614136,True,Cheriton Stream at Sewards Bridge,0.07154583930969238,0.15546011924743652,0.16311252117156982
42010,0.7282804250717163,0.7960522174835205,0.8356277942657471,0.9096666574478148,True,Itchen at Highbridge & Allbrook Total,0.0677717924118042,0.10734736919403076,0.18138623237609852
42011,0.7425872087478638,0.7691604495048523,0.7671264410018921,0.7930751442909241,False,Hamble at Frogmill,0.026573240756988525,0.02453923225402832,0.0504879355430603
43005,0.8689432144165039,0.8727586269378662,0.9210970401763916,0.946384072303772,True,Avon at Amesbury,0.0038154125213623047,0.052153825759887695,0.07744085788726807
43006,0.8756178021430969,0.8891593813896179,0.9095220565795898,0.928797483444214,False,Nadder at Wilton,0.013541579246520996,0.03390425443649292,0.053179681301117054
43007,0.8454039692878723,0.8459678888320923,0.8659138083457947,0.8860540390014648,False,Stour at Throop,0.0005639195442199707,0.020509839057922363,0.04065006971359253
43008,0.7514561414718628,0.8015638589859009,0.8793326020240784,0.9182031154632568,True,Wylye at South Newton,0.050107717514038086,0.12787646055221558,0.16674697399139404
43009,0.8937053084373474,0.9037420749664307,0.8991828560829163,0.9127882719039916,False,Stour at Hammoon,0.010036766529083252,0.005477547645568848,0.019082963466644176
43014,0.6686202883720398,0.7266980409622192,0.8499408960342407,0.8864914178848267,False,East Avon at Upavon East,0.05807775259017944,0.18132060766220093,0.21787112951278687
43017,0.7822933197021484,0.8450651168823242,0.875749945640564,0.9187774658203124,True,West Avon at Upavon West,0.06277179718017578,0.09345662593841553,0.13648414611816395
44001,0.7267681360244751,0.82383131980896,0.8454614281654358,0.9659217596054076,False,Frome at East Stoke Total,0.09706318378448486,0.1186932921409607,0.2391536235809325
44002,0.825424075126648,0.8406862020492554,0.8501569032669067,0.8722020387649536,False,Piddle at Baggs Mill,0.015262126922607422,0.02473282814025879,0.046777963638305664
44006,0.6942940950393677,0.8093193769454956,0.8647981882095337,0.9316137433052064,True,Sydling Water at Sydling St Nicholas,0.11502528190612793,0.17050409317016602,0.23731964826583873
45001,0.92067551612854,0.9236756563186646,0.9203826189041138,0.9160981178283693,False,Exe at Thorverton,0.0030001401901245117,-0.00029289722442626953,-0.004577398300170787
45003,0.8284134864807129,0.8457314372062683,0.8371378183364868,0.8431157469749451,False,Culm at Woodmill,0.01731795072555542,0.008724331855773926,0.014702260494232178
45004,0.7908157110214233,0.8119584321975708,0.7938234806060791,0.8118046522140503,False,Axe at Whitford,0.02114272117614746,0.0030077695846557617,0.020988941192626953
45005,0.8037458658218384,0.8228897452354431,0.7989868521690369,0.8194369673728943,False,Otter at Dotton,0.019143879413604736,-0.004759013652801514,0.015691101551055908
45009,0.9135140776634216,0.918825626373291,0.9076239466667175,0.9281005263328552,False,Exe at Pixton,0.005311548709869385,-0.0058901309967041016,0.014586448669433594
45012,0.8255530595779419,0.835878849029541,0.7983917593955994,0.8446757793426514,False,Creedy at Cowley,0.010325789451599121,-0.02716130018234253,0.019122719764709473
46003,0.8737963438034058,0.8771635890007019,0.868971586227417,0.8897049427032471,False,Dart at Austins Bridge,0.0033672451972961426,-0.0048247575759887695,0.01590859889984131
46005,0.8045049905776978,0.8097895979881287,0.7823993563652039,0.8091334700584412,False,East Dart at Bellever,0.005284607410430908,-0.022105634212493896,0.004628479480743408
47001,0.928232967853546,0.9300633072853088,0.9244579076766968,0.9377397894859314,False,Tamar at Gunnislake,0.0018303394317628063,-0.003775060176849254,0.009506821632385365
47004,0.9219262599945068,0.9235411286354065,0.9208999276161194,0.9324445724487304,False,Lynher at Pillaton Mill,0.0016148686408996582,-0.0010263323783874512,0.010518312454223522
47008,0.8358027935028076,0.8415095210075378,0.8502287864685059,0.8540998697280884,False,Thrushel at Tinhay,0.005706727504730225,0.014425992965698242,0.01829707622528076
47009,0.9363503456115724,0.9398301243782043,0.929180383682251,0.9486947059631348,False,Tiddy at Tideford,0.003479778766631969,-0.0071699619293214,0.012344360351562389
48004,0.8940241932868958,0.896369457244873,0.9009425044059753,0.9058016538619996,False,Warleggan at Trengoffe,0.002345263957977295,0.00691831111907959,0.01177746057510387
48005,0.9068745374679564,0.9058182835578918,0.8974345922470093,0.9131183624267578,False,Kenwyn at Truro,-0.0010562539100645862,-0.009439945220947155,0.0062438249588013806
48011,0.9056174159049988,0.9057133197784424,0.9170486927032471,0.9302257895469666,False,Fowey at Restormel,9.590387344360352e-05,0.011431276798248291,0.024608373641967773
49002,0.8784254193305969,0.881247341632843,0.9104290008544922,0.9585688710212708,False,Hayle at St Erth,0.0028219223022460938,0.032003581523895264,0.08014345169067383
49004,0.8769983649253845,0.8718061447143555,0.8887461423873901,0.8760149478912354,False,Gannel at Gwills,-0.005192220211029053,0.011747777462005615,-0.00098341703414917
50001,0.9269872307777404,0.9242828488349915,0.9243558645248413,0.936531901359558,False,Taw at Umberleigh,-0.0027043819427489124,-0.002631366252899059,0.009544670581817627
50002,0.8914532661437988,0.891217052936554,0.878267765045166,0.8994086980819702,False,Torridge at Torrington,-0.00023621320724487305,-0.013185501098632812,0.007955431938171387
50006,0.9222936034202576,0.9253548383712769,0.9199861884117126,0.933420956134796,False,Mole at Woodleigh,0.003061234951019287,-0.002307415008544922,0.011127352714538463
51001,0.8755161166191101,0.883658230304718,0.8723512887954712,0.901395857334137,False,Doniford Stream at Swill Bridge,0.00814211368560791,-0.003164827823638916,0.025879740715026855
52004,0.8434159755706787,0.8416517972946167,0.8445157408714294,0.8733214139938354,False,Isle at Ashford Mill,-0.0017641782760620117,0.0010997653007507324,0.02990543842315674
52005,0.8854643702507019,0.8938894867897034,0.8866053223609924,0.8983576893806458,False,Tone at Bishops Hull,0.008425116539001465,0.0011409521102905273,0.012893319129943848
52006,0.8535947799682617,0.8551867604255676,0.8553106784820557,0.8688684701919556,False,Yeo at Pen Mill,0.0015919804573059082,0.0017158985137939453,0.015273690223693848
52007,0.8179678320884705,0.8206386566162109,0.8276721239089966,0.83006352186203,False,Parrett at Chiselborough,0.0026708245277404785,0.009704291820526123,0.01209568977355957
52009,0.870735228061676,0.8820068836212158,0.8858555555343628,0.8743822574615479,False,Sheppey at Fenny Castle,0.011271655559539795,0.015120327472686768,0.003647029399871826
52010,0.810822606086731,0.8181948661804199,0.7971454858779907,0.8424587249755859,False,Brue at Lovington,0.007372260093688965,-0.013677120208740234,0.03163611888885498
52011,0.8425783514976501,0.8728382587432861,0.8559519648551941,0.8862799406051636,False,Cary at Somerton,0.030259907245635986,0.013373613357543945,0.04370158910751343
52016,0.8535667061805725,0.8471283912658691,0.8768221735954285,0.8774232864379883,False,Currypool Stream at Currypool Farm,-0.006438314914703369,0.023255467414855957,0.02385658025741577
53005,0.8911216259002686,0.9020504951477051,0.8996065258979797,0.9199068546295166,False,Midford Brook at Midford,0.010928869247436523,0.008484899997711182,0.028785228729248047
53006,0.9016728401184082,0.8962693214416504,0.9038435816764832,0.9032790064811708,False,Frome (Bristol) at Frenchay,-0.0054035186767578125,0.002170741558074951,0.0016061663627625622
53007,0.8880958557128906,0.892221987247467,0.8993620872497559,0.8964315056800842,False,Frome (Somerset) at Tellisford,0.004126131534576416,0.011266231536865234,0.008335649967193604
53008,0.8589577078819275,0.8839786648750305,0.8605559468269348,0.9041941165924072,True,Avon at Great Somerford,0.025020956993103027,0.0015982389450073242,0.045236408710479736
53009,0.9156351685523988,0.9218441843986511,0.9277946949005127,0.9208455085754396,False,Wellow Brook at Wellow,0.00620901584625233,0.012159526348113903,0.0052103400230407715
53013,0.8537870049476624,0.8599138259887695,0.840957522392273,0.888572633266449,False,Marden at Stanley,0.006126821041107178,-0.012829482555389404,0.03478562831878662
53018,0.9156272411346436,0.921532928943634,0.9163302779197693,0.9189105033874512,False,Avon at Bathford,0.0059056878089904785,0.0007030367851257324,0.003283262252807617
54001,0.8248575925827026,0.861212432384491,0.8678792715072632,0.9161617755889891,False,Severn at Bewdley,0.03635483980178833,0.04302167892456055,0.09130418300628651
54002,0.8736171126365662,0.8988828659057617,0.9131267666816711,0.9177577495574952,False,Avon at Evesham,0.025265753269195557,0.03950965404510498,0.044140636920929066
54003,0.7010253667831421,0.6624890565872192,0.598392128944397,0.6814783215522766,False,Vyrnwy at Vyrnwy Reservoir,-0.03853631019592285,-0.10263323783874512,-0.01954704523086548
54004,0.8246181011199951,0.855059027671814,0.8561532497406006,0.8506101965904236,False,Sowe at Stoneleigh,0.030440926551818848,0.03153514862060547,0.025992095470428467
54005,0.8767181634902954,0.8715322017669678,0.8819636702537537,0.9263219237327576,False,Severn at Montford,-0.005185961723327637,0.005245506763458252,0.04960376024246216
54007,0.6684333086013794,0.7002447843551636,0.6541482210159302,0.7613622546195984,False,Arrow at Broom,0.03181147575378418,-0.014285087585449219,0.092928946018219
54008,0.9157798886299132,0.9161822199821472,0.9186229705810547,0.946280002593994,False,Teme at Tenbury,0.00040233135223399774,0.0028430819511414684,0.03050011396408081
54012,0.7960721254348755,0.84120112657547,0.8258893489837646,0.896909773349762,False,Tern at Walcot,0.04512900114059448,0.02981722354888916,0.10083764791488647
54015,0.5295689105987549,0.5762029886245728,0.5327889919281006,0.6902012825012207,False,Bow Brook at Besford Bridge,0.04663407802581787,0.003220081329345703,0.16063237190246582
54017,0.7716559171676636,0.7860698103904724,0.7725251317024231,0.7994035482406616,False,Leadon at Wedderburn Bridge,0.014413893222808838,0.0008692145347595215,0.027747631072998047
54018,0.8696027398109436,0.8880487680435181,0.8723999261856079,0.9058974981307985,False,Rea Brook at Hookagate,0.018446028232574463,0.0027971863746643066,0.03629475831985485
54019,0.7197312116622925,0.7540956735610962,0.7770923972129822,0.7683191299438477,False,Avon at Stareton,0.03436446189880371,0.0573611855506897,0.048587918281555176
54020,0.8497904539108276,0.8682063221931458,0.885695219039917,0.8755713701248169,False,Perry at Yeaton,0.018415868282318115,0.035904765129089355,0.025780916213989258
54024,0.6340144276618958,0.7692990303039551,0.8073396682739258,0.8349997997283936,False,Worfe at Burcote,0.13528460264205933,0.17332524061203003,0.2009853720664978
54025,0.9121220707893372,0.9154737591743469,0.9084550142288208,0.8999183177947998,False,Dulas at Rhos-y-pentref,0.0033516883850097656,-0.0036670565605163574,-0.012203752994537354
54027,0.8587455749511719,0.8368375897407532,0.8815937042236328,0.9180698990821838,True,Frome at Ebley Mill,-0.0219079852104187,0.022848129272460938,0.05932432413101196
54028,0.9031040668487548,0.9033634662628174,0.8845533728599548,0.9079673886299132,False,Vyrnwy at Llanymynech,0.000259399414062611,-0.018550693988799938,0.004863321781158447
54029,0.9121102690696716,0.917681872844696,0.9218274354934692,0.9406711459159852,False,Teme at Knightsford Bridge,0.005571603775024414,0.009717166423797607,0.028560876846313588
54032,0.8405476212501526,0.8751094341278076,0.8788217306137085,0.9199776649475098,False,Severn at Saxons Lode,0.03456181287765503,0.03827410936355591,0.07943004369735718
54034,0.5988271236419678,0.6096282005310059,0.5790987014770508,0.6304060816764832,False,Dowles Brook at Oak Cottage,0.010801076889038086,-0.019728422164916992,0.03157895803451538
54036,0.7794007658958435,0.8035308122634888,0.8070521354675293,0.8098993301391602,False,Isbourne at Hinton on the Green,0.024130046367645264,0.02765136957168579,0.03049856424331665
54044,0.7701647281646729,0.7932727932929993,0.7681183815002441,0.7894140481948853,False,Tern at Ternhill,0.023108065128326416,-0.002046346664428711,0.019249320030212402
54052,0.836926281452179,0.8664355278015137,0.8584204316139221,0.8533152341842651,False,Bailey Brook at Ternhill,0.029509246349334717,0.021494150161743164,0.01638895273208618
54057,0.8244200944900513,0.8325725793838501,0.8553036451339722,0.9239022731781006,False,Severn at Haw Bridge,0.008152484893798828,0.0308835506439209,0.09948217868804932
55002,0.9055681228637696,0.9076855182647705,0.906186580657959,0.9226083755493164,False,Wye at Belmont,0.0021173954010008655,0.0006184577941893421,0.017040252685546764
55007,0.9043592214584352,0.9058729410171509,0.8905193209648132,0.91099214553833,False,Wye at Erwood,0.0015137195587157093,-0.013839900493621937,0.0066329240798947975
55008,0.8240796327590942,0.8207516670227051,0.8000290393829346,0.8269649744033813,False,Wye at Cefn Brwyn,-0.00332796573638916,-0.024050593376159668,0.0028853416442871094
55013,0.9152023792266846,0.9110947847366333,0.9220859408378601,0.9223337173461914,False,Arrow at Titley Mill,-0.0041075944900512695,0.006883561611175537,0.007131338119506836
55014,0.86775141954422,0.8628146648406982,0.861457109451294,0.8767946362495422,False,Lugg at Byton,-0.0049367547035217285,-0.006294310092926025,0.009043216705322266
55016,0.8712010383605957,0.8673461675643921,0.8590309619903564,0.8876888751983643,False,Ithon at Disserth,-0.0038548707962036133,-0.012170076370239258,0.016487836837768555
55018,0.8136823177337646,0.8105563521385193,0.8282966613769531,0.8216652274131775,False,Frome at Yarkhill,-0.0031259655952453613,0.014614343643188477,0.007982909679412842
55021,0.9226942658424376,0.9192355871200562,0.9339317083358765,0.9410317540168762,False,Lugg at Butts Bridge,-0.0034586787223814808,0.011237442493438832,0.018337488174438588
55023,0.886847198009491,0.9012222290039062,0.9176216125488281,0.9458849430084229,False,Wye at Redbrook,0.014375030994415283,0.030774414539337158,0.059037744998931885
55025,0.8604699373245239,0.8508157134056091,0.8494930267333984,0.8522131443023682,False,Llynfi at Three Cocks,-0.009654223918914795,-0.010976910591125488,-0.008256793022155762
55026,0.8767601847648621,0.8810912370681763,0.8596788644790649,0.8545712232589722,False,Wye at Ddol Farm,0.004331052303314209,-0.01708132028579712,-0.022188961505889893
55029,0.826131284236908,0.8352892398834229,0.8054574728012085,0.8471992015838623,False,Monnow at Grosmont,0.009157955646514893,-0.020673811435699463,0.021067917346954346
55032,0.7241290807723999,0.7162522077560425,0.6426031589508057,0.7314903736114502,False,Elan at Caban Dam,-0.007876873016357422,-0.08152592182159424,0.007361292839050293
56001,0.8980643153190613,0.8995591402053833,0.8870822787284851,0.9166763424873352,False,Usk at Chainbridge,0.0014948248863220215,-0.010982036590576172,0.018612027168273926
56007,0.8874354958534241,0.8843053579330444,0.8779993057250977,0.9099385738372804,False,Senni at Pont-Hen-Hafod,-0.0031301379203796387,-0.009436190128326416,0.022503077983856312
56013,0.9075112342834472,0.9033681154251099,0.9089194536209106,0.9007108211517334,False,Yscir at Pont-Ar-Yscir,-0.004143118858337291,0.00140821933746349,-0.006800413131713756
57004,0.8640679121017456,0.8669372200965881,0.8537290096282959,0.8904454708099365,False,Cynon at Abercynon,0.0028693079948425293,-0.010338902473449707,0.026377558708190918
57005,0.8670501112937927,0.8648015260696411,0.8331485986709595,0.8791731595993042,False,Taff at Pontypridd,-0.0022485852241516113,-0.03390151262283325,0.012123048305511475
57006,0.852137565612793,0.8523234128952026,0.8358575105667114,0.8908555507659912,False,Rhondda at Trehafod,0.00018584728240966797,-0.016280055046081543,0.03871798515319824
57007,0.8067915439605713,0.8238568305969238,0.7839050889015198,0.8179411888122559,False,Taff at Fiddlers Elbow,0.01706528663635254,-0.022886455059051514,0.01114964485168457
57008,0.9055514931678772,0.9055051803588867,0.9077285528182983,0.911724328994751,False,Rhymney at Llanedeyrn,-4.6312808990478516e-05,0.0021770596504211426,0.006172835826873779
58001,0.8731688857078552,0.8723509311676025,0.8538403511047363,0.878911554813385,False,Ogmore at Bridgend,-0.0008179545402526855,-0.019328534603118896,0.005742669105529785
58006,0.844366192817688,0.848129391670227,0.8372310996055603,0.8769916296005249,False,Mellte at Pontneddfechan,0.0037631988525390625,-0.0071350932121276855,0.032625436782836914
58008,0.8602821826934814,0.8565980195999146,0.8386356830596924,0.8834970593452454,False,Dulais at Cilfrew,-0.0036841630935668945,-0.021646499633789062,0.023214876651763916
58009,0.8968105912208557,0.8892549276351929,0.8913255929946899,0.8925387859344482,False,Ewenny at Keepers Lodge,-0.007555663585662842,-0.0054849982261657715,-0.004271805286407471
59001,0.8212346434593201,0.8158330321311951,0.7906500697135925,0.8392463326454163,False,Tawe at Ynystanglws,-0.005401611328125,-0.03058457374572754,0.01801168918609619
60002,0.8203429579734802,0.822958767414093,0.7986723184585571,0.8244813680648804,False,Cothi at Felin Mynachdy,0.002615809440612793,-0.021670639514923096,0.0041384100914001465
60003,0.880090057849884,0.8832484483718872,0.8725306391716003,0.886967122554779,False,Taf at Clog-y-Fran,0.003158390522003174,-0.007559418678283691,0.0068770647048950195
60005,0.884088397026062,0.8778380155563354,0.8667665123939514,0.8857828974723816,False,Bran at Llandovery,-0.0062503814697265625,-0.017321884632110596,0.00169450044631958
60006,0.8401867151260376,0.8430076837539673,0.8280330896377563,0.8753417730331421,False,Gwili at Glangwili,0.0028209686279296875,-0.01215362548828125,0.03515505790710449
60010,0.8713697791099548,0.8774785995483398,0.8571702241897583,0.8811154961585999,False,Tywi at Capel Dewi,0.00610882043838501,-0.014199554920196533,0.00974571704864502
61002,0.8719828724861145,0.8748683333396912,0.8666402697563171,0.8692207336425781,False,Eastern Cleddau at Canaston Bridge,0.00288546085357666,-0.005342602729797363,-0.002762138843536377
62001,0.8991459608078003,0.9008083343505859,0.8965669274330139,0.9300937652587892,False,Teifi at Glanteifi,0.0016623735427856445,-0.002579033374786377,0.03094780445098888
63001,0.8451834321022034,0.8459742069244385,0.8330433368682861,0.8470711708068848,False,Ystwyth at Pont Llolwyn,0.0007907748222351074,-0.012140095233917236,0.0018877387046813965
64002,0.7503530979156494,0.7485305666923523,0.7551087141036987,0.7896437048912048,False,Dysynni at Pont-y-Garth,-0.0018225312232971191,0.004755616188049316,0.03929060697555542
65001,0.8090202808380127,0.8083380460739136,0.7794414758682251,0.8677183985710144,False,Glaslyn at Beddgelert,-0.0006822347640991211,-0.029578804969787598,0.05869811773300171
65005,0.7745087146759033,0.7730579376220703,0.7735698819160461,0.7763205766677856,False,Erch at Pencaenewydd,-0.0014507770538330078,-0.0009388327598571777,0.0018118619918823242
65008,0.7160475254058838,0.7127707004547119,0.6607372760772705,0.801703155040741,False,Peris at Nant Peris,-0.003276824951171875,-0.05531024932861328,0.08565562963485718
66001,0.890921950340271,0.8772037625312805,0.8918176889419556,0.9173907041549684,False,Clwyd at Pont-y-Cambwll,-0.013718187808990479,0.0008957386016845703,0.026468753814697377
66004,0.6576253175735474,0.7449839115142822,0.8258152008056641,0.9115711450576782,False,Wheeler at Bodfari,0.08735859394073486,0.1681898832321167,0.25394582748413086
66011,0.8275064826011658,0.8185124397277832,0.7655814290046692,0.8605543375015259,False,Conwy at Cwmlanerch,-0.008994042873382568,-0.06192505359649658,0.03304785490036011
67001,0.9025233387947084,0.8966122269630432,0.8862833380699158,0.92155522108078,False,Dee at Bala,-0.00591111183166515,-0.01624000072479259,0.019031882286071666
67006,0.879066526889801,0.8810892701148987,0.8814895749092102,0.8738422989845276,False,Alwen at Druid,0.0020227432250976562,0.0024230480194091797,-0.0052242279052734375
67008,0.851668119430542,0.8452754616737366,0.8880318403244019,0.8941612243652344,False,Alyn at Pont-y-Capel,-0.00639265775680542,0.03636372089385986,0.04249310493469238
67015,0.918932318687439,0.9227298498153687,0.9263445734977722,0.934656262397766,False,Dee at Manley Hall,0.0037975311279296875,0.007412254810333252,0.015723943710327037
67018,0.8604134321212769,0.857660174369812,0.8406312465667725,0.8718688488006592,False,Dee at New Inn,-0.0027532577514648438,-0.019782185554504395,0.011455416679382324
68001,0.8750832676887512,0.8917239904403687,0.896129310131073,0.9093395471572876,False,Weaver at Ashbrook,0.01664072275161743,0.021046042442321777,0.03425627946853638
68003,0.8325256705284119,0.831259548664093,0.8288347721099854,0.8541698455810547,False,Dane at Rudheath,-0.0012661218643188477,-0.0036908984184265137,0.021644175052642822
68004,0.8090075850486755,0.7969246506690979,0.7745702266693115,0.7444195747375488,False,Wistaston Brook at Marshfield Bridge,-0.012082934379577637,-0.034437358379364014,-0.06458801031112671
68005,0.7533150315284729,0.7476491928100586,0.7517846822738647,0.7114535570144653,False,Weaver at Audlem,-0.005665838718414307,-0.0015303492546081543,-0.04186147451400757
69002,0.8554391860961914,0.8490262627601624,0.8412507176399231,0.8823783993721008,False,Irwell at Adelphi Weir,-0.006412923336029053,-0.01418846845626831,0.026939213275909424
69015,0.8025972843170166,0.810218095779419,0.7923905849456787,0.7995460033416748,False,Etherow at Compstall,0.007620811462402344,-0.01020669937133789,-0.003051280975341797
69027,0.8572332262992859,0.8574947118759155,0.8451625108718872,0.8676111698150635,False,Tame at Portwood,0.00026148557662963867,-0.012070715427398682,0.010377943515777588
71001,0.8831716179847717,0.8779309988021851,0.8683327436447144,0.8913583755493164,False,Ribble at Samlesbury,-0.00524061918258667,-0.014838874340057373,0.008186757564544678
71004,0.8699405193328857,0.8633411526679993,0.860349178314209,0.8839498162269592,False,Calder at Whalley Weir,-0.006599366664886475,-0.009591341018676758,0.014009296894073486
71006,0.8880636096000671,0.8864468336105347,0.8847037553787231,0.8888722658157349,False,Ribble at Henthorn,-0.0016167759895324707,-0.003359854221343994,0.0008086562156677246
72002,0.8340996503829956,0.8285022377967834,0.8061493039131165,0.8391614556312561,False,Wyre at St Michaels,-0.005597412586212158,-0.02795034646987915,0.005061805248260498
72004,0.8184083700180054,0.8160468935966492,0.7852076888084412,0.8596001267433167,False,Lune at Caton,-0.002361476421356201,-0.03320068120956421,0.04119175672531128
72005,0.8177982568740845,0.8146941065788269,0.7855076789855957,0.8694570064544678,False,Lune at Killington,-0.0031041502952575684,-0.03229057788848877,0.0516587495803833
73005,0.8309516906738281,0.832594096660614,0.8001092672348022,0.8821179270744324,False,Kent at Sedgwick,0.0016424059867858887,-0.03084242343902588,0.05116623640060425
73010,0.930673897266388,0.9091814160346985,0.9152520298957825,0.9713146686553956,False,Leven at Newby Bridge,-0.021492481231689564,-0.01542186737060558,0.04064077138900757
73011,0.8603062629699707,0.8541251420974731,0.8454653024673462,0.8988255262374878,False,Mint at Mint Bridge,-0.006181120872497559,-0.014840960502624512,0.03851926326751709
74001,0.8527896404266357,0.8417342305183411,0.8366886377334595,0.8747894167900085,False,Duddon at Duddon Hall,-0.011055409908294678,-0.01610100269317627,0.021999776363372803
74006,0.8209583759307861,0.8185324668884277,0.7952753901481628,0.8445765376091003,False,Calder at Calder Hall,-0.0024259090423583984,-0.02568298578262329,0.02361816167831421
75003,0.8872408866882324,0.856515109539032,0.8728534579277039,0.9348377585411072,False,Derwent at Ouse Bridge,-0.03072577714920044,-0.014387428760528564,0.047596871852874756
75004,0.8834819197654724,0.8687755465507507,0.8551545143127441,0.9060654640197754,False,Cocker at Southwaite Bridge,-0.01470637321472168,-0.02832740545272827,0.02258354425430298
76005,0.791375994682312,0.7741239070892334,0.7683948874473572,0.8262290358543396,False,Eden at Temple Sowerby,-0.017252087593078613,-0.022981107234954834,0.03485304117202759
76007,0.9084781408309937,0.8999066352844238,0.9047395586967468,0.9390828609466552,False,Eden at Sheepmount,-0.008571505546569824,-0.003738582134246826,0.03060472011566151
76008,0.769978404045105,0.7769730687141418,0.7517850399017334,0.8032088279724121,False,Irthing at Greenholme,0.006994664669036865,-0.018193364143371582,0.03323042392730713
76011,0.7786538004875183,0.7810487151145935,0.8002451658248901,0.6873791217803955,False,Coal Burn at Coalburn,0.0023949146270751953,0.021591365337371826,-0.0912746787071228
77002,0.8560283780097961,0.854328453540802,0.8543601632118225,0.8664456009864807,False,Esk at Canonbie,-0.0016999244689941406,-0.0016682147979736328,0.01041722297668457
78003,0.9012569189071656,0.9040626883506775,0.8962543606758118,0.9170635938644408,False,Annan at Brydekirk,0.002805769443511852,-0.005002558231353871,0.01580667495727517
78004,0.8086646795272827,0.8082590699195862,0.7825497388839722,0.8209234476089478,False,Kinnel Water at Redhall,-0.0004056096076965332,-0.026114940643310547,0.012258768081665039
79002,0.87787264585495,0.8767597079277039,0.8698040843009949,0.8912978768348694,False,Nith at Friars Carse,-0.0011129379272460938,-0.008068561553955078,0.013425230979919434
79003,0.8252653479576111,0.8167572617530823,0.8209162950515747,0.8228667378425598,False,Nith at Hall Bridge,-0.008508086204528809,-0.004349052906036377,-0.0023986101150512695
79004,0.8652769327163696,0.8681071996688843,0.868061900138855,0.8683542013168335,False,Scar Water at Capenoch,0.0028302669525146484,0.0027849674224853516,0.003077268600463867
79005,0.8598678112030029,0.8634539246559143,0.8458186388015747,0.8728379011154175,False,Cluden Water at Fiddlers Ford,0.003586113452911377,-0.014049172401428223,0.01297008991241455
79006,0.854588508605957,0.8536742925643921,0.8527209162712097,0.8696620464324951,False,Nith at Drumlanrig,-0.0009142160415649414,-0.0018675923347473145,0.015073537826538086
80001,0.8561720848083496,0.8523526191711426,0.8506486415863037,0.8514257073402405,False,Urr at Dalbeattie,-0.0038194656372070312,-0.0055234432220458984,-0.004746377468109131
81003,0.8198868036270142,0.8167923092842102,0.7971044182777405,0.8128172755241394,False,Luce at Airyhemming,-0.003094494342803955,-0.02278238534927368,-0.007069528102874756
82001,0.8504511713981628,0.8540693521499634,0.8532995581626892,0.841329038143158,False,Girvan at Robstone,0.003618180751800537,0.002848386764526367,-0.009122133255004883
82003,0.815949022769928,0.815994381904602,0.796170711517334,0.8140963315963745,False,Stinchar at Balnowlart,4.5359134674072266e-05,-0.019778311252593994,-0.0018526911735534668
83003,0.7845497131347656,0.7825791835784912,0.7761159539222717,0.8015120029449463,False,Ayr at Catrine,-0.001970529556274414,-0.008433759212493896,0.016962289810180664
83004,0.8064320683479309,0.7996454834938049,0.8050646185874939,0.8054417371749878,False,Lugar Water at Langholm,-0.0067865848541259766,-0.0013674497604370117,-0.0009903311729431152
84001,0.8855218291282654,0.8882119655609131,0.8818371295928955,0.8776860237121582,False,Kelvin at Killermont,0.002690136432647705,-0.003684699535369873,-0.007835805416107178
84004,0.8785984516143799,0.8844010233879089,0.8726291656494141,0.9008769989013672,False,Clyde at Sills of Clyde,0.005802571773529053,-0.00596928596496582,0.022278547286987305
84005,0.8986324071884155,0.8958476781845093,0.8989420533180237,0.9110811352729796,False,Clyde at Blairston,-0.00278472900390625,0.0003096461296081543,0.012448728084564098
84008,0.8246136903762817,0.832018256187439,0.8276743292808533,0.8328392505645752,False,Rotten Calder Water at Redlees,0.0074045658111572266,0.003060638904571533,0.008225560188293457
84012,0.830905020236969,0.8270352482795715,0.8513535261154175,0.8459816575050354,False,White Cart Water at Hawkhead,-0.003869771957397461,0.020448505878448486,0.015076637268066406
84013,0.9067590832710266,0.9064831733703613,0.9118480682373047,0.9238070249557496,False,Clyde at Daldowie,-0.0002759099006652832,0.005088984966278076,0.01704794168472301
84014,0.8497427105903625,0.849760890007019,0.8429099917411804,0.8562813401222229,False,Avon Water at Fairholm,1.817941665649414e-05,-0.006832718849182129,0.0065386295318603516
84016,0.8217499256134033,0.8275045156478882,0.8446167707443237,0.8323900699615479,False,Luggie Water at Condorrat,0.005754590034484863,0.02286684513092041,0.010640144348144531
84017,0.8893805742263794,0.8781052827835083,0.8906670808792114,0.9131072163581848,False,Black Cart Water at Milliken Park,-0.011275291442871094,0.0012865066528320312,0.02372664213180542
84018,0.8804066181182861,0.8827595710754395,0.8824771642684937,0.9034870862960817,False,Clyde at Tulliford Mill,0.0023529529571533203,0.0020705461502075195,0.02308046817779552
84019,0.8293809294700623,0.8260656595230103,0.8290488719940186,0.8455159664154053,False,North Calder Water at Calderpark,-0.003315269947052002,-0.00033205747604370117,0.016135036945343018
84020,0.8216063976287842,0.8140696883201599,0.8101540803909302,0.8236380219459534,False,Glazert Water at Milton of Campsie,-0.007536709308624268,-0.011452317237854004,0.0020316243171691895
84022,0.803504228591919,0.7943049669265747,0.7908163666725159,0.806643009185791,False,Duneaton at Maidencots,-0.009199261665344238,-0.012687861919403076,0.0031387805938720703
85001,0.8583964705467224,0.8332405090332031,0.8433544039726257,0.908484935760498,False,Leven at Linnbrane,-0.025155961513519287,-0.01504206657409668,0.050088465213775635
85002,0.800796627998352,0.7924283742904663,0.7761430740356445,0.7989467978477478,False,Endrick Water at Gaidrew,-0.008368253707885742,-0.02465355396270752,-0.001849830150604248
85003,0.8342089056968689,0.8257807493209839,0.8307616710662842,0.8388579487800598,False,Falloch at Glen Falloch,-0.00842815637588501,-0.003447234630584717,0.004649043083190918
94001,0.917868971824646,0.907517671585083,0.9198408126831055,0.9344794154167176,False,Ewe at Poolewe,-0.010351300239562988,0.0019718408584594727,0.016610443592071644
97002,0.7452113032341003,0.7481366395950317,0.7613617181777954,0.7866145968437195,False,Thurso at Halkirk,0.0029253363609313965,0.01615041494369507,0.04140329360961914
101002,0.7557876706123352,0.7834700345993042,0.7996549606323242,0.776491641998291,False,Medina at Shide,0.027682363986968994,0.043867290019989014,0.02070397138595581
