gid,nse,kge,top1_nse,top1_bias_pct,q99_dist_bias_pct,coverage
6007,0.8824231028556824,0.8727899969367838,-1.674584150314331,-22.258514404296875,-14.579713821411133,0.5272644307551905
7001,0.6797429323196411,0.6489339617938548,-3.061978816986084,-44.126953125,-27.748334884643555,0.6550308008213552
7002,0.7327913045883179,0.7336823633254781,-0.8589121103286743,-39.19498825073242,-19.26885223388672,0.7052247319187771
7003,0.8154803514480591,0.8927383728985455,0.5646209716796875,-12.373751640319824,1.935744285583496,0.5096965548710929
8004,0.6581354737281799,0.5635192117820355,-5.112477779388428,-49.5814323425293,-41.95843505859375,0.5639972621492129
8005,0.707992672920227,0.6290562314462383,-3.403054714202881,-44.45913314819336,-28.993480682373047,0.3625370750627424
8006,0.7552051544189453,0.6597483136126383,-5.54634428024292,-37.71950149536133,-27.62511444091797,0.6609628108601414
8009,0.6812748908996582,0.6769621948142638,-4.303879737854004,-42.2281608581543,-20.62923240661621,0.5859000684462696
9002,0.8349714875221252,0.7738821782337206,-0.38373494148254395,-31.775421142578125,-14.423311233520508,0.6951859456992927
9003,0.8345491886138916,0.8646138662720865,-0.14421844482421875,-24.77899169921875,-10.282254219055176,0.5058179329226558
9005,0.713435173034668,0.6882134675044433,-2.8120949268341064,-40.35009765625,-31.838911056518555,0.7102441250285193
10002,0.8201531767845154,0.8216721063386534,0.26289963722229004,-26.31717300415039,-1.6515374183654785,0.7394478667579284
11001,0.8178924918174744,0.7183098222881583,0.002903461456298828,-31.742977142333984,-17.106420516967773,0.5484827743554643
11003,0.7460712194442749,0.652014244575021,-0.5283315181732178,-37.27349090576172,-26.5604248046875,0.566278804471823
12001,0.6925577521324158,0.5787921432973502,-0.9852678775787354,-46.204219818115234,-32.51162338256836,0.5644535706137349
12002,0.7752729654312134,0.667881570531742,-1.034217357635498,-37.60643768310547,-34.27632522583008,0.6119096509240246
14001,0.9149451851844788,0.8993845182885503,0.2984600067138672,-14.686006546020508,-4.892933368682861,0.754734200319416
14002,0.8466479182243347,0.8105603683241798,0.19890499114990234,-22.459339141845703,-9.534650802612305,0.7508555783709788
15006,0.8708916306495667,0.7375652154858996,-1.2452375888824463,-29.58478355407715,-22.2529296875,0.5322838238649327
15007,0.8633313775062561,0.7516857401914105,-1.4247124195098877,-26.266633987426758,-18.307220458984375,0.5208761122518822
15010,0.8268429040908813,0.7391082723211657,-1.0280263423919678,-35.12623977661133,-23.192607879638672,0.6018708647045403
15011,0.6989725828170776,0.6155981257917185,-5.304931640625,-50.228355407714844,-38.54392623901367,0.4086242299794661
15012,0.8144810795783997,0.7237362736732869,-3.362659454345703,-32.35024642944336,-21.641111373901367,0.5573807894136437
15013,0.7828774452209473,0.767843876391417,-1.4429497718811035,-36.08713150024414,-16.956758499145508,0.6958704083960757
16001,0.8816917538642883,0.8564395090548955,-0.3037606477737427,-19.90416717529297,-8.915699005126953,0.512890714122747
16003,0.7879851460456848,0.8072468832302115,-1.495194911956787,-29.270565032958984,-20.731956481933594,0.6732831394022359
16004,0.9133056402206421,0.8799994180523506,0.007390499114990234,-13.576680183410645,-8.083921432495117,0.5258955053616244
17001,0.814689576625824,0.8522044580434676,-0.10795700550079346,-24.056053161621094,-12.972068786621094,0.5281770476842346
17003,0.7964229583740234,0.7888605739259912,-0.25105714797973633,4.992437362670898,19.491886138916016,0.6445357061373489
17005,0.8853937387466431,0.8610366107133058,-1.1107401847839355,-16.00607681274414,-3.5274386405944824,0.8266027834816336
18001,0.805965781211853,0.8559319175245763,-0.6023420095443726,-21.375072479248047,-3.8187921047210693,0.7526808122290668
18002,0.7719094753265381,0.7394529581118787,-2.241783618927002,-38.00150680541992,-24.67818260192871,0.5151739452257587
18003,0.8575831651687622,0.8014858342885725,-2.6076455116271973,-34.62237548828125,-22.902376174926758,0.49121606205795115
19001,0.8730804324150085,0.87852897374727,-0.47248005867004395,-19.335275650024414,-6.7319512367248535,0.7385352498288843
19006,0.8515225648880005,0.893992750409729,-0.41733765602111816,-18.81920623779297,-7.3350725173950195,0.5464293862651152
19010,0.6025071144104004,0.765965092304054,-0.2458193302154541,5.703175067901611,31.53022575378418,0.3349304129591604
20002,0.8240574598312378,0.855286069601967,-1.0594477653503418,-27.842676162719727,-12.72147274017334,0.5363906000456309
20003,0.7743743658065796,0.8641728964585786,-1.090968132019043,-30.48976707458496,-7.843822479248047,0.48186173853524983
20007,0.7898080348968506,0.8464171767228023,-0.15861737728118896,-15.88161563873291,5.656993389129639,0.4513254113345521
21003,0.8731467127799988,0.808389981428449,-0.07712197303771973,-26.35360336303711,-11.939525604248047,0.3753137120693589
21006,0.8923983573913574,0.846992783117988,-0.2198481559753418,-23.134220123291016,-9.736090660095215,0.5731234314396532
21008,0.8500743508338928,0.8000972749607433,-0.3638521432876587,-30.470985412597656,-17.02309226989746,0.6671229751311887
21009,0.9004940986633301,0.804966820717573,-0.9894310235977173,-27.836740493774414,-19.574552536010742,0.5635409536846908
21011,0.8508520722389221,0.882178963985186,-0.5458306074142456,-25.16823959350586,-11.301374435424805,0.6919917864476386
21012,0.8629894852638245,0.8463319448954751,-0.05683457851409912,-27.078819274902344,-12.756168365478516,0.6171571982660279
21013,0.8137974739074707,0.8297767161541559,-2.2519240379333496,-29.701393127441406,-15.379738807678223,0.6627880447182295
21015,0.774046778678894,0.7991846020281899,-0.28533387184143066,-17.433940887451172,7.910811901092529,0.8256901665525895
21016,0.7612137794494629,0.6932767772813997,0.2052532434463501,-19.85897445678711,1.514875888824463,0.7004334930412959
21017,0.7879965305328369,0.8380946262820694,-0.45290040969848633,-17.30223846435547,-5.388861656188965,0.7154916723705225
21018,0.8385078310966492,0.8756355170919268,-0.6569628715515137,-26.315439224243164,-11.00517463684082,0.6173853524982889
21022,0.8354943990707397,0.8571076364839991,0.07353627681732178,-22.99126434326172,6.104803085327148,0.6858316221765913
21023,0.5908805727958679,0.6024484726258124,-2.4880642890930176,-51.00515365600586,-25.30757713317871,0.7960301163586585
21024,0.8318425416946411,0.8359272558204695,-0.0771111249923706,-22.72157096862793,-10.463052749633789,0.7321469313255761
22001,0.8871237635612488,0.8766069015239244,0.40687835216522217,-21.766132354736328,-7.501280307769775,0.5934291581108829
22006,0.8875823020935059,0.8738245018474993,0.6519371271133423,-13.666200637817383,-1.0514616966247559,0.5770020533880903
22007,0.8668411374092102,0.8742600974704838,0.2835044264793396,-23.660152435302734,-5.776208877563477,0.47433264887063653
22009,0.8563923835754395,0.8851866061771685,0.28769534826278687,-23.871952056884766,-7.972556114196777,0.5274925849874516
23001,0.8735095262527466,0.8423858491937755,0.4884754419326782,-16.601818084716797,-7.158410549163818,0.7476614191193247
23004,0.857083797454834,0.830327039773777,0.4000963568687439,-19.61876106262207,-5.7919206619262695,0.7955738078941365
23006,0.8481320142745972,0.8014116469183774,0.1720561981201172,-20.56678581237793,-13.007545471191406,0.7987679671457906
23007,0.805281400680542,0.7360902885342426,-0.3281686305999756,-34.71412658691406,-25.76594352722168,0.28952772073921973
23008,0.8236002922058105,0.7732233490628395,-0.025588274002075195,-30.119169235229492,-18.672197341918945,0.7651221182378453
23011,0.8092930912971497,0.7850169057399842,0.4008445143699646,-11.479520797729492,-6.44989013671875,0.8069374714742127
24001,0.8631455898284912,0.8448925434551557,0.13415271043777466,-21.92815589904785,-14.080452919006348,0.7065936573123431
24003,0.8077964186668396,0.7364831740607694,-0.2385106086730957,-34.47850799560547,-21.590518951416016,0.5455621301775148
24004,0.8037539720535278,0.7248601787044183,-0.5052664279937744,-13.558769226074219,-3.8275718688964844,0.8736025553274013
24005,0.8044675588607788,0.7243171171356699,0.19019639492034912,-24.854351043701172,-9.603155136108398,0.8111009593421654
25001,0.8444220423698425,0.8510814327777066,0.11666399240493774,-21.287948608398438,-17.868350982666016,0.592972849646361
25006,0.8030934929847717,0.815161509107902,-0.05681765079498291,-20.455657958984375,-11.887157440185547,0.6874287018024184
25012,0.835578978061676,0.893646634573276,0.3001341223716736,-2.7002334594726562,-2.006709575653076,0.6723705224731918
25020,0.827269971370697,0.8995846924310751,-0.08146703243255615,-4.778158664703369,4.029417037963867,0.3798767967145791
26003,0.868594765663147,0.8097720703370439,-35.9339599609375,-23.894851684570312,-21.785444259643555,0.25496461994978314
27001,0.8643712401390076,0.7835582438346276,-0.1797999143600464,-32.412742614746094,-25.732921600341797,0.6490187129164765
27003,0.904941737651825,0.824044028033787,-7.344980239868164,-13.084733963012695,-22.267526626586914,0.6497832534793521
27006,0.8254504203796387,0.7299008217759746,-0.06193435192108154,-34.560943603515625,-26.322162628173828,0.4022359114761579
27007,0.8548586368560791,0.8184028772801133,-0.0010008811950683594,-25.105846405029297,-11.337250709533691,0.7214236824093087
27009,0.9037172794342041,0.8909542556833414,-2.681431293487549,-7.8131914138793945,-11.503875732421875,0.7453798767967146
27021,0.8882718086242676,0.7675342202662265,-0.2940434217453003,-29.767942428588867,-22.560007095336914,0.5037645448323066
27023,0.8584451675415039,0.9199444159725645,0.266304612159729,-19.611167907714844,2.216160297393799,0.42596395163130274
27025,0.8332489132881165,0.741459095750415,-0.5087031126022339,-31.492942810058594,-21.69410514831543,0.18982432124115903
27026,0.8546341061592102,0.8237687864676674,0.000907599925994873,-27.356035232543945,-12.952608108520508,0.702258726899384
27029,0.8771987557411194,0.7750702144630592,0.05164468288421631,-25.44702911376953,-17.631261825561523,0.595254391968971
27030,0.868904173374176,0.7719737379614648,-0.8694243431091309,-31.396686553955078,-20.79458236694336,0.5284052019164955
27032,0.7910235524177551,0.8103093208519889,0.07509392499923706,-13.146286964416504,-5.775332450866699,0.7759525439196897
27034,0.8580303192138672,0.889241704410368,0.08125817775726318,-10.753690719604492,-8.945345878601074,0.7168605977640885
27035,0.8684744834899902,0.8918866967599955,-0.128470778465271,-13.093244552612305,-9.306782722473145,0.7485740360483687
27038,0.14205962419509888,0.6376571859201485,-2.972399950027466,-52.09663009643555,-6.325119972229004,0.20396988364134155
27042,0.8475987315177917,0.8270491893908659,0.08838856220245361,-21.410030364990234,-7.493227958679199,0.7326032397900981
27047,0.8424695730209351,0.8854261310679141,0.36763864755630493,-2.083021402359009,-1.0903000831604004,0.6876568560346794
27051,0.8523472547531128,0.8415729283214086,0.1394367218017578,-23.345745086669922,-11.082130432128906,0.7503992699064568
27071,0.836781919002533,0.8695665000545045,-1.6712617874145508,-13.915384292602539,-4.95021915435791,0.784166096281086
28001,0.5414317846298218,0.7330414520217661,-0.12256920337677002,-32.813499450683594,-9.685855865478516,0.36162445813369837
28008,0.8852692246437073,0.885591115443365,-0.7008284330368042,-18.702190399169922,-10.144006729125977,0.6557152635181382
28009,0.9272594451904297,0.866881407556584,-1.3612313270568848,-22.11638069152832,-14.290994644165039,0.5715263518138262
28012,0.8350598216056824,0.7902978522735765,-0.3450695276260376,-26.267654418945312,-10.46885871887207,0.7054528861510381
28018,0.8824948072433472,0.8412959181099633,-1.120697021484375,-21.460039138793945,-15.220218658447266,0.7248459958932238
28022,0.9102637767791748,0.8791103076107023,-3.3849005699157715,-19.615877151489258,-14.648490905761719,0.5601186402007757
28024,0.787466824054718,0.5933516367656617,-3.8819522857666016,-1.3081669807434082,0.1997828483581543,0.8617385352498289
28026,0.8260277509689331,0.8014527624965695,-0.3398181200027466,-31.6793212890625,-18.074005126953125,0.6452201688341319
28031,0.8293290138244629,0.7988468983477999,-1.7185814380645752,-30.1025333404541,-19.986183166503906,0.8336755646817249
28039,0.7628904581069946,0.8170270439595997,-0.25552189350128174,-30.282485961914062,-8.371627807617188,0.5788272872461784
28040,0.7939051389694214,0.7981847923821991,-0.17558133602142334,-23.966472625732422,-6.363022327423096,0.8142824549395391
28043,0.8525832891464233,0.7937499406318645,-0.03095841407775879,-30.851245880126953,-18.30514144897461,0.30321697467488024
28046,0.8839277625083923,0.8475929874790016,-0.055507779121398926,-18.62959861755371,-13.144695281982422,0.6365503080082136
28048,0.7824057936668396,0.7290791649206255,-1.861825942993164,-43.339229583740234,-25.800710678100586,0.7230207620351358
28050,0.8000316023826599,0.8268301657216339,-0.5700242519378662,-29.98485565185547,-14.459771156311035,0.5765828677839852
28052,0.7869179844856262,0.7367012888716236,-1.012031078338623,-35.12549591064453,-21.742366790771484,0.8616920152091255
28067,0.8532152771949768,0.7245828415839117,-3.968428134918213,-38.561676025390625,-35.94401550292969,0.4836869723933379
28080,0.8257911801338196,0.7581317742002164,-0.4066884517669678,-29.65874671936035,-16.411405563354492,0.3278576317590691
28082,0.8524637222290039,0.7340986737955896,-0.06396877765655518,-16.001182556152344,-1.365906000137329,0.836869723933379
28085,0.8942045569419861,0.7581278997149354,-0.40414607524871826,-26.000749588012695,-24.70840835571289,0.2377367100159708
29002,0.7985215187072754,0.8177811130540532,-0.7374804019927979,-32.42434310913086,-3.6829769611358643,0.378051562856491
29003,0.8501473665237427,0.8196122325282422,-1.3730525970458984,-30.311416625976562,-16.180627822875977,0.3351585671914214
29005,0.40330106019973755,0.27537494209210767,-19.40618133544922,-72.47530364990234,-64.21424102783203,0.44380995888533575
30001,0.8868892192840576,0.8904807208592722,-0.2877533435821533,-19.579612731933594,-13.505768775939941,0.6155601186402008
30004,0.6578594446182251,0.5522005139406856,-1.8836791515350342,-44.75908279418945,-29.162418365478516,0.13118868355007984
30005,0.8501120805740356,0.8405650990878721,-1.668118953704834,-28.248960494995117,-17.16681671142578,0.7602099018936801
30011,0.7533724904060364,0.708507224910784,-0.2172478437423706,-33.998573303222656,-17.18499755859375,0.4620123203285421
30012,0.7542962431907654,0.8246469659675599,-0.8845077753067017,-35.5975456237793,-2.9890894889831543,0.5542558486809358
30014,0.6875947713851929,0.4943520216421362,0.1684287190437317,-22.024267196655273,24.900663375854492,0.8633356148756559
31002,0.8089487552642822,0.6532524242561156,-0.7888827323913574,-24.31267547607422,-10.321998596191406,0.8019621263974447
31006,0.5474908351898193,0.6698050820706392,-5.381663799285889,-36.48240661621094,-2.1926283836364746,0.8877481177275839
31010,0.7223466038703918,0.7380465932352932,-0.8291736841201782,-33.530967712402344,-7.291608810424805,0.6246862879306411
31021,0.7926145195960999,0.7113642986114814,-31.657119750976562,-38.847923278808594,-29.674243927001953,0.814373998626688
31023,0.38598954677581787,-0.18272064729618642,0.07492268085479736,-11.039656639099121,27.513790130615234,0.9604130808950087
32003,0.6937552690505981,0.5991695579951535,0.1848798394203186,-29.29706573486328,14.322578430175781,0.8511334423930825
32004,0.8146823048591614,0.6881506067839543,-4.379962921142578,-31.701051712036133,-35.96531677246094,0.8425735797399042
32006,0.9130566120147705,0.8836135272594305,-2.899019956588745,-10.075580596923828,-10.611307144165039,0.7894367842953961
32008,0.8818472623825073,0.8320519931919615,-0.8056027889251709,-17.696744918823242,-10.078680038452148,0.7956422018348623
33006,0.641436755657196,0.7173063105559053,-5.26927375793457,-32.92202377319336,-14.811915397644043,0.3949349760438056
33007,0.8526649475097656,0.8711960344066729,-2.9796841144561768,-18.07522201538086,-12.191200256347656,0.6919917864476386
33012,0.7898248434066772,0.4774929806594488,-0.11269855499267578,-18.306320190429688,-13.168901443481445,0.8051562856490988
33013,0.6972802877426147,0.7423407619778027,-4.999931812286377,-26.868051528930664,-5.082589149475098,0.81222906684919
33014,0.8483022451400757,0.9101379461805563,-2.7750141620635986,-11.974584579467773,-3.426063060760498,0.5752984389348026
33018,0.8242453336715698,0.7113667604537378,-0.3302321434020996,-27.413719177246094,-5.7439985275268555,0.9160392425279489
33019,0.7338657379150391,0.8196843138614479,-1.467125415802002,-20.674556732177734,-1.4303207397460938,0.7501711156741958
33021,0.7420700788497925,0.7379984350609844,-15.049415588378906,-44.627403259277344,-36.07164001464844,0.3887748117727584
33022,0.8843743801116943,0.8508646567626262,-1.664475917816162,-26.076824188232422,-20.30451202392578,0.3406342687656856
33023,0.7619549632072449,0.734412261097688,-0.05717277526855469,-8.216529846191406,-0.7996141910552979,0.6331279945242985
33024,0.7957682609558105,0.7635493505857809,-0.3719668388366699,-15.108924865722656,-4.082327842712402,0.8594569929272188
33026,0.84702467918396,0.8373254828857385,-3.373727321624756,-26.8007755279541,-9.944021224975586,0.6983508932661475
33028,0.8394073843955994,0.8795933906953938,0.3193257451057434,-17.061662673950195,1.0486364364624023,0.6281086014145563
33029,0.802365779876709,0.7382396379614198,-4.367038726806641,-40.7935905456543,-20.936506271362305,0.37462924937257586
33031,0.6449018716812134,0.6107469159686458,-4.74928092956543,-54.372310638427734,-40.35536575317383,0.5009153318077804
33032,0.6682593822479248,0.8293430547891633,-60.922637939453125,-19.927120208740234,-17.341583251953125,0.4836869723933379
33033,0.7525810599327087,0.7405231908845937,-1.1845548152923584,-37.644378662109375,-19.923431396484375,0.4400548070335693
33034,0.7824355363845825,0.8300420138295146,-0.6898000240325928,-14.666849136352539,-0.3078579902648926,0.7611225188227242
33035,0.8194807767868042,0.8784346220543686,-0.8428411483764648,-4.877579212188721,3.931593894958496,0.6114873338349637
33039,0.765976071357727,0.8133413687492009,-3.3158369064331055,-29.719066619873047,-4.890036582946777,0.8128146453089244
33053,0.8079608082771301,0.8654324990716964,-2.063915967941284,-22.768051147460938,-17.270343780517578,0.49441022130960527
34002,0.8763973116874695,0.8431546005137055,0.3761250972747803,-17.937511444091797,-7.380980491638184,0.8067533652749258
34003,0.8686619400978088,0.8953327171213329,0.11748385429382324,-5.627143383026123,1.6872644424438477,0.7816563997262149
34004,0.7584559917449951,0.8254659518040243,-15.18223762512207,-1.6397535800933838,17.94326400756836,0.5715263518138262
34005,0.8074284195899963,0.856864440187143,-0.0697866678237915,-17.998092651367188,-0.9177267551422119,0.7654574492356834
34006,0.8187040090560913,0.7196978847302482,0.36632198095321655,-19.713788986206055,-0.7458150386810303,0.8681268537531371
34007,0.7088816165924072,0.7224062359958008,-0.8575853109359741,-38.76763153076172,-9.294229507446289,0.6116814966917636
34008,0.6771993637084961,0.8376308889076541,-2.5712881088256836,6.443119049072266,7.816839218139648,0.7323750855578371
34010,0.4847797751426697,0.5408841193516742,0.6435280442237854,-15.261697769165039,13.229918479919434,0.5817932922655715
34011,0.7704079151153564,0.8380018370850305,-1.0841834545135498,-8.094167709350586,9.065389633178711,0.7398297067171239
34012,0.7328183650970459,0.8483384427531724,-37.506919860839844,-31.078338623046875,-28.803146362304688,0.5163130276066621
35003,0.5289281606674194,0.4998341785248257,-1.8945937156677246,-63.99464416503906,-30.973703384399414,0.486652977412731
35008,0.8211128115653992,0.7203087313467995,0.15022486448287964,-23.246854782104492,3.654050827026367,0.7233597021870638
36003,0.7855154275894165,0.8087109290092488,-0.8289885520935059,-34.14449691772461,-15.67510986328125,0.6208076659822039
36006,0.6550003290176392,0.6084290775664787,-4.868546485900879,-18.880277633666992,2.6133298873901367,0.8731462468628793
36009,0.7271558046340942,0.48283514204481626,-0.12468528747558594,-28.469913482666016,-4.120635986328125,0.9233401779603012
36010,0.6698716878890991,0.4453773052727381,-0.17992901802062988,-27.144384384155273,-0.45794248580932617,0.8781656399726215
36011,0.7666612267494202,0.8088658079528319,-0.22494304180145264,-25.272727966308594,-3.7089765071868896,0.6552589550536162
36012,0.22837704420089722,0.27386684669845796,0.13067102432250977,-5.591142177581787,26.882183074951172,0.8430298882044261
37001,0.763801097869873,0.6731853507436951,-1.3144841194152832,-18.437374114990234,1.1008977890014648,0.9046315309148985
37003,0.6539549231529236,0.5282090784520705,-12.061573028564453,-51.556121826171875,-47.61643981933594,0.51585671914214
37005,0.8134901523590088,0.838452552282342,-1.460160255432129,-19.407373428344727,-12.13284683227539,0.6616472735569244
37008,0.8031408190727234,0.8339812492444462,-0.5923023223876953,-21.475255966186523,-8.808279037475586,0.6456764772986539
37009,0.8041795492172241,0.8350918535829259,-0.15064406394958496,-26.322959899902344,-11.235207557678223,0.270362765229295
37010,0.7192375659942627,0.8069809095295241,-1.6271841526031494,-20.316726684570312,-11.775928497314453,0.7213339424394701
37011,0.7888790965080261,0.6694680887012433,0.3057764768600464,-22.413284301757812,-0.7683098316192627,0.8700616579127655
37018,0.6477802395820618,0.6767742205612672,-0.35643506050109863,-40.00419235229492,-6.584101676940918,0.7205110654802647
37019,0.7298988103866577,0.7628270403838061,-0.49327218532562256,-31.252025604248047,-13.996386528015137,0.7371663244353183
37020,0.7426309585571289,0.6587000617080527,-1.6525542736053467,-41.75288772583008,-32.42964172363281,0.7214236824093087
38001,0.8338042497634888,0.9027439125440133,-0.09072756767272949,-23.7238712310791,-14.85888385772705,0.43052703627652295
38003,0.7445387840270996,0.8328982296549859,-5.556317329406738,-23.790586471557617,-16.831218719482422,0.49828884325804246
38007,0.7539032697677612,0.6849852616113621,-0.1834644079208374,-18.92400360107422,-4.930418968200684,0.7990331491712708
38014,0.7314202785491943,0.5396449084038566,-0.3784174919128418,-8.905839920043945,5.959129333496094,0.8868355007985398
38017,0.6928878426551819,0.8173663800488047,-2.8030757904052734,-13.283610343933105,-5.942481994628906,0.621492128678987
38018,0.8598679304122925,0.8427707733390206,-0.5057636499404907,-18.110191345214844,-11.527228355407715,0.6146475017111568
38021,0.7288893461227417,0.5636042650621982,0.0622897744178772,-22.016752243041992,1.0987162590026855,0.6406570841889117
39001,0.9055014252662659,0.880035702708726,-9.575139999389648,-24.648969650268555,-18.445980072021484,0.5653661875427789
39006,0.8990702033042908,0.8553702635070529,-13.460962295532227,-33.3484992980957,-25.578027725219727,0.3765403925148334
39007,0.8698613047599792,0.8304284354637349,-6.060302257537842,-19.431215286254883,-16.881752014160156,0.5638273578442566
39010,0.7792574167251587,0.8712212546606444,-1.1914827823638916,-20.418500900268555,-5.799478530883789,0.41546885694729635
39011,0.8402739763259888,0.7246273204503666,-3.834474563598633,-31.33269500732422,-32.758426666259766,0.3623089208304814
39012,0.6828731894493103,0.6706208246565617,-2.329577684402466,-31.5612850189209,-26.08100700378418,0.09057723020762035
39014,0.7256641387939453,0.7386827362040783,-19.643211364746094,-30.444509506225586,-25.852149963378906,0.3842117271275382
39016,0.7984170317649841,0.7922266716473023,-0.37683844566345215,-11.966287612915039,-0.6261885166168213,0.4706821811544604
39020,0.9404929280281067,0.8617814111789552,-10.747013092041016,-21.18731689453125,-16.05568504333496,0.6433949349760438
39021,0.8548819422721863,0.8721882049469557,0.21948176622390747,-10.949028015136719,-0.9008228778839111,0.7944330367328314
39022,0.8781071901321411,0.8996724209220858,-1.6064517498016357,-23.834503173828125,-15.806055068969727,0.4691921497033318
39023,0.5189826488494873,0.6933867795636066,-4.275680065155029,8.088529586791992,11.747514724731445,0.4948665297741273
39025,0.9052800536155701,0.9038231097894027,-1.1984813213348389,-12.52579116821289,-9.634262084960938,0.6687342062945095
39027,0.8003318309783936,0.8901122048002985,-1.5719518661499023,-31.073522567749023,-2.701002359390259,0.5249828884325805
39028,0.7916632294654846,0.7550036419413838,-0.06356990337371826,-1.635289192199707,2.564215660095215,0.8181610768879762
39029,0.7765591144561768,0.6856455169164727,-2.830822467803955,-24.8196964263916,-24.66062355041504,0.6050650239561944
39034,0.8938039541244507,0.9044389616726555,-0.6183228492736816,-7.909059524536133,7.1004509925842285,0.7362537075062743
39035,0.6694080233573914,0.7733608690953659,-9.805167198181152,-8.174782752990723,23.43583106994629,0.5484827743554643
39036,0.5758222341537476,0.6455433670007085,-0.6099324226379395,-27.357833862304688,-17.262304306030273,0.5981894150417827
39037,0.8947505950927734,0.8272742541931299,-1.7891321182250977,-26.830184936523438,-12.534564971923828,0.2804015514487794
39042,0.8104366660118103,0.7807331409472688,-14.854290962219238,7.3882341384887695,23.61212921142578,0.6695572797809219
39052,0.8533180952072144,0.9242854641501487,-0.37875354290008545,-14.108407974243164,9.094047546386719,0.5815068493150685
39061,0.6884846687316895,0.6246422617539882,-7.925415992736816,-26.207935333251953,-23.309463500976562,0.11702615878843506
39081,0.8402523994445801,0.8951047781772687,-0.19129574298858643,-19.25244903564453,13.293087005615234,0.569929272187999
40003,0.8932103514671326,0.8507279007055875,-0.40752577781677246,-26.595598220825195,-21.55698013305664,0.4307551905087839
40004,0.8576271533966064,0.8119074453517608,-0.6820889711380005,-33.518272399902344,-20.953113555908203,0.5066179826563213
40005,0.8519431948661804,0.7678942472382394,-0.4733719825744629,-29.254610061645508,-17.712242126464844,0.5975359342915811
40007,0.889331042766571,0.8408811734906677,-0.28962552547454834,-21.152448654174805,-22.783124923706055,0.7451517225644536
40009,0.7793729305267334,0.8693160325924736,0.355479896068573,-21.46832275390625,-2.9768824577331543,0.5331964407939768
40010,0.8386101126670837,0.7630474761288975,0.30423229932785034,-28.69439697265625,-12.381381034851074,0.5704177128509472
40011,0.8935992121696472,0.9363259170133388,-0.801592230796814,-5.746805667877197,-3.5158395767211914,0.5311430527036276
40012,0.787543535232544,0.7187149442254652,-1.6706159114837646,-24.945568084716797,-23.1116943359375,0.15240702715035365
40013,0.5879949331283569,0.4153443478045814,-3.5125298500061035,-57.92704772949219,-56.163875579833984,0.20419803787360255
40016,0.6611928939819336,0.6322233979220075,-0.8752119541168213,-48.86235046386719,-25.332897186279297,0.5237423601316408
40018,0.8039864301681519,0.6634261648909041,-1.01845383644104,-31.67005729675293,-32.523406982421875,0.5049053159936117
41001,0.5811516642570496,0.3253764877786688,-10.8638277053833,-59.106563568115234,-53.86678695678711,0.18366880146386094
41003,0.7672178149223328,0.653338401712388,-89.49459075927734,-42.434043884277344,-45.20056915283203,0.675336527492585
41005,0.8540619611740112,0.8017677258416984,0.35136663913726807,-14.378345489501953,-5.234652519226074,0.6810403832991102
41006,0.7297266721725464,0.7655554899419679,-1.707350730895996,-44.649009704589844,-21.885650634765625,0.351585671914214
41011,0.8263152837753296,0.8176227864500845,-0.08773469924926758,-30.308395385742188,-13.293027877807617,0.3461099703399498
41012,0.7823554277420044,0.6953115708216697,-6.308635234832764,-42.20366668701172,-38.8255615234375,0.5117499429614419
41013,0.7961812615394592,0.8017967231246038,-1.9228436946868896,-32.85084915161133,-18.665874481201172,0.5154004106776181
41014,0.6554127335548401,0.38722555762197197,0.24121487140655518,15.611433982849121,23.160648345947266,0.658643832446193
41016,0.8253641128540039,0.8259641781772646,-0.997961163520813,-30.883800506591797,-16.602970123291016,0.48574036048368696
41019,0.8192188739776611,0.8131042132828405,-0.3341752290725708,-21.4012451171875,-15.038108825683594,0.6932056969413962
41020,0.7951443195343018,0.7507314436925914,-1.8223652839660645,-30.74744987487793,-11.193662643432617,0.8506849315068493
41022,0.833199679851532,0.7520809982884412,0.34527671337127686,-16.326135635375977,-1.142418384552002,0.8085785991330139
41023,0.8366162180900574,0.6844635794955333,-15.880970001220703,-27.453405380249023,-19.883268356323242,0.890485968514716
41025,0.8302252292633057,0.7358798565618118,-0.6977826356887817,-21.786672592163086,-20.759981155395508,0.6139630390143738
41027,0.704888105392456,0.6921094843967279,-0.785103440284729,-44.92247772216797,-28.102142333984375,0.48574036048368696
41028,0.7244524955749512,0.7042814134148407,-1.9009864330291748,-33.687896728515625,-10.359406471252441,0.7492584987451517
42001,0.697670042514801,0.5973253904372109,-0.3912914991378784,-29.414236068725586,-3.071969747543335,0.6322153775952544
42003,0.838038980960846,0.8218936084063484,-1.2133684158325195,-30.617034912109375,-23.06779670715332,0.6571031929662193
42004,0.9192847609519958,0.8826009237737134,-35.840576171875,-10.788220405578613,-9.274471282958984,0.5434633812457221
42006,0.9186899065971375,0.9145372547530181,-4.903228282928467,-23.109561920166016,-16.87857437133789,0.5726671229751312
42008,0.8692871332168579,0.8285246137960323,-6.121981620788574,-35.601627349853516,-26.017438888549805,0.3896874287018024
42010,0.9152327179908752,0.8636824069715923,-2.6638293266296387,-20.225746154785156,-10.635560989379883,0.43136797949195993
42011,0.7488940954208374,0.7791963616883933,-1.1322388648986816,-34.845340728759766,-19.55132484436035,0.46132785763175904
43005,0.9269936084747314,0.8842016733828141,-2.2988836765289307,-26.254981994628906,-16.429168701171875,0.6417978553502167
43006,0.9139561057090759,0.9495644854226171,-0.2043144702911377,-15.817058563232422,-5.159449577331543,0.5111872146118721
43007,0.8747211694717407,0.8832903573567373,-1.5937867164611816,-26.45353126525879,-16.34628677368164,0.5094684006388318
43008,0.9074471592903137,0.894296293577781,-4.802531719207764,-25.678592681884766,-15.529865264892578,0.5991330139174081
43009,0.8897580504417419,0.8407396774434608,-0.736259937286377,-23.158926010131836,-20.28661346435547,0.6810403832991102
43014,0.8607330918312073,0.852313322806416,-0.9794046878814697,-25.187891006469727,-17.556726455688477,0.5565455791638109
43017,0.8357071876525879,0.8571461582497717,-1.247488021850586,-33.96876907348633,-19.124698638916016,0.44457142857142856
44001,0.9554245471954346,0.9640884937483594,-11.343866348266602,7.597661018371582,3.904855251312256,0.5831622176591376
44002,0.8683332800865173,0.8056657718901791,-348.35009765625,-27.5787410736084,-25.378751754760742,0.3575176819530002
44006,0.9072539210319519,0.8356380649399099,-5.581384658813477,-23.148345947265625,-18.904369354248047,0.38786219484371437
45001,0.9012942314147949,0.8470405115319855,-1.2388064861297607,-28.371179580688477,-19.039886474609375,0.5140314852840521
45003,0.8376402258872986,0.8211650557059977,-0.44756150245666504,-33.1739616394043,-12.66622543334961,0.6395163130276067
45004,0.79721999168396,0.7844751448299341,-0.3859039545059204,-36.92939758300781,-15.592676162719727,0.6230892083048141
45005,0.7996855974197388,0.8327237519505399,-0.24589824676513672,-28.525596618652344,-12.65578842163086,0.4699977184576774
45009,0.9129699468612671,0.8589317695029397,0.05451780557632446,-22.551786422729492,-10.987293243408203,0.5185945699292722
45012,0.8295131921768188,0.8335834073004537,-1.2864835262298584,-35.572086334228516,-15.300142288208008,0.38033310517910107
46003,0.897224485874176,0.8687261641023323,0.22052615880966187,-24.477249145507812,-9.05160903930664,0.6689482089892768
46005,0.8315197229385376,0.8162196818674826,0.07119965553283691,-27.599811553955078,-10.2635498046875,0.7645448323066393
47001,0.9248645305633545,0.9057125895581121,-0.24229967594146729,-20.4080753326416,-11.475425720214844,0.6066621035820214
47004,0.9227897524833679,0.9087847595946765,0.1828860640525818,-18.603240966796875,-5.417436599731445,0.4510609171800137
47008,0.8122841119766235,0.7735386826824351,0.22019803524017334,-8.695178985595703,4.671049118041992,0.7189139858544376
47009,0.9276121258735657,0.8911592703945584,0.08154863119125366,-19.263351440429688,-13.178610801696777,0.6858316221765913
48004,0.9009032249450684,0.9370930810998233,-1.0371840000152588,-19.5218563079834,-1.392066478729248,0.44763860369609854
48005,0.9105560183525085,0.819474771073262,-1.2107152938842773,-23.422218322753906,-17.380136489868164,0.27652292950034224
48011,0.9292212128639221,0.957694940575968,0.1749463677406311,-13.706856727600098,-3.2792866230010986,0.48254620123203285
49002,0.920532763004303,0.9156002822714431,-0.5785712003707886,-18.532323837280273,-8.489322662353516,0.6319872233629934
49004,0.8688552379608154,0.8011929039091245,-1.7182772159576416,-35.89865493774414,-22.46636199951172,0.3203285420944558
50001,0.922819197177887,0.9019602088153718,-0.22433149814605713,-21.199190139770508,-12.282866477966309,0.6148756559434178
50002,0.888014018535614,0.8370799655662615,-0.2579556703567505,-22.337276458740234,-13.559728622436523,0.7410798122065728
50006,0.9174481630325317,0.9156095526364066,-0.16244184970855713,-22.009700775146484,-12.490903854370117,0.49121606205795115
51001,0.8939148783683777,0.817192301521023,-0.3873634338378906,-23.51831817626953,-17.2513370513916,0.22313483915126625
52004,0.8554869294166565,0.8954583316351699,-0.2804008722305298,-23.98134422302246,-11.45167350769043,0.6055213324207164
52005,0.8898258209228516,0.8609812243961107,-0.4789069890975952,-28.399240493774414,-16.985977172851562,0.7419575633127995
52006,0.8558609485626221,0.8471108578283216,-0.6452529430389404,-28.187841415405273,-20.058042526245117,0.648414328085786
52007,0.8401927351951599,0.7854571582261374,-0.381994366645813,-30.998022079467773,-12.220727920532227,0.543235227013461
52009,0.8612726330757141,0.7553534951640346,-4.944155216217041,-28.368270874023438,-17.98021697998047,0.6274241387177732
52010,0.8443243503570557,0.7953500556021678,-1.1487462520599365,-32.84376907348633,-13.234686851501465,0.7549623545516769
52011,0.8565002679824829,0.7631726801756591,-7.170373916625977,-14.58895206451416,-14.037328720092773,0.8966461327857632
52016,0.8225255608558655,0.799645100113533,-0.8173649311065674,-16.610383987426758,-9.295934677124023,0.2993383527264431
53005,0.9095558524131775,0.8657234718113461,-0.8672444820404053,-27.421998977661133,-14.049530029296875,0.5897786903947069
53006,0.8445550203323364,0.7273625718384572,-0.10544002056121826,-17.866605758666992,-2.9407382011413574,0.8653890029660051
53007,0.8916925191879272,0.8822691614411357,-0.8478438854217529,-24.153541564941406,-8.645624160766602,0.7068218115446041
53008,0.8131968975067139,0.76013056490872,-0.8648918867111206,-30.171567916870117,-11.209333419799805,0.6698608259183207
53009,0.9190236330032349,0.8990974432454606,-0.9858400821685791,-17.877513885498047,-12.799721717834473,0.6632443531827515
53013,0.8697623014450073,0.8372785257962487,-1.1168615818023682,-25.270414352416992,-10.571545600891113,0.7946611909650924
53018,0.8660380840301514,0.7730545667694056,-0.1658557653427124,-16.25971221923828,-8.653288841247559,0.6518779342723005
54001,0.8890359997749329,0.852479912838775,-4.060758113861084,-24.546485900878906,-14.975273132324219,0.5347935204198038
54002,0.8841424584388733,0.873827784197948,-2.216304302215576,-26.660860061645508,-21.218931198120117,0.5284052019164955
54003,0.6547616720199585,0.6917214551756358,-1.0241765975952148,-40.16463088989258,-23.460376739501953,0.5007985398129136
54004,0.8538853526115417,0.8316035839613466,0.03209012746810913,-25.84282112121582,-10.108810424804688,0.6676049730236923
54005,0.8883665204048157,0.9061293151790976,-1.5589361190795898,-12.932914733886719,-2.735424041748047,0.6504677161761351
54007,0.715695858001709,0.7246042889191076,-1.215580940246582,-45.45741271972656,-27.530426025390625,0.5448323066392882
54008,0.9096301794052124,0.7747187849861581,-0.41327035427093506,-24.685508728027344,-19.257217407226562,0.5423226100844171
54012,0.895715057849884,0.9475381318019851,-7.0003557205200195,5.4540276527404785,0.3723025321960449,0.5843029888204426
54015,0.692785382270813,0.6914094128493393,-0.4795938730239868,-45.92831802368164,-7.096117973327637,0.35660506502395617
54017,0.7800554037094116,0.6462857001550233,-3.6300344467163086,-42.12184143066406,-39.92756652832031,0.5373032169746749
54018,0.8862626552581787,0.7903214149894183,-0.18272912502288818,-25.60824203491211,-18.062204360961914,0.49920146018708644
54019,0.7193642854690552,0.7987693370586357,-1.8765828609466553,-36.03677749633789,-10.74371337890625,0.6771617613506731
54020,0.8707338571548462,0.8133945168914609,-4.563019275665283,-11.892104148864746,-13.425827026367188,0.49007529089664614
54024,0.846948504447937,0.7828754462247209,-0.07555818557739258,-22.87217903137207,-13.652390480041504,0.27218799908738306
54025,0.9169380068778992,0.8845400174624685,0.34549856185913086,-13.635492324829102,-4.016179084777832,0.7770933150809948
54027,0.8943525552749634,0.822786897023116,-8.606639862060547,-29.576343536376953,-25.936676025390625,0.5215605749486653
54028,0.9061573147773743,0.8538384776201335,-0.10373175144195557,-27.126699447631836,-18.120723724365234,0.507074395253309
54029,0.9050183892250061,0.7912090326610948,-1.5109186172485352,-22.89462661743164,-16.579914093017578,0.5477983116586813
54032,0.8977524638175964,0.858215560251082,-6.056794166564941,-11.748790740966797,-6.464034080505371,0.5931506849315068
54034,0.6024312973022461,0.605335828464651,0.08404946327209473,-33.194576263427734,4.899382591247559,0.7332877024868811
54036,0.8169809579849243,0.7659104333426376,-0.3803977966308594,-30.41534423828125,-15.068536758422852,0.8041590493601463
54044,0.7413970232009888,0.6483983425735109,0.13031160831451416,-38.59833526611328,-13.977205276489258,0.5902349988592288
54052,0.8444085121154785,0.7810592439097761,0.3610497713088989,-24.266040802001953,-6.578457355499268,0.3839835728952772
54057,0.9052047729492188,0.8810077669330473,-3.935997486114502,-17.460430145263672,-5.304884910583496,0.5507042253521127
55002,0.9074364304542542,0.8269302947222954,-0.8126482963562012,-23.341386795043945,-20.848793029785156,0.517121702915317
55007,0.9051752686500549,0.8760616228384552,-0.5654003620147705,-26.693218231201172,-17.538625717163086,0.648186173853525
55008,0.8434647917747498,0.8606416620821303,-0.0765376091003418,-18.24592399597168,-9.98643684387207,0.724220052393427
55013,0.9087359309196472,0.9243303229799997,-0.5180587768554688,-16.03575897216797,-4.01741886138916,0.5366187542778919
55014,0.867276668548584,0.7156605576364257,-0.9275064468383789,-34.67288589477539,-26.911550521850586,0.538215833903719
55016,0.8838788866996765,0.8245681578767402,-0.7403945922851562,-28.631465911865234,-13.504743576049805,0.6454312950476634
55018,0.8083613514900208,0.7302835041332338,-1.3124759197235107,-29.810476303100586,-15.448368072509766,0.8329911019849419
55021,0.9183917045593262,0.8165707083246468,-0.5589394569396973,-17.177968978881836,-18.30291748046875,0.7152635181382615
55023,0.9192638397216797,0.8827905074827038,-1.2576677799224854,-17.580062866210938,-13.223897933959961,0.6641569701117955
55025,0.8645741939544678,0.8497528219868291,-0.3715839385986328,-29.39739227294922,-8.673917770385742,0.3990417522245038
55026,0.8791258335113525,0.853838697009304,-0.15103065967559814,-25.689023971557617,-6.164175033569336,0.7383070955966233
55029,0.8292234539985657,0.8223803521564178,-0.38007164001464844,-28.074234008789062,-10.845452308654785,0.7663700661647274
55032,0.6505396366119385,0.7642099891870197,-1.4884037971496582,-36.226200103759766,-19.132577896118164,0.4269406392694064
56001,0.9223667979240417,0.8729079517992113,-0.03920090198516846,-23.76995086669922,-15.738469123840332,0.5471138489618983
56007,0.9097003936767578,0.8980645820310061,0.7394428849220276,-4.8003435134887695,1.3011693954467773,0.7387634040611454
56013,0.9155558943748474,0.9026062824589131,0.18763071298599243,-15.816664695739746,-6.627368927001953,0.7522245037645449
57004,0.9073413610458374,0.8381907654420737,-0.17514002323150635,-24.91435432434082,-16.77092933654785,0.5037645448323066
57005,0.9022727608680725,0.8012236719270691,-0.44352495670318604,-27.813810348510742,-18.96072006225586,0.39037189139858547
57006,0.9048469066619873,0.828712370811858,-0.0933985710144043,-24.711917877197266,-20.26268768310547,0.7175450604608715
57007,0.8509937524795532,0.7310987340173788,-0.44579994678497314,-35.516815185546875,-24.735700607299805,0.34223134839151265
57008,0.9229320287704468,0.856611991903559,-0.14124774932861328,-20.084583282470703,-14.873891830444336,0.39310974218571754
58001,0.8740799427032471,0.7829077465906196,-0.2470250129699707,-31.604511260986328,-21.006805419921875,0.5772302076203514
58006,0.8888675570487976,0.8582242291494673,0.3760579824447632,-21.589683532714844,-11.232942581176758,0.6430853491556366
58008,0.8776060342788696,0.8117732289883244,-0.20429670810699463,-29.023344039916992,-19.584156036376953,0.702943189596167
58009,0.8645914793014526,0.860541897091651,-0.06766986846923828,-23.922794342041016,-7.960689067840576,0.7472051106548027
59001,0.8351652026176453,0.7868973824317419,-0.3886226415634155,-33.46306228637695,-19.70583724975586,0.5224731918777094
60002,0.8419273495674133,0.7374069661793788,-0.306535005569458,-39.644527435302734,-24.38766860961914,0.48574036048368696
60003,0.8739579319953918,0.8610502606562347,-4.356792449951172,-31.637937545776367,-20.763259887695312,0.7501711156741958
60005,0.8892187476158142,0.9167875839000401,0.12831628322601318,-21.662670135498047,-6.901031494140625,0.6299338352726443
60006,0.8754053115844727,0.7937472591912779,0.16037452220916748,-27.713834762573242,-15.14294147491455,0.4556240018252339
60010,0.8916425704956055,0.7758046558921852,0.1126219630241394,-31.18768882751465,-19.847471237182617,0.6182979694273328
61002,0.8488860726356506,0.8185743900712381,-2.978630781173706,-33.28662109375,-25.191951751708984,0.7684234542550764
62001,0.9128983616828918,0.8302290445329839,0.12077456712722778,-27.191316604614258,-20.924489974975586,0.7157198266027834
63001,0.8575841784477234,0.7765549186649068,-0.7068674564361572,-34.675872802734375,-24.58342933654785,0.7449235683321925
64002,0.7628484964370728,0.8370278467759915,-0.14448928833007812,-29.070966720581055,5.265450477600098,0.6424823180469997
65001,0.849743664264679,0.7955981963994112,-0.24839401245117188,-24.51571273803711,-15.818953514099121,0.8268309377138946
65005,0.7663922905921936,0.821547459001855,-1.270195484161377,-27.442020416259766,-7.650041580200195,0.7129819758156514
65008,0.7967089414596558,0.7525268271540074,-0.6720385551452637,-30.518787384033203,-15.031022071838379,0.8202144649783254
66001,0.8784785270690918,0.7539957710754268,-1.6178524494171143,-26.583332061767578,-24.506187438964844,0.6169290440337668
66004,0.8784632682800293,0.8017351536676965,-0.6896580457687378,-27.96473503112793,-18.23784065246582,0.5268081222906685
66011,0.8404983878135681,0.831682702212955,-0.1662389039993286,-29.095924377441406,-12.883710861206055,0.6107688797627197
67001,0.8937046527862549,0.8711110470892118,0.3222131133079529,-12.729215621948242,-3.906261920928955,0.728952772073922
67006,0.886852502822876,0.8420923197203024,0.04010629653930664,-23.67090606689453,-6.4843950271606445,0.6424823180469997
67008,0.8717615604400635,0.7954937268042102,-1.018873691558838,-26.82746696472168,-25.001312255859375,0.541181838923112
67015,0.8977915644645691,0.8558926639373918,0.2748202681541443,-17.395151138305664,-8.885640144348145,0.6367784622404745
67018,0.863295316696167,0.7729100840772666,-0.46834397315979004,-22.995864868164062,-12.143707275390625,0.83888635326335
68001,0.9105829000473022,0.8021700680281515,0.20659464597702026,-21.302635192871094,-19.367324829101562,0.5001140771161305
68003,0.844343364238739,0.7018726475100596,-0.5830389261245728,-35.2008171081543,-29.195266723632812,0.3974446725986767
68004,0.7378449440002441,0.6141833645714085,-1.202864170074463,-49.749786376953125,-37.88501739501953,0.7389915582934063
68005,0.7169824838638306,0.48267707195192966,-0.7971878051757812,-38.577545166015625,-42.50198745727539,0.5192790326260552
69002,0.8641706705093384,0.8133016756359617,0.40421563386917114,-22.446245193481445,-13.998746871948242,0.8229523157654575
69015,0.8146786689758301,0.7940920492461983,-0.3758338689804077,-20.727336883544922,-6.135564804077148,0.5172256445357062
69027,0.868511438369751,0.8190839386612805,-0.0514836311340332,-24.738800048828125,-14.325785636901855,0.748564867967853
71001,0.8852812647819519,0.8797395959310129,0.15867149829864502,-20.05837631225586,-14.423686027526855,0.6675792835957107
71004,0.880842387676239,0.8274398147165439,0.33423131704330444,-23.851764678955078,-17.856353759765625,0.6648414328085785
71006,0.8823087215423584,0.8801431586103157,0.14409780502319336,-8.326387405395508,-8.369731903076172,0.7629477526808123
72002,0.8517807722091675,0.8434054426355876,-0.36473357677459717,-17.420185089111328,-13.768863677978516,0.7786903947068218
72004,0.8484322428703308,0.8662208749000616,0.4240061640739441,-21.118980407714844,-5.392301082611084,0.6637753937457201
72005,0.8671312928199768,0.8824704024591508,0.49160057306289673,-15.925150871276855,-8.082890510559082,0.6342687656856034
73005,0.8774501085281372,0.8725094369528803,0.4872781038284302,-19.976211547851562,-8.691417694091797,0.602112676056338
73010,0.9463244080543518,0.9037224091761096,0.4164445996284485,-16.929180145263672,-11.78857707977295,0.5852156057494866
73011,0.8982259631156921,0.8988245702549795,0.5413099527359009,-16.585285186767578,-7.976203918457031,0.6043805612594113
74001,0.8577090501785278,0.8871216770897463,0.41500210762023926,-15.707147598266602,-9.219389915466309,0.7065936573123431
74006,0.8423858880996704,0.8529309198469612,-0.4959605932235718,-24.2701473236084,-11.041474342346191,0.7150353639060004
75003,0.9201900959014893,0.9087781523409532,0.5936800241470337,-14.308452606201172,-9.52926254272461,0.5760894364590463
75004,0.9046393036842346,0.9063177770404912,0.5742812156677246,-15.072089195251465,-5.640369415283203,0.6417978553502167
76005,0.8199331164360046,0.7769897804885112,0.34003305435180664,-28.504497528076172,-17.29121208190918,0.6132785763175906
76007,0.9199585914611816,0.8856952462382763,0.46516501903533936,-18.803829193115234,-11.977714538574219,0.5918320784850559
76008,0.80829918384552,0.7609850158481989,-0.5234071016311646,-33.28862762451172,-16.68582534790039,0.7729865389002966
76011,0.6307363510131836,0.4057373935943859,0.5583615303039551,-8.996152877807617,8.864808082580566,0.8856020337416224
77002,0.8570501804351807,0.8628613300161199,0.23123395442962646,-18.859338760375977,-3.652036190032959,0.7912388774811773
78003,0.9135081768035889,0.9056205445227025,0.3314542770385742,-10.464900970458984,-5.480175971984863,0.7604380561259412
78004,0.8254157900810242,0.8349551084266069,-0.9286371469497681,-24.74370002746582,-16.541593551635742,0.7097878165639973
79002,0.8906017541885376,0.8752930097084152,-0.13784253597259521,-17.184370040893555,-11.430871963500977,0.7168605977640885
79003,0.7996141910552979,0.8384345281534982,-0.5737053155899048,-19.776321411132812,0.5125164985656738,0.7430983344741044
79004,0.8735381960868835,0.8685354665830511,-0.20281744003295898,-16.42559242248535,-14.392513275146484,0.7499429614419347
79005,0.869933009147644,0.8952320682752879,-0.3344491720199585,-19.499755859375,-7.559365272521973,0.7241615331964408
79006,0.8667640686035156,0.8621682804224904,-0.4829672574996948,-19.566577911376953,-8.46700668334961,0.7597535934291582
80001,0.8464245200157166,0.8171877474995106,-0.19903624057769775,-19.09406280517578,-1.066523790359497,0.8580880675336527
81003,0.797061562538147,0.7745517692225434,0.1750633716583252,-8.42597484588623,2.7466535568237305,0.8240930869267625
82001,0.8537489771842957,0.8814993343213348,-0.9252276420593262,-17.792724609375,-4.8892974853515625,0.6792151494410221
82003,0.8342223167419434,0.8237187618094639,-1.6048381328582764,-29.302871704101562,-16.108924865722656,0.702715035363906
83003,0.8007383346557617,0.8368077985900885,-1.6668894290924072,-25.18256950378418,-11.213933944702148,0.6365503080082136
83004,0.806319534778595,0.8290492842310702,-0.6583559513092041,-24.223846435546875,-4.685616493225098,0.6867442391056354
84001,0.8794642090797424,0.777862121827978,-2.0060815811157227,-22.846454620361328,-21.493423461914062,0.7200547570157426
84004,0.8884304761886597,0.8401898430705053,-0.10451698303222656,-21.662933349609375,-13.957428932189941,0.6532055669632671
84005,0.892717182636261,0.830690591100843,-1.34208083152771,-19.903308868408203,-17.753292083740234,0.7259867670545289
84008,0.8372065424919128,0.8060014907931432,-1.5957672595977783,-25.602441787719727,-17.917274475097656,0.7702486881131645
84012,0.8227202296257019,0.7575153241104261,-0.5495222806930542,-7.563477516174316,7.793009281158447,0.8854665754049738
84013,0.9020563364028931,0.8578062673296953,-0.6640914678573608,-17.00178337097168,-12.784088134765625,0.7994524298425736
84014,0.8416004776954651,0.8435669020955665,-0.6710458993911743,-14.251727104187012,2.657806873321533,0.7517681953000228
84016,0.7825983762741089,0.7081171128648946,0.4144626259803772,6.909584999084473,30.278884887695312,0.7645448323066393
84017,0.7465983629226685,0.8324929289669178,-2.225476026535034,-17.18001937866211,6.000006198883057,0.7200547570157426
84018,0.8960252404212952,0.8757509310987182,0.11609631776809692,-12.092775344848633,-4.792016983032227,0.811772758384668
84019,0.8223458528518677,0.7357299897663787,-0.22303998470306396,-23.689311981201172,-9.331107139587402,0.8733744010951403
84020,0.8167502880096436,0.8185012898292229,0.15198230743408203,-22.612953186035156,-5.91251277923584,0.7978553502167465
84022,0.8176034092903137,0.7999536997116069,-2.1374852657318115,-27.472644805908203,-17.830276489257812,0.7670545288615104
85001,0.8312336802482605,0.8556699265513652,-13.965779304504395,-14.218372344970703,-8.896082878112793,0.5808806753365275
85002,0.7922609448432922,0.8036564027396376,-2.8713228702545166,-36.61865997314453,-23.903608322143555,0.6872005475701575
85003,0.7974951267242432,0.8027611081730907,-1.359290361404419,-6.585759162902832,-5.980783462524414,0.6894820898927675
94001,0.9313681125640869,0.9071436970668901,-0.3637547492980957,-12.609683990478516,-8.386868476867676,0.6814966917636323
97002,0.6910413503646851,0.621174274145468,-0.11299264430999756,-30.115581512451172,-16.89413833618164,0.9002966005019393
101002,0.754497230052948,0.7272288542999352,-1.4450573921203613,-38.65154266357422,-21.849287033081055,0.26899383983572894
